ticket_id,customer_id,open_date,category,channel,resolution_hours,first_contact_resolution,sentiment_label,ticket_text
T0000001,C000001,2025-10-08,Technical Support,Call Center,17.5,No,Negative,Masalah teknis berulang meskipun sebelumnya sudah ditangani.
T0000002,C000004,2026-06-21,Network,WhatsApp,13.1,Yes,Neutral,Pelanggan menanyakan status gangguan jaringan di wilayahnya.
T0000003,C000005,2025-09-07,Billing,WhatsApp,23.2,No,Negative,Pelanggan keberatan dengan tagihan dan meminta penjelasan rinci.
T0000004,C000005,2026-03-06,Billing,Mobile App,15.6,Yes,Negative,Terdapat selisih pada tagihan bulanan yang dikeluhkan pelanggan.
T0000005,C000005,2026-03-26,Network,Call Center,13.6,No,Negative,Pelanggan mengeluhkan jaringan tidak stabil di area rumah.
T0000006,C000006,2026-03-02,Network,Call Center,16.2,Yes,Negative,Koneksi sering terputus dan pelanggan meminta perbaikan segera.
T0000007,C000007,2026-06-02,Network,Email,10.1,No,Negative,Koneksi sering terputus dan pelanggan meminta perbaikan segera.
T0000008,C000007,2026-02-05,Billing,Mobile App,19.4,No,Neutral,Pelanggan menanyakan rincian tagihan bulan berjalan.
T0000009,C000007,2026-06-04,Network,WhatsApp,20.8,No,Neutral,Pelanggan menanyakan status gangguan jaringan di wilayahnya.
T0000010,C000009,2025-10-14,Technical Support,Mobile App,12.1,No,Negative,Masalah teknis berulang meskipun sebelumnya sudah ditangani.
T0000011,C000009,2026-06-18,Network,WhatsApp,3.8,Yes,Negative,Koneksi sering terputus dan pelanggan meminta perbaikan segera.
T0000012,C000009,2026-07-02,Billing,Call Center,10.1,Yes,Negative,Pelanggan keberatan dengan tagihan dan meminta penjelasan rinci.
T0000013,C000010,2026-04-04,Account,Call Center,4.4,Yes,Negative,Pelanggan kesulitan mengakses akun dan merasa proses terlalu rumit.
T0000014,C000010,2026-02-20,Network,WhatsApp,14.6,No,Negative,Koneksi sering terputus dan pelanggan meminta perbaikan segera.
T0000015,C000011,2026-06-17,Network,Call Center,7.6,No,Positive,Gangguan jaringan telah selesai dan layanan kembali normal.
T0000016,C000011,2026-01-10,Billing,Call Center,10.5,Yes,Positive,Penjelasan tagihan diterima dan masalah dinyatakan selesai.
T0000017,C000011,2026-07-20,Technical Support,WhatsApp,6.2,No,Positive,Panduan teknis berhasil dan layanan dapat digunakan kembali.
T0000018,C000012,2026-07-19,Account,Mobile App,4.2,Yes,Neutral,Permintaan perubahan data akun pelanggan.
T0000019,C000012,2026-06-17,Billing,Email,31.9,Yes,Negative,Pelanggan keberatan dengan tagihan dan meminta penjelasan rinci.
T0000020,C000012,2025-11-19,Technical Support,Mobile App,4.1,Yes,Positive,Panduan teknis berhasil dan layanan dapat digunakan kembali.
T0000021,C000013,2026-03-26,Technical Support,Mobile App,30.2,Yes,Negative,Masalah teknis berulang meskipun sebelumnya sudah ditangani.
T0000022,C000015,2026-08-22,Complaint,WhatsApp,13.9,Yes,Neutral,Keluhan diteruskan untuk investigasi lanjutan.
T0000023,C000015,2025-09-15,Complaint,Call Center,18.6,Yes,Positive,Keluhan telah ditangani dan pelanggan menerima solusi.
T0000024,C000017,2025-10-10,Network,WhatsApp,22.5,Yes,Neutral,Pelanggan menanyakan status gangguan jaringan di wilayahnya.
T0000025,C000017,2025-09-08,Billing,Mobile App,15.5,No,Negative,Terdapat selisih pada tagihan bulanan yang dikeluhkan pelanggan.
T0000026,C000019,2026-08-24,Complaint,Call Center,20.9,No,Negative,Pelanggan tidak puas dengan penyelesaian masalah sebelumnya.
T0000027,C000019,2025-10-18,Account,Email,26.3,No,Negative,Pelanggan kesulitan mengakses akun dan merasa proses terlalu rumit.
T0000028,C000019,2026-07-01,Billing,WhatsApp,8.3,Yes,Negative,Pelanggan keberatan dengan tagihan dan meminta penjelasan rinci.
T0000029,C000019,2026-03-25,Complaint,Call Center,5.9,Yes,Positive,Keluhan telah ditangani dan pelanggan menerima solusi.
T0000030,C000020,2026-07-28,Billing,WhatsApp,20.7,Yes,Neutral,Pelanggan menanyakan rincian tagihan bulan berjalan.
T0000031,C000020,2026-07-03,Complaint,Email,18.9,Yes,Negative,Pelanggan tidak puas dengan penyelesaian masalah sebelumnya.
T0000032,C000020,2026-07-19,Technical Support,Mobile App,20.2,Yes,Negative,Masalah teknis berulang meskipun sebelumnya sudah ditangani.
T0000033,C000020,2026-07-06,Technical Support,WhatsApp,24.0,No,Negative,Masalah teknis berulang meskipun sebelumnya sudah ditangani.
T0000034,C000021,2026-02-25,Network,Email,15.2,Yes,Positive,Gangguan jaringan telah selesai dan layanan kembali normal.
T0000035,C000022,2026-02-04,Network,Email,23.8,Yes,Positive,Gangguan jaringan telah selesai dan layanan kembali normal.
T0000036,C000024,2025-11-09,Billing,Email,6.7,Yes,Positive,Penjelasan tagihan diterima dan masalah dinyatakan selesai.
T0000037,C000026,2025-10-29,Technical Support,Email,10.8,No,Negative,Masalah teknis berulang meskipun sebelumnya sudah ditangani.
T0000038,C000028,2026-06-23,Complaint,WhatsApp,18.5,Yes,Neutral,Keluhan diteruskan untuk investigasi lanjutan.
T0000039,C000028,2026-05-19,Billing,WhatsApp,17.3,No,Negative,Terdapat selisih pada tagihan bulanan yang dikeluhkan pelanggan.
T0000040,C000028,2026-08-27,Complaint,Call Center,17.6,Yes,Neutral,Keluhan diteruskan untuk investigasi lanjutan.
T0000041,C000028,2026-07-03,Technical Support,WhatsApp,16.8,Yes,Negative,Masalah teknis berulang meskipun sebelumnya sudah ditangani.
T0000042,C000028,2026-01-04,Billing,Call Center,34.2,No,Negative,Terdapat selisih pada tagihan bulanan yang dikeluhkan pelanggan.
T0000043,C000030,2026-07-29,Account,Email,11.3,Yes,Neutral,Permintaan perubahan data akun pelanggan.
T0000044,C000032,2026-07-24,Network,WhatsApp,14.4,No,Negative,Pelanggan mengeluhkan jaringan tidak stabil di area rumah.
T0000045,C000032,2025-09-06,Network,Mobile App,16.1,No,Negative,Koneksi sering terputus dan pelanggan meminta perbaikan segera.
T0000046,C000033,2025-12-31,Network,WhatsApp,17.5,Yes,Negative,Pelanggan mengeluhkan jaringan tidak stabil di area rumah.
T0000047,C000035,2026-01-07,Account,Mobile App,1.4,Yes,Neutral,Permintaan perubahan data akun pelanggan.
T0000048,C000036,2026-08-29,Network,Call Center,20.4,Yes,Negative,Koneksi sering terputus dan pelanggan meminta perbaikan segera.
T0000049,C000036,2026-06-20,Billing,WhatsApp,7.3,Yes,Negative,Terdapat selisih pada tagihan bulanan yang dikeluhkan pelanggan.
T0000050,C000038,2026-02-05,Network,Call Center,17.9,No,Neutral,Pelanggan menanyakan status gangguan jaringan di wilayahnya.
T0000051,C000038,2026-08-21,Account,Call Center,17.5,No,Neutral,Permintaan perubahan data akun pelanggan.
T0000052,C000038,2026-04-16,Technical Support,Call Center,17.7,Yes,Negative,Masalah teknis berulang meskipun sebelumnya sudah ditangani.
T0000053,C000039,2026-06-23,Billing,Email,3.1,Yes,Positive,Penjelasan tagihan diterima dan masalah dinyatakan selesai.
T0000054,C000039,2026-03-31,Network,Email,17.4,No,Negative,Pelanggan mengeluhkan jaringan tidak stabil di area rumah.
T0000055,C000040,2026-02-23,Billing,Call Center,26.7,Yes,Negative,Pelanggan keberatan dengan tagihan dan meminta penjelasan rinci.
T0000056,C000041,2026-07-07,Billing,Email,10.9,No,Neutral,Pelanggan menanyakan rincian tagihan bulan berjalan.
T0000057,C000043,2026-08-23,Network,WhatsApp,24.9,Yes,Negative,Koneksi sering terputus dan pelanggan meminta perbaikan segera.
T0000058,C000043,2025-11-21,Billing,Mobile App,10.7,Yes,Positive,Penjelasan tagihan diterima dan masalah dinyatakan selesai.
T0000059,C000047,2026-04-10,Account,Call Center,24.3,Yes,Negative,Pelanggan kesulitan mengakses akun dan merasa proses terlalu rumit.
T0000060,C000047,2026-04-07,Network,Call Center,15.8,No,Negative,Koneksi sering terputus dan pelanggan meminta perbaikan segera.
T0000061,C000047,2026-07-04,Billing,WhatsApp,27.6,Yes,Negative,Pelanggan keberatan dengan tagihan dan meminta penjelasan rinci.
T0000062,C000048,2026-04-27,Technical Support,Email,17.2,Yes,Negative,Masalah teknis berulang meskipun sebelumnya sudah ditangani.
T0000063,C000049,2026-04-19,Complaint,Email,24.9,No,Negative,Pelanggan tidak puas dengan penyelesaian masalah sebelumnya.
T0000064,C000049,2026-03-23,Technical Support,Call Center,19.6,Yes,Negative,Masalah teknis berulang meskipun sebelumnya sudah ditangani.
T0000065,C000050,2026-02-22,Account,Call Center,18.1,No,Negative,Pelanggan kesulitan mengakses akun dan merasa proses terlalu rumit.
T0000066,C000050,2026-01-08,Technical Support,Call Center,9.1,Yes,Positive,Panduan teknis berhasil dan layanan dapat digunakan kembali.
T0000067,C000051,2025-11-10,Account,Email,19.5,Yes,Neutral,Permintaan perubahan data akun pelanggan.
T0000068,C000051,2025-09-12,Network,WhatsApp,12.9,No,Neutral,Pelanggan menanyakan status gangguan jaringan di wilayahnya.
T0000069,C000052,2025-11-13,Billing,Email,24.4,Yes,Negative,Pelanggan keberatan dengan tagihan dan meminta penjelasan rinci.
T0000070,C000055,2026-05-15,Network,Mobile App,28.7,No,Negative,Pelanggan mengeluhkan jaringan tidak stabil di area rumah.
T0000071,C000055,2026-03-23,Network,WhatsApp,25.2,No,Negative,Koneksi sering terputus dan pelanggan meminta perbaikan segera.
T0000072,C000055,2025-09-12,Account,WhatsApp,28.3,No,Negative,Pelanggan kesulitan mengakses akun dan merasa proses terlalu rumit.
T0000073,C000056,2026-06-19,Billing,Call Center,14.5,Yes,Neutral,Pelanggan menanyakan rincian tagihan bulan berjalan.
T0000074,C000057,2025-12-01,Complaint,Email,25.9,Yes,Neutral,Keluhan diteruskan untuk investigasi lanjutan.
T0000075,C000057,2026-07-03,Account,WhatsApp,28.1,Yes,Negative,Pelanggan kesulitan mengakses akun dan merasa proses terlalu rumit.
T0000076,C000058,2026-08-06,Technical Support,Email,21.2,No,Positive,Panduan teknis berhasil dan layanan dapat digunakan kembali.
T0000077,C000059,2026-05-06,Network,WhatsApp,22.0,No,Negative,Koneksi sering terputus dan pelanggan meminta perbaikan segera.
T0000078,C000059,2026-08-03,Account,Call Center,25.8,Yes,Negative,Pelanggan kesulitan mengakses akun dan merasa proses terlalu rumit.
T0000079,C000059,2026-06-21,Account,WhatsApp,17.4,Yes,Neutral,Permintaan perubahan data akun pelanggan.
T0000080,C000060,2026-08-15,Complaint,Email,10.6,Yes,Neutral,Keluhan diteruskan untuk investigasi lanjutan.
T0000081,C000060,2025-10-01,Billing,Call Center,17.4,Yes,Negative,Terdapat selisih pada tagihan bulanan yang dikeluhkan pelanggan.
T0000082,C000064,2026-02-05,Network,Call Center,15.3,Yes,Negative,Koneksi sering terputus dan pelanggan meminta perbaikan segera.
T0000083,C000064,2025-10-26,Billing,Call Center,14.6,No,Negative,Pelanggan keberatan dengan tagihan dan meminta penjelasan rinci.
T0000084,C000065,2026-06-16,Technical Support,WhatsApp,11.0,Yes,Neutral,Pelanggan meminta panduan konfigurasi perangkat.
T0000085,C000065,2025-10-05,Complaint,Call Center,4.3,No,Neutral,Keluhan diteruskan untuk investigasi lanjutan.
T0000086,C000066,2026-06-14,Billing,Email,12.8,No,Negative,Terdapat selisih pada tagihan bulanan yang dikeluhkan pelanggan.
T0000087,C000066,2026-05-21,Billing,WhatsApp,3.0,No,Neutral,Pelanggan menanyakan rincian tagihan bulan berjalan.
T0000088,C000067,2026-07-15,Technical Support,Call Center,23.2,No,Negative,Masalah teknis berulang meskipun sebelumnya sudah ditangani.
T0000089,C000067,2026-07-16,Account,WhatsApp,26.9,No,Negative,Pelanggan kesulitan mengakses akun dan merasa proses terlalu rumit.
T0000090,C000067,2026-07-06,Billing,Email,9.7,No,Positive,Penjelasan tagihan diterima dan masalah dinyatakan selesai.
T0000091,C000068,2026-08-15,Technical Support,Call Center,13.7,Yes,Negative,Masalah teknis berulang meskipun sebelumnya sudah ditangani.
T0000092,C000069,2026-08-14,Technical Support,Email,34.6,No,Negative,Masalah teknis berulang meskipun sebelumnya sudah ditangani.
T0000093,C000069,2026-07-28,Network,WhatsApp,17.4,No,Negative,Koneksi sering terputus dan pelanggan meminta perbaikan segera.
T0000094,C000069,2026-07-13,Technical Support,WhatsApp,8.9,Yes,Positive,Panduan teknis berhasil dan layanan dapat digunakan kembali.
T0000095,C000069,2026-07-04,Technical Support,Call Center,17.4,Yes,Positive,Panduan teknis berhasil dan layanan dapat digunakan kembali.
T0000096,C000071,2025-12-07,Technical Support,WhatsApp,0.5,No,Neutral,Pelanggan meminta panduan konfigurasi perangkat.
T0000097,C000071,2025-11-26,Network,Call Center,16.2,Yes,Neutral,Pelanggan menanyakan status gangguan jaringan di wilayahnya.
T0000098,C000073,2026-07-14,Account,WhatsApp,16.3,No,Negative,Pelanggan kesulitan mengakses akun dan merasa proses terlalu rumit.
T0000099,C000074,2026-07-27,Network,Call Center,12.4,No,Negative,Koneksi sering terputus dan pelanggan meminta perbaikan segera.
T0000100,C000074,2026-06-18,Complaint,WhatsApp,20.7,No,Negative,Pelanggan tidak puas dengan penyelesaian masalah sebelumnya.
T0000101,C000075,2026-07-01,Billing,Email,20.2,Yes,Negative,Terdapat selisih pada tagihan bulanan yang dikeluhkan pelanggan.
T0000102,C000076,2026-04-28,Technical Support,WhatsApp,28.8,No,Negative,Masalah teknis berulang meskipun sebelumnya sudah ditangani.
T0000103,C000077,2025-12-28,Technical Support,Email,8.4,Yes,Neutral,Pelanggan meminta panduan konfigurasi perangkat.
T0000104,C000078,2026-03-17,Account,Mobile App,13.7,No,Neutral,Permintaan perubahan data akun pelanggan.
T0000105,C000081,2026-01-14,Technical Support,Call Center,4.3,Yes,Positive,Panduan teknis berhasil dan layanan dapat digunakan kembali.
T0000106,C000081,2026-08-02,Network,WhatsApp,17.7,No,Negative,Pelanggan mengeluhkan jaringan tidak stabil di area rumah.
T0000107,C000083,2026-08-04,Billing,WhatsApp,12.4,No,Neutral,Pelanggan menanyakan rincian tagihan bulan berjalan.
T0000108,C000084,2026-04-10,Billing,WhatsApp,0.5,Yes,Neutral,Pelanggan menanyakan rincian tagihan bulan berjalan.
T0000109,C000084,2025-09-03,Billing,Mobile App,20.8,No,Negative,Terdapat selisih pada tagihan bulanan yang dikeluhkan pelanggan.
T0000110,C000088,2026-07-30,Account,Call Center,17.9,Yes,Negative,Pelanggan kesulitan mengakses akun dan merasa proses terlalu rumit.
T0000111,C000089,2025-09-18,Complaint,Mobile App,23.4,Yes,Negative,Pelanggan tidak puas dengan penyelesaian masalah sebelumnya.
T0000112,C000090,2026-05-07,Technical Support,WhatsApp,7.5,Yes,Neutral,Pelanggan meminta panduan konfigurasi perangkat.
T0000113,C000090,2025-12-09,Billing,Mobile App,5.4,No,Negative,Pelanggan keberatan dengan tagihan dan meminta penjelasan rinci.
T0000114,C000090,2026-01-26,Network,Call Center,11.2,Yes,Negative,Pelanggan mengeluhkan jaringan tidak stabil di area rumah.
T0000115,C000091,2026-07-10,Billing,Mobile App,14.4,Yes,Negative,Pelanggan keberatan dengan tagihan dan meminta penjelasan rinci.
T0000116,C000093,2026-01-01,Billing,Mobile App,9.0,Yes,Neutral,Pelanggan menanyakan rincian tagihan bulan berjalan.
T0000117,C000094,2026-06-29,Billing,Email,16.8,Yes,Negative,Pelanggan keberatan dengan tagihan dan meminta penjelasan rinci.
T0000118,C000094,2026-08-28,Network,Call Center,14.7,No,Negative,Pelanggan mengeluhkan jaringan tidak stabil di area rumah.
T0000119,C000094,2026-08-29,Technical Support,Email,18.7,Yes,Negative,Masalah teknis berulang meskipun sebelumnya sudah ditangani.
T0000120,C000097,2025-12-17,Account,Mobile App,32.2,No,Negative,Pelanggan kesulitan mengakses akun dan merasa proses terlalu rumit.
T0000121,C000098,2025-10-01,Network,Email,0.5,Yes,Positive,Gangguan jaringan telah selesai dan layanan kembali normal.
T0000122,C000099,2026-04-17,Complaint,WhatsApp,35.1,No,Negative,Pelanggan tidak puas dengan penyelesaian masalah sebelumnya.
T0000123,C000100,2026-01-05,Network,Call Center,23.9,No,Negative,Pelanggan mengeluhkan jaringan tidak stabil di area rumah.
T0000124,C000101,2025-10-27,Billing,Call Center,9.3,Yes,Negative,Pelanggan keberatan dengan tagihan dan meminta penjelasan rinci.
T0000125,C000102,2026-06-17,Technical Support,WhatsApp,11.1,Yes,Neutral,Pelanggan meminta panduan konfigurasi perangkat.
T0000126,C000102,2026-02-06,Network,Call Center,21.8,No,Negative,Koneksi sering terputus dan pelanggan meminta perbaikan segera.
T0000127,C000102,2026-02-06,Technical Support,WhatsApp,9.0,Yes,Negative,Masalah teknis berulang meskipun sebelumnya sudah ditangani.
T0000128,C000103,2025-12-23,Network,WhatsApp,0.5,Yes,Positive,Gangguan jaringan telah selesai dan layanan kembali normal.
T0000129,C000104,2026-01-29,Network,Call Center,16.6,Yes,Neutral,Pelanggan menanyakan status gangguan jaringan di wilayahnya.
T0000130,C000105,2026-04-05,Complaint,Mobile App,20.8,No,Negative,Pelanggan tidak puas dengan penyelesaian masalah sebelumnya.
T0000131,C000106,2026-08-09,Network,Mobile App,30.6,Yes,Negative,Koneksi sering terputus dan pelanggan meminta perbaikan segera.
T0000132,C000106,2026-02-01,Network,Call Center,9.7,Yes,Neutral,Pelanggan menanyakan status gangguan jaringan di wilayahnya.
T0000133,C000106,2026-08-17,Technical Support,Call Center,24.2,No,Negative,Masalah teknis berulang meskipun sebelumnya sudah ditangani.
T0000134,C000106,2026-07-17,Technical Support,Mobile App,17.9,No,Positive,Panduan teknis berhasil dan layanan dapat digunakan kembali.
T0000135,C000107,2026-02-27,Technical Support,Call Center,8.8,Yes,Neutral,Pelanggan meminta panduan konfigurasi perangkat.
T0000136,C000109,2026-07-13,Network,Call Center,3.5,Yes,Neutral,Pelanggan menanyakan status gangguan jaringan di wilayahnya.
T0000137,C000109,2026-08-26,Technical Support,Email,12.7,Yes,Negative,Masalah teknis berulang meskipun sebelumnya sudah ditangani.
T0000138,C000109,2026-07-14,Network,Email,12.3,Yes,Neutral,Pelanggan menanyakan status gangguan jaringan di wilayahnya.
T0000139,C000110,2025-09-30,Billing,Mobile App,24.0,Yes,Negative,Terdapat selisih pada tagihan bulanan yang dikeluhkan pelanggan.
T0000140,C000110,2026-01-12,Complaint,Call Center,21.0,Yes,Negative,Pelanggan tidak puas dengan penyelesaian masalah sebelumnya.
T0000141,C000113,2026-06-14,Billing,WhatsApp,14.6,Yes,Neutral,Pelanggan menanyakan rincian tagihan bulan berjalan.
T0000142,C000113,2025-09-26,Billing,Mobile App,15.7,Yes,Negative,Pelanggan keberatan dengan tagihan dan meminta penjelasan rinci.
T0000143,C000113,2026-06-08,Technical Support,WhatsApp,20.7,No,Neutral,Pelanggan meminta panduan konfigurasi perangkat.
T0000144,C000114,2026-04-02,Network,WhatsApp,7.0,No,Neutral,Pelanggan menanyakan status gangguan jaringan di wilayahnya.
T0000145,C000115,2025-09-18,Complaint,Mobile App,35.4,Yes,Negative,Pelanggan tidak puas dengan penyelesaian masalah sebelumnya.
T0000146,C000116,2025-11-18,Account,Call Center,38.5,Yes,Negative,Pelanggan kesulitan mengakses akun dan merasa proses terlalu rumit.
T0000147,C000116,2026-07-03,Network,WhatsApp,10.2,No,Positive,Gangguan jaringan telah selesai dan layanan kembali normal.
T0000148,C000117,2025-10-15,Network,Mobile App,14.7,No,Negative,Pelanggan mengeluhkan jaringan tidak stabil di area rumah.
T0000149,C000118,2026-01-18,Account,WhatsApp,12.9,Yes,Negative,Pelanggan kesulitan mengakses akun dan merasa proses terlalu rumit.
T0000150,C000118,2026-02-16,Account,Call Center,16.6,Yes,Neutral,Permintaan perubahan data akun pelanggan.
T0000151,C000118,2026-02-08,Network,Mobile App,13.8,No,Neutral,Pelanggan menanyakan status gangguan jaringan di wilayahnya.
T0000152,C000119,2026-03-23,Billing,WhatsApp,12.5,Yes,Negative,Pelanggan keberatan dengan tagihan dan meminta penjelasan rinci.
T0000153,C000119,2025-12-27,Billing,Call Center,16.8,Yes,Negative,Pelanggan keberatan dengan tagihan dan meminta penjelasan rinci.
T0000154,C000120,2025-11-10,Technical Support,WhatsApp,1.9,Yes,Neutral,Pelanggan meminta panduan konfigurasi perangkat.
T0000155,C000120,2026-04-17,Billing,Call Center,12.7,Yes,Negative,Terdapat selisih pada tagihan bulanan yang dikeluhkan pelanggan.
T0000156,C000120,2026-08-16,Account,Mobile App,25.4,No,Negative,Pelanggan kesulitan mengakses akun dan merasa proses terlalu rumit.
T0000157,C000120,2025-10-04,Network,Mobile App,12.4,Yes,Negative,Koneksi sering terputus dan pelanggan meminta perbaikan segera.
T0000158,C000122,2026-05-28,Account,Email,12.6,Yes,Positive,Perubahan data akun berhasil dilakukan.
T0000159,C000124,2026-02-09,Network,WhatsApp,37.9,Yes,Negative,Koneksi sering terputus dan pelanggan meminta perbaikan segera.
T0000160,C000124,2026-01-13,Complaint,Mobile App,14.4,Yes,Negative,Pelanggan tidak puas dengan penyelesaian masalah sebelumnya.
T0000161,C000124,2026-04-09,Technical Support,Mobile App,27.1,Yes,Negative,Masalah teknis berulang meskipun sebelumnya sudah ditangani.
T0000162,C000125,2025-09-14,Technical Support,Mobile App,18.6,No,Negative,Masalah teknis berulang meskipun sebelumnya sudah ditangani.
T0000163,C000125,2025-10-26,Billing,WhatsApp,11.4,Yes,Neutral,Pelanggan menanyakan rincian tagihan bulan berjalan.
T0000164,C000126,2026-01-14,Network,Mobile App,18.6,Yes,Negative,Pelanggan mengeluhkan jaringan tidak stabil di area rumah.
T0000165,C000127,2026-05-03,Account,Call Center,14.4,Yes,Negative,Pelanggan kesulitan mengakses akun dan merasa proses terlalu rumit.
T0000166,C000127,2026-06-22,Complaint,Mobile App,42.4,Yes,Neutral,Keluhan diteruskan untuk investigasi lanjutan.
T0000167,C000128,2026-06-29,Account,Call Center,25.4,No,Negative,Pelanggan kesulitan mengakses akun dan merasa proses terlalu rumit.
T0000168,C000128,2026-05-12,Billing,Call Center,8.9,Yes,Negative,Terdapat selisih pada tagihan bulanan yang dikeluhkan pelanggan.
T0000169,C000128,2026-05-14,Network,Email,20.5,No,Negative,Pelanggan mengeluhkan jaringan tidak stabil di area rumah.
T0000170,C000129,2025-11-05,Technical Support,WhatsApp,4.0,Yes,Positive,Panduan teknis berhasil dan layanan dapat digunakan kembali.
T0000171,C000129,2025-09-13,Technical Support,Call Center,30.1,No,Negative,Masalah teknis berulang meskipun sebelumnya sudah ditangani.
T0000172,C000131,2026-08-29,Account,WhatsApp,20.1,Yes,Positive,Perubahan data akun berhasil dilakukan.
T0000173,C000131,2026-08-18,Technical Support,Email,25.1,Yes,Negative,Masalah teknis berulang meskipun sebelumnya sudah ditangani.
T0000174,C000131,2026-08-09,Network,Call Center,26.5,Yes,Negative,Koneksi sering terputus dan pelanggan meminta perbaikan segera.
T0000175,C000131,2025-10-20,Technical Support,Call Center,26.6,No,Negative,Masalah teknis berulang meskipun sebelumnya sudah ditangani.
T0000176,C000131,2026-02-22,Complaint,Email,13.7,Yes,Positive,Keluhan telah ditangani dan pelanggan menerima solusi.
T0000177,C000133,2026-02-14,Network,Email,16.5,Yes,Neutral,Pelanggan menanyakan status gangguan jaringan di wilayahnya.
T0000178,C000136,2026-06-17,Billing,Call Center,7.0,Yes,Negative,Terdapat selisih pada tagihan bulanan yang dikeluhkan pelanggan.
T0000179,C000136,2026-08-21,Network,Call Center,20.9,No,Negative,Koneksi sering terputus dan pelanggan meminta perbaikan segera.
T0000180,C000137,2026-01-29,Billing,WhatsApp,19.7,No,Negative,Pelanggan keberatan dengan tagihan dan meminta penjelasan rinci.
T0000181,C000137,2025-10-23,Complaint,WhatsApp,22.5,No,Negative,Pelanggan tidak puas dengan penyelesaian masalah sebelumnya.
T0000182,C000137,2026-02-06,Network,Mobile App,28.9,No,Negative,Pelanggan mengeluhkan jaringan tidak stabil di area rumah.
T0000183,C000137,2026-08-26,Network,Call Center,15.9,Yes,Negative,Pelanggan mengeluhkan jaringan tidak stabil di area rumah.
T0000184,C000137,2026-06-05,Complaint,Call Center,32.8,No,Negative,Pelanggan tidak puas dengan penyelesaian masalah sebelumnya.
T0000185,C000139,2026-05-06,Network,Mobile App,14.8,Yes,Negative,Koneksi sering terputus dan pelanggan meminta perbaikan segera.
T0000186,C000139,2025-09-30,Network,Call Center,5.8,No,Negative,Pelanggan mengeluhkan jaringan tidak stabil di area rumah.
T0000187,C000140,2026-06-30,Billing,Call Center,11.8,No,Neutral,Pelanggan menanyakan rincian tagihan bulan berjalan.
T0000188,C000140,2026-05-14,Complaint,WhatsApp,38.6,Yes,Negative,Pelanggan tidak puas dengan penyelesaian masalah sebelumnya.
T0000189,C000140,2025-09-11,Technical Support,Email,9.9,Yes,Negative,Masalah teknis berulang meskipun sebelumnya sudah ditangani.
T0000190,C000141,2025-11-19,Account,WhatsApp,29.9,Yes,Negative,Pelanggan kesulitan mengakses akun dan merasa proses terlalu rumit.
T0000191,C000141,2026-04-02,Billing,WhatsApp,30.7,Yes,Negative,Terdapat selisih pada tagihan bulanan yang dikeluhkan pelanggan.
T0000192,C000141,2026-07-24,Network,Email,16.2,No,Negative,Koneksi sering terputus dan pelanggan meminta perbaikan segera.
T0000193,C000142,2026-01-15,Billing,Mobile App,23.1,No,Neutral,Pelanggan menanyakan rincian tagihan bulan berjalan.
T0000194,C000142,2026-08-28,Network,WhatsApp,12.8,No,Neutral,Pelanggan menanyakan status gangguan jaringan di wilayahnya.
T0000195,C000142,2026-03-26,Technical Support,WhatsApp,12.9,Yes,Negative,Masalah teknis berulang meskipun sebelumnya sudah ditangani.
T0000196,C000144,2025-09-05,Network,Call Center,0.5,No,Positive,Gangguan jaringan telah selesai dan layanan kembali normal.
T0000197,C000145,2026-01-26,Network,WhatsApp,25.3,Yes,Negative,Koneksi sering terputus dan pelanggan meminta perbaikan segera.
T0000198,C000145,2026-02-02,Complaint,Call Center,22.7,Yes,Negative,Pelanggan tidak puas dengan penyelesaian masalah sebelumnya.
T0000199,C000145,2026-07-24,Billing,Mobile App,18.6,Yes,Neutral,Pelanggan menanyakan rincian tagihan bulan berjalan.
T0000200,C000146,2025-11-21,Technical Support,Email,19.9,No,Negative,Masalah teknis berulang meskipun sebelumnya sudah ditangani.
T0000201,C000146,2025-09-17,Account,Mobile App,9.6,No,Neutral,Permintaan perubahan data akun pelanggan.
T0000202,C000147,2026-06-29,Billing,Email,18.9,No,Negative,Pelanggan keberatan dengan tagihan dan meminta penjelasan rinci.
T0000203,C000149,2026-05-14,Network,Call Center,3.1,No,Negative,Koneksi sering terputus dan pelanggan meminta perbaikan segera.
T0000204,C000149,2026-07-30,Billing,Mobile App,42.7,Yes,Negative,Terdapat selisih pada tagihan bulanan yang dikeluhkan pelanggan.
T0000205,C000149,2026-05-22,Complaint,Call Center,29.0,Yes,Negative,Pelanggan tidak puas dengan penyelesaian masalah sebelumnya.
T0000206,C000149,2026-05-07,Network,Call Center,21.8,No,Negative,Koneksi sering terputus dan pelanggan meminta perbaikan segera.
T0000207,C000149,2026-01-23,Billing,Call Center,19.5,Yes,Negative,Terdapat selisih pada tagihan bulanan yang dikeluhkan pelanggan.
T0000208,C000150,2026-02-09,Billing,Mobile App,19.7,Yes,Neutral,Pelanggan menanyakan rincian tagihan bulan berjalan.
T0000209,C000151,2026-05-06,Complaint,WhatsApp,8.7,Yes,Negative,Pelanggan tidak puas dengan penyelesaian masalah sebelumnya.
T0000210,C000151,2025-12-04,Account,WhatsApp,16.3,Yes,Negative,Pelanggan kesulitan mengakses akun dan merasa proses terlalu rumit.
T0000211,C000151,2025-11-28,Complaint,Call Center,15.6,Yes,Positive,Keluhan telah ditangani dan pelanggan menerima solusi.
T0000212,C000151,2025-11-27,Billing,Email,16.7,No,Negative,Pelanggan keberatan dengan tagihan dan meminta penjelasan rinci.
T0000213,C000152,2025-09-08,Technical Support,Call Center,14.7,No,Negative,Masalah teknis berulang meskipun sebelumnya sudah ditangani.
T0000214,C000152,2026-04-12,Technical Support,Mobile App,27.6,No,Negative,Masalah teknis berulang meskipun sebelumnya sudah ditangani.
T0000215,C000152,2026-08-05,Network,Call Center,19.7,No,Positive,Gangguan jaringan telah selesai dan layanan kembali normal.
T0000216,C000153,2026-04-27,Network,Email,35.1,No,Negative,Pelanggan mengeluhkan jaringan tidak stabil di area rumah.
T0000217,C000154,2026-08-06,Technical Support,Email,8.8,Yes,Neutral,Pelanggan meminta panduan konfigurasi perangkat.
T0000218,C000154,2026-08-11,Network,Call Center,33.9,No,Negative,Pelanggan mengeluhkan jaringan tidak stabil di area rumah.
T0000219,C000154,2026-01-21,Billing,WhatsApp,35.9,Yes,Negative,Terdapat selisih pada tagihan bulanan yang dikeluhkan pelanggan.
T0000220,C000155,2026-08-10,Technical Support,Mobile App,17.0,Yes,Negative,Masalah teknis berulang meskipun sebelumnya sudah ditangani.
T0000221,C000157,2026-02-04,Technical Support,Call Center,7.7,Yes,Negative,Masalah teknis berulang meskipun sebelumnya sudah ditangani.
T0000222,C000158,2025-10-24,Complaint,Call Center,30.2,Yes,Neutral,Keluhan diteruskan untuk investigasi lanjutan.
T0000223,C000158,2026-01-14,Complaint,WhatsApp,14.9,Yes,Positive,Keluhan telah ditangani dan pelanggan menerima solusi.
T0000224,C000159,2026-04-12,Technical Support,Call Center,27.0,No,Negative,Masalah teknis berulang meskipun sebelumnya sudah ditangani.
T0000225,C000159,2026-06-21,Network,Call Center,30.0,Yes,Negative,Koneksi sering terputus dan pelanggan meminta perbaikan segera.
T0000226,C000161,2026-02-10,Account,WhatsApp,22.1,No,Negative,Pelanggan kesulitan mengakses akun dan merasa proses terlalu rumit.
T0000227,C000162,2026-04-14,Billing,Mobile App,18.4,Yes,Negative,Pelanggan keberatan dengan tagihan dan meminta penjelasan rinci.
T0000228,C000162,2025-12-23,Billing,Call Center,7.1,No,Negative,Terdapat selisih pada tagihan bulanan yang dikeluhkan pelanggan.
T0000229,C000162,2026-03-10,Network,Email,27.1,No,Negative,Pelanggan mengeluhkan jaringan tidak stabil di area rumah.
T0000230,C000164,2025-09-04,Network,Call Center,14.3,Yes,Negative,Koneksi sering terputus dan pelanggan meminta perbaikan segera.
T0000231,C000168,2026-08-29,Billing,Email,23.4,Yes,Negative,Pelanggan keberatan dengan tagihan dan meminta penjelasan rinci.
T0000232,C000168,2026-07-29,Network,WhatsApp,12.0,Yes,Positive,Gangguan jaringan telah selesai dan layanan kembali normal.
T0000233,C000168,2026-08-26,Technical Support,Mobile App,20.6,Yes,Negative,Masalah teknis berulang meskipun sebelumnya sudah ditangani.
T0000234,C000168,2026-06-04,Network,Mobile App,30.2,No,Negative,Pelanggan mengeluhkan jaringan tidak stabil di area rumah.
T0000235,C000169,2026-03-05,Billing,Email,27.3,No,Neutral,Pelanggan menanyakan rincian tagihan bulan berjalan.
T0000236,C000169,2026-03-27,Complaint,Call Center,17.1,Yes,Neutral,Keluhan diteruskan untuk investigasi lanjutan.
T0000237,C000171,2026-08-20,Technical Support,Call Center,9.1,Yes,Negative,Masalah teknis berulang meskipun sebelumnya sudah ditangani.
T0000238,C000172,2026-07-29,Technical Support,WhatsApp,0.5,No,Negative,Masalah teknis berulang meskipun sebelumnya sudah ditangani.
T0000239,C000172,2025-12-27,Network,Call Center,12.4,Yes,Neutral,Pelanggan menanyakan status gangguan jaringan di wilayahnya.
T0000240,C000173,2025-10-19,Technical Support,Call Center,27.3,Yes,Negative,Masalah teknis berulang meskipun sebelumnya sudah ditangani.
T0000241,C000173,2026-08-11,Billing,Email,18.7,No,Neutral,Pelanggan menanyakan rincian tagihan bulan berjalan.
T0000242,C000173,2026-04-27,Technical Support,Call Center,14.9,Yes,Neutral,Pelanggan meminta panduan konfigurasi perangkat.
T0000243,C000174,2026-07-09,Complaint,WhatsApp,2.0,No,Positive,Keluhan telah ditangani dan pelanggan menerima solusi.
T0000244,C000174,2026-04-07,Complaint,WhatsApp,34.1,No,Neutral,Keluhan diteruskan untuk investigasi lanjutan.
T0000245,C000175,2025-10-19,Network,Call Center,21.0,Yes,Negative,Pelanggan mengeluhkan jaringan tidak stabil di area rumah.
T0000246,C000176,2025-09-03,Complaint,Mobile App,24.9,No,Negative,Pelanggan tidak puas dengan penyelesaian masalah sebelumnya.
T0000247,C000176,2026-07-19,Billing,Mobile App,14.0,Yes,Neutral,Pelanggan menanyakan rincian tagihan bulan berjalan.
T0000248,C000176,2026-01-29,Complaint,Mobile App,7.1,Yes,Positive,Keluhan telah ditangani dan pelanggan menerima solusi.
T0000249,C000177,2025-12-08,Technical Support,Call Center,7.4,No,Negative,Masalah teknis berulang meskipun sebelumnya sudah ditangani.
T0000250,C000177,2026-02-25,Technical Support,Mobile App,8.3,No,Negative,Masalah teknis berulang meskipun sebelumnya sudah ditangani.
T0000251,C000178,2025-11-20,Network,Call Center,28.2,Yes,Neutral,Pelanggan menanyakan status gangguan jaringan di wilayahnya.
T0000252,C000178,2026-06-30,Billing,WhatsApp,11.6,Yes,Negative,Pelanggan keberatan dengan tagihan dan meminta penjelasan rinci.
T0000253,C000178,2026-02-10,Account,Mobile App,9.8,Yes,Neutral,Permintaan perubahan data akun pelanggan.
T0000254,C000180,2026-05-16,Account,Mobile App,11.5,Yes,Neutral,Permintaan perubahan data akun pelanggan.
T0000255,C000181,2025-10-12,Network,WhatsApp,12.1,No,Negative,Koneksi sering terputus dan pelanggan meminta perbaikan segera.
T0000256,C000181,2025-09-17,Account,Email,16.0,Yes,Negative,Pelanggan kesulitan mengakses akun dan merasa proses terlalu rumit.
T0000257,C000182,2026-08-02,Billing,WhatsApp,4.8,Yes,Positive,Penjelasan tagihan diterima dan masalah dinyatakan selesai.
T0000258,C000182,2026-07-26,Billing,WhatsApp,29.1,No,Negative,Pelanggan keberatan dengan tagihan dan meminta penjelasan rinci.
T0000259,C000183,2026-04-12,Billing,Mobile App,13.4,Yes,Neutral,Pelanggan menanyakan rincian tagihan bulan berjalan.
T0000260,C000184,2025-10-09,Account,WhatsApp,31.0,Yes,Negative,Pelanggan kesulitan mengakses akun dan merasa proses terlalu rumit.
T0000261,C000185,2026-07-08,Account,WhatsApp,25.9,Yes,Negative,Pelanggan kesulitan mengakses akun dan merasa proses terlalu rumit.
T0000262,C000185,2026-08-09,Technical Support,Call Center,27.1,No,Neutral,Pelanggan meminta panduan konfigurasi perangkat.
T0000263,C000185,2026-08-28,Technical Support,WhatsApp,11.5,Yes,Neutral,Pelanggan meminta panduan konfigurasi perangkat.
T0000264,C000186,2025-11-28,Network,Email,20.7,No,Positive,Gangguan jaringan telah selesai dan layanan kembali normal.
T0000265,C000188,2026-06-12,Technical Support,Mobile App,27.8,No,Negative,Masalah teknis berulang meskipun sebelumnya sudah ditangani.
T0000266,C000189,2025-11-23,Technical Support,Email,0.5,Yes,Neutral,Pelanggan meminta panduan konfigurasi perangkat.
T0000267,C000191,2025-09-30,Complaint,WhatsApp,24.3,No,Positive,Keluhan telah ditangani dan pelanggan menerima solusi.
T0000268,C000192,2025-11-18,Complaint,Mobile App,29.8,Yes,Negative,Pelanggan tidak puas dengan penyelesaian masalah sebelumnya.
T0000269,C000193,2025-11-05,Complaint,Mobile App,24.6,No,Negative,Pelanggan tidak puas dengan penyelesaian masalah sebelumnya.
T0000270,C000193,2026-03-30,Technical Support,Call Center,23.6,Yes,Negative,Masalah teknis berulang meskipun sebelumnya sudah ditangani.
T0000271,C000193,2025-09-30,Technical Support,Call Center,0.8,Yes,Negative,Masalah teknis berulang meskipun sebelumnya sudah ditangani.
T0000272,C000195,2025-12-03,Account,WhatsApp,26.4,No,Positive,Perubahan data akun berhasil dilakukan.
T0000273,C000196,2026-04-23,Network,WhatsApp,16.2,Yes,Negative,Koneksi sering terputus dan pelanggan meminta perbaikan segera.
T0000274,C000197,2026-06-27,Billing,Mobile App,15.5,No,Negative,Pelanggan keberatan dengan tagihan dan meminta penjelasan rinci.
T0000275,C000197,2026-05-27,Network,Call Center,25.4,Yes,Neutral,Pelanggan menanyakan status gangguan jaringan di wilayahnya.
T0000276,C000197,2026-07-10,Billing,WhatsApp,23.5,Yes,Negative,Terdapat selisih pada tagihan bulanan yang dikeluhkan pelanggan.
T0000277,C000198,2025-11-22,Network,WhatsApp,15.9,Yes,Positive,Gangguan jaringan telah selesai dan layanan kembali normal.
T0000278,C000201,2026-03-29,Technical Support,Call Center,0.8,No,Negative,Masalah teknis berulang meskipun sebelumnya sudah ditangani.
T0000279,C000201,2025-10-04,Technical Support,Email,17.3,Yes,Negative,Masalah teknis berulang meskipun sebelumnya sudah ditangani.
T0000280,C000204,2026-07-01,Technical Support,Call Center,27.4,No,Negative,Masalah teknis berulang meskipun sebelumnya sudah ditangani.
T0000281,C000204,2026-07-19,Billing,Call Center,6.0,Yes,Neutral,Pelanggan menanyakan rincian tagihan bulan berjalan.
T0000282,C000206,2025-12-17,Billing,Call Center,20.4,No,Negative,Terdapat selisih pada tagihan bulanan yang dikeluhkan pelanggan.
T0000283,C000207,2025-09-13,Billing,Call Center,6.1,No,Positive,Penjelasan tagihan diterima dan masalah dinyatakan selesai.
T0000284,C000207,2025-10-18,Technical Support,Email,0.5,No,Neutral,Pelanggan meminta panduan konfigurasi perangkat.
T0000285,C000208,2025-10-12,Network,Email,1.4,Yes,Positive,Gangguan jaringan telah selesai dan layanan kembali normal.
T0000286,C000208,2026-07-25,Technical Support,Email,14.1,Yes,Negative,Masalah teknis berulang meskipun sebelumnya sudah ditangani.
T0000287,C000208,2026-01-18,Network,WhatsApp,17.0,No,Negative,Koneksi sering terputus dan pelanggan meminta perbaikan segera.
T0000288,C000208,2026-07-16,Network,WhatsApp,22.7,No,Negative,Koneksi sering terputus dan pelanggan meminta perbaikan segera.
T0000289,C000208,2026-07-12,Account,WhatsApp,21.3,No,Negative,Pelanggan kesulitan mengakses akun dan merasa proses terlalu rumit.
T0000290,C000208,2026-08-08,Network,Mobile App,19.8,No,Negative,Pelanggan mengeluhkan jaringan tidak stabil di area rumah.
T0000291,C000209,2026-06-28,Billing,Call Center,17.0,Yes,Neutral,Pelanggan menanyakan rincian tagihan bulan berjalan.
T0000292,C000209,2026-06-05,Network,WhatsApp,26.4,No,Positive,Gangguan jaringan telah selesai dan layanan kembali normal.
T0000293,C000210,2026-07-21,Network,Mobile App,0.8,Yes,Positive,Gangguan jaringan telah selesai dan layanan kembali normal.
T0000294,C000210,2026-08-08,Network,Call Center,25.0,No,Negative,Pelanggan mengeluhkan jaringan tidak stabil di area rumah.
T0000295,C000210,2026-08-16,Billing,WhatsApp,9.3,No,Negative,Pelanggan keberatan dengan tagihan dan meminta penjelasan rinci.
T0000296,C000210,2025-10-22,Technical Support,Call Center,18.9,No,Negative,Masalah teknis berulang meskipun sebelumnya sudah ditangani.
T0000297,C000211,2026-05-20,Technical Support,Call Center,12.3,Yes,Negative,Masalah teknis berulang meskipun sebelumnya sudah ditangani.
T0000298,C000212,2026-08-19,Network,Call Center,25.3,No,Negative,Pelanggan mengeluhkan jaringan tidak stabil di area rumah.
T0000299,C000212,2025-09-06,Network,Mobile App,7.1,Yes,Positive,Gangguan jaringan telah selesai dan layanan kembali normal.
T0000300,C000213,2025-11-26,Network,Call Center,4.2,Yes,Positive,Gangguan jaringan telah selesai dan layanan kembali normal.
T0000301,C000215,2025-10-20,Technical Support,WhatsApp,27.4,Yes,Positive,Panduan teknis berhasil dan layanan dapat digunakan kembali.
T0000302,C000216,2026-01-21,Network,Call Center,15.1,No,Positive,Gangguan jaringan telah selesai dan layanan kembali normal.
T0000303,C000217,2025-09-21,Network,Call Center,14.1,Yes,Negative,Koneksi sering terputus dan pelanggan meminta perbaikan segera.
T0000304,C000217,2026-03-02,Network,WhatsApp,4.0,Yes,Neutral,Pelanggan menanyakan status gangguan jaringan di wilayahnya.
T0000305,C000218,2026-02-27,Network,WhatsApp,18.3,No,Negative,Pelanggan mengeluhkan jaringan tidak stabil di area rumah.
T0000306,C000218,2025-11-23,Technical Support,Email,7.3,Yes,Neutral,Pelanggan meminta panduan konfigurasi perangkat.
T0000307,C000218,2026-08-02,Account,WhatsApp,13.0,Yes,Neutral,Permintaan perubahan data akun pelanggan.
T0000308,C000218,2026-07-11,Network,WhatsApp,31.4,Yes,Negative,Pelanggan mengeluhkan jaringan tidak stabil di area rumah.
T0000309,C000220,2026-06-15,Account,WhatsApp,36.8,No,Negative,Pelanggan kesulitan mengakses akun dan merasa proses terlalu rumit.
T0000310,C000220,2026-08-22,Complaint,Email,13.4,No,Positive,Keluhan telah ditangani dan pelanggan menerima solusi.
T0000311,C000220,2026-08-25,Billing,Mobile App,13.9,Yes,Negative,Pelanggan keberatan dengan tagihan dan meminta penjelasan rinci.
T0000312,C000220,2026-07-13,Technical Support,Call Center,14.9,Yes,Negative,Masalah teknis berulang meskipun sebelumnya sudah ditangani.
T0000313,C000221,2025-11-05,Complaint,Mobile App,34.1,No,Negative,Pelanggan tidak puas dengan penyelesaian masalah sebelumnya.
T0000314,C000222,2025-10-31,Network,WhatsApp,18.4,No,Negative,Koneksi sering terputus dan pelanggan meminta perbaikan segera.
T0000315,C000223,2025-09-23,Network,Mobile App,10.1,No,Neutral,Pelanggan menanyakan status gangguan jaringan di wilayahnya.
T0000316,C000223,2026-06-11,Account,WhatsApp,25.0,Yes,Negative,Pelanggan kesulitan mengakses akun dan merasa proses terlalu rumit.
T0000317,C000224,2026-08-02,Network,Mobile App,18.0,No,Negative,Koneksi sering terputus dan pelanggan meminta perbaikan segera.
T0000318,C000226,2025-10-16,Technical Support,Mobile App,21.4,No,Neutral,Pelanggan meminta panduan konfigurasi perangkat.
T0000319,C000226,2026-05-14,Account,Call Center,6.8,Yes,Negative,Pelanggan kesulitan mengakses akun dan merasa proses terlalu rumit.
T0000320,C000229,2025-10-28,Network,Call Center,29.8,No,Negative,Koneksi sering terputus dan pelanggan meminta perbaikan segera.
T0000321,C000229,2026-06-18,Account,WhatsApp,19.5,Yes,Positive,Perubahan data akun berhasil dilakukan.
T0000322,C000229,2026-01-02,Technical Support,WhatsApp,8.9,No,Neutral,Pelanggan meminta panduan konfigurasi perangkat.
T0000323,C000230,2026-06-27,Billing,Call Center,16.0,No,Negative,Pelanggan keberatan dengan tagihan dan meminta penjelasan rinci.
T0000324,C000230,2026-07-17,Account,Email,18.4,No,Neutral,Permintaan perubahan data akun pelanggan.
T0000325,C000232,2026-03-02,Technical Support,Mobile App,25.2,Yes,Negative,Masalah teknis berulang meskipun sebelumnya sudah ditangani.
T0000326,C000232,2026-04-14,Account,Call Center,23.9,No,Negative,Pelanggan kesulitan mengakses akun dan merasa proses terlalu rumit.
T0000327,C000233,2026-01-24,Network,Call Center,25.7,Yes,Neutral,Pelanggan menanyakan status gangguan jaringan di wilayahnya.
T0000328,C000234,2026-08-18,Complaint,WhatsApp,8.8,Yes,Positive,Keluhan telah ditangani dan pelanggan menerima solusi.
T0000329,C000235,2026-05-17,Network,Mobile App,11.2,Yes,Negative,Pelanggan mengeluhkan jaringan tidak stabil di area rumah.
T0000330,C000239,2025-12-26,Technical Support,Mobile App,14.8,Yes,Negative,Masalah teknis berulang meskipun sebelumnya sudah ditangani.
T0000331,C000239,2025-11-18,Billing,Email,18.9,No,Negative,Terdapat selisih pada tagihan bulanan yang dikeluhkan pelanggan.
T0000332,C000239,2026-02-05,Technical Support,Mobile App,37.1,No,Negative,Masalah teknis berulang meskipun sebelumnya sudah ditangani.
T0000333,C000239,2026-05-03,Technical Support,Call Center,16.3,Yes,Positive,Panduan teknis berhasil dan layanan dapat digunakan kembali.
T0000334,C000241,2026-03-15,Billing,Call Center,14.7,No,Negative,Terdapat selisih pada tagihan bulanan yang dikeluhkan pelanggan.
T0000335,C000243,2025-12-03,Network,Call Center,10.7,Yes,Negative,Koneksi sering terputus dan pelanggan meminta perbaikan segera.
T0000336,C000243,2025-12-11,Billing,Call Center,36.3,No,Negative,Terdapat selisih pada tagihan bulanan yang dikeluhkan pelanggan.
T0000337,C000243,2026-05-01,Complaint,Call Center,10.3,Yes,Negative,Pelanggan tidak puas dengan penyelesaian masalah sebelumnya.
T0000338,C000244,2026-01-29,Network,Call Center,16.3,No,Negative,Koneksi sering terputus dan pelanggan meminta perbaikan segera.
T0000339,C000244,2026-07-30,Billing,WhatsApp,18.4,No,Negative,Pelanggan keberatan dengan tagihan dan meminta penjelasan rinci.
T0000340,C000247,2025-11-02,Network,Call Center,36.4,Yes,Negative,Koneksi sering terputus dan pelanggan meminta perbaikan segera.
T0000341,C000248,2025-10-05,Billing,WhatsApp,13.9,No,Negative,Pelanggan keberatan dengan tagihan dan meminta penjelasan rinci.
T0000342,C000249,2026-03-24,Network,Mobile App,25.2,Yes,Negative,Pelanggan mengeluhkan jaringan tidak stabil di area rumah.
T0000343,C000251,2026-07-26,Complaint,WhatsApp,28.6,No,Negative,Pelanggan tidak puas dengan penyelesaian masalah sebelumnya.
T0000344,C000252,2026-01-22,Complaint,Mobile App,36.2,Yes,Negative,Pelanggan tidak puas dengan penyelesaian masalah sebelumnya.
T0000345,C000252,2026-01-03,Complaint,Call Center,29.1,No,Neutral,Keluhan diteruskan untuk investigasi lanjutan.
T0000346,C000253,2026-05-06,Technical Support,Call Center,23.6,No,Negative,Masalah teknis berulang meskipun sebelumnya sudah ditangani.
T0000347,C000253,2026-06-19,Network,WhatsApp,28.3,No,Negative,Pelanggan mengeluhkan jaringan tidak stabil di area rumah.
T0000348,C000253,2026-03-02,Technical Support,Mobile App,14.2,Yes,Negative,Masalah teknis berulang meskipun sebelumnya sudah ditangani.
T0000349,C000254,2026-02-05,Complaint,WhatsApp,33.5,Yes,Neutral,Keluhan diteruskan untuk investigasi lanjutan.
T0000350,C000256,2026-03-15,Complaint,WhatsApp,18.2,Yes,Negative,Pelanggan tidak puas dengan penyelesaian masalah sebelumnya.
T0000351,C000256,2026-03-13,Account,Call Center,30.4,Yes,Negative,Pelanggan kesulitan mengakses akun dan merasa proses terlalu rumit.
T0000352,C000256,2026-07-22,Billing,WhatsApp,15.3,Yes,Negative,Pelanggan keberatan dengan tagihan dan meminta penjelasan rinci.
T0000353,C000256,2025-11-03,Complaint,Call Center,23.9,No,Negative,Pelanggan tidak puas dengan penyelesaian masalah sebelumnya.
T0000354,C000257,2025-11-09,Billing,WhatsApp,27.7,Yes,Neutral,Pelanggan menanyakan rincian tagihan bulan berjalan.
T0000355,C000257,2026-04-16,Technical Support,WhatsApp,7.8,No,Neutral,Pelanggan meminta panduan konfigurasi perangkat.
T0000356,C000257,2026-06-25,Technical Support,Email,21.2,Yes,Negative,Masalah teknis berulang meskipun sebelumnya sudah ditangani.
T0000357,C000257,2025-10-06,Billing,Mobile App,12.6,No,Neutral,Pelanggan menanyakan rincian tagihan bulan berjalan.
T0000358,C000258,2026-07-03,Billing,Email,22.5,No,Negative,Pelanggan keberatan dengan tagihan dan meminta penjelasan rinci.
T0000359,C000258,2026-02-20,Network,Call Center,21.1,No,Negative,Pelanggan mengeluhkan jaringan tidak stabil di area rumah.
T0000360,C000260,2025-12-17,Complaint,Mobile App,0.6,Yes,Positive,Keluhan telah ditangani dan pelanggan menerima solusi.
T0000361,C000261,2025-09-24,Billing,Mobile App,21.4,No,Neutral,Pelanggan menanyakan rincian tagihan bulan berjalan.
T0000362,C000262,2025-10-19,Network,Email,11.9,Yes,Negative,Pelanggan mengeluhkan jaringan tidak stabil di area rumah.
T0000363,C000263,2026-07-23,Network,WhatsApp,16.6,No,Negative,Koneksi sering terputus dan pelanggan meminta perbaikan segera.
T0000364,C000263,2026-04-15,Network,Mobile App,7.9,No,Negative,Pelanggan mengeluhkan jaringan tidak stabil di area rumah.
T0000365,C000264,2026-06-08,Network,WhatsApp,18.0,Yes,Neutral,Pelanggan menanyakan status gangguan jaringan di wilayahnya.
T0000366,C000265,2026-07-30,Billing,WhatsApp,19.5,No,Neutral,Pelanggan menanyakan rincian tagihan bulan berjalan.
T0000367,C000265,2026-06-04,Network,Mobile App,35.0,Yes,Negative,Pelanggan mengeluhkan jaringan tidak stabil di area rumah.
T0000368,C000265,2025-11-11,Account,Email,14.5,Yes,Positive,Perubahan data akun berhasil dilakukan.
T0000369,C000266,2025-12-18,Account,WhatsApp,13.4,Yes,Negative,Pelanggan kesulitan mengakses akun dan merasa proses terlalu rumit.
T0000370,C000268,2025-09-19,Account,Mobile App,0.5,Yes,Positive,Perubahan data akun berhasil dilakukan.
T0000371,C000270,2025-10-01,Billing,Call Center,23.7,Yes,Negative,Terdapat selisih pada tagihan bulanan yang dikeluhkan pelanggan.
T0000372,C000270,2025-10-03,Account,Call Center,0.5,No,Neutral,Permintaan perubahan data akun pelanggan.
T0000373,C000270,2026-08-01,Billing,WhatsApp,16.2,Yes,Neutral,Pelanggan menanyakan rincian tagihan bulan berjalan.
T0000374,C000270,2025-09-24,Complaint,Call Center,24.4,Yes,Negative,Pelanggan tidak puas dengan penyelesaian masalah sebelumnya.
T0000375,C000270,2025-12-28,Account,Call Center,0.5,Yes,Neutral,Permintaan perubahan data akun pelanggan.
T0000376,C000271,2025-09-09,Network,Email,13.5,Yes,Neutral,Pelanggan menanyakan status gangguan jaringan di wilayahnya.
T0000377,C000271,2026-04-07,Network,Call Center,0.5,Yes,Positive,Gangguan jaringan telah selesai dan layanan kembali normal.
T0000378,C000272,2026-04-22,Billing,Mobile App,4.6,No,Positive,Penjelasan tagihan diterima dan masalah dinyatakan selesai.
T0000379,C000273,2026-08-26,Account,Call Center,7.8,Yes,Negative,Pelanggan kesulitan mengakses akun dan merasa proses terlalu rumit.
T0000380,C000273,2026-04-24,Network,Email,17.9,Yes,Negative,Pelanggan mengeluhkan jaringan tidak stabil di area rumah.
T0000381,C000273,2026-06-20,Network,Email,17.6,No,Negative,Koneksi sering terputus dan pelanggan meminta perbaikan segera.
T0000382,C000274,2025-09-07,Billing,Call Center,15.4,No,Negative,Terdapat selisih pada tagihan bulanan yang dikeluhkan pelanggan.
T0000383,C000275,2026-06-14,Complaint,WhatsApp,35.6,Yes,Negative,Pelanggan tidak puas dengan penyelesaian masalah sebelumnya.
T0000384,C000276,2026-06-25,Account,Call Center,24.8,No,Negative,Pelanggan kesulitan mengakses akun dan merasa proses terlalu rumit.
T0000385,C000276,2026-04-09,Network,Call Center,32.6,Yes,Negative,Koneksi sering terputus dan pelanggan meminta perbaikan segera.
T0000386,C000277,2026-03-03,Complaint,Call Center,13.1,Yes,Positive,Keluhan telah ditangani dan pelanggan menerima solusi.
T0000387,C000278,2025-09-16,Complaint,WhatsApp,16.8,No,Negative,Pelanggan tidak puas dengan penyelesaian masalah sebelumnya.
T0000388,C000278,2025-10-06,Technical Support,Email,28.9,Yes,Negative,Masalah teknis berulang meskipun sebelumnya sudah ditangani.
T0000389,C000281,2025-12-05,Billing,Mobile App,12.7,Yes,Negative,Pelanggan keberatan dengan tagihan dan meminta penjelasan rinci.
T0000390,C000281,2026-06-29,Billing,WhatsApp,8.3,No,Positive,Penjelasan tagihan diterima dan masalah dinyatakan selesai.
T0000391,C000281,2026-08-28,Complaint,Email,18.1,No,Negative,Pelanggan tidak puas dengan penyelesaian masalah sebelumnya.
T0000392,C000281,2026-06-22,Network,Mobile App,24.5,No,Negative,Koneksi sering terputus dan pelanggan meminta perbaikan segera.
T0000393,C000282,2025-10-28,Network,Email,16.2,Yes,Negative,Koneksi sering terputus dan pelanggan meminta perbaikan segera.
T0000394,C000283,2026-07-01,Billing,Mobile App,0.6,No,Negative,Pelanggan keberatan dengan tagihan dan meminta penjelasan rinci.
T0000395,C000285,2026-08-14,Billing,Mobile App,33.8,No,Negative,Pelanggan keberatan dengan tagihan dan meminta penjelasan rinci.
T0000396,C000285,2026-07-04,Complaint,WhatsApp,18.7,No,Negative,Pelanggan tidak puas dengan penyelesaian masalah sebelumnya.
T0000397,C000286,2025-12-07,Network,Call Center,11.3,Yes,Negative,Koneksi sering terputus dan pelanggan meminta perbaikan segera.
T0000398,C000287,2025-12-30,Network,Email,14.3,No,Neutral,Pelanggan menanyakan status gangguan jaringan di wilayahnya.
T0000399,C000287,2026-05-30,Billing,Mobile App,17.9,No,Neutral,Pelanggan menanyakan rincian tagihan bulan berjalan.
T0000400,C000287,2026-04-29,Account,Mobile App,17.8,Yes,Negative,Pelanggan kesulitan mengakses akun dan merasa proses terlalu rumit.
T0000401,C000287,2026-03-19,Billing,WhatsApp,28.0,Yes,Negative,Pelanggan keberatan dengan tagihan dan meminta penjelasan rinci.
T0000402,C000288,2026-07-19,Technical Support,WhatsApp,10.2,No,Positive,Panduan teknis berhasil dan layanan dapat digunakan kembali.
T0000403,C000288,2026-02-17,Network,WhatsApp,0.5,Yes,Neutral,Pelanggan menanyakan status gangguan jaringan di wilayahnya.
T0000404,C000289,2025-12-29,Technical Support,Call Center,5.5,Yes,Positive,Panduan teknis berhasil dan layanan dapat digunakan kembali.
T0000405,C000289,2026-05-11,Network,WhatsApp,19.1,Yes,Negative,Koneksi sering terputus dan pelanggan meminta perbaikan segera.
T0000406,C000291,2025-11-11,Technical Support,Mobile App,10.1,No,Negative,Masalah teknis berulang meskipun sebelumnya sudah ditangani.
T0000407,C000291,2026-01-31,Account,Call Center,17.4,No,Negative,Pelanggan kesulitan mengakses akun dan merasa proses terlalu rumit.
T0000408,C000291,2026-02-04,Account,Mobile App,39.5,Yes,Negative,Pelanggan kesulitan mengakses akun dan merasa proses terlalu rumit.
T0000409,C000291,2026-01-29,Complaint,Call Center,25.1,Yes,Negative,Pelanggan tidak puas dengan penyelesaian masalah sebelumnya.
T0000410,C000292,2026-07-18,Account,Email,18.5,Yes,Neutral,Permintaan perubahan data akun pelanggan.
T0000411,C000293,2026-02-16,Network,Call Center,3.6,Yes,Positive,Gangguan jaringan telah selesai dan layanan kembali normal.
T0000412,C000295,2026-04-05,Billing,Call Center,37.5,No,Negative,Terdapat selisih pada tagihan bulanan yang dikeluhkan pelanggan.
T0000413,C000295,2025-10-10,Billing,WhatsApp,15.4,Yes,Negative,Pelanggan keberatan dengan tagihan dan meminta penjelasan rinci.
T0000414,C000295,2026-02-11,Billing,Mobile App,12.8,Yes,Negative,Terdapat selisih pada tagihan bulanan yang dikeluhkan pelanggan.
T0000415,C000296,2026-07-08,Technical Support,WhatsApp,18.6,Yes,Neutral,Pelanggan meminta panduan konfigurasi perangkat.
T0000416,C000297,2026-02-28,Billing,Call Center,22.0,Yes,Negative,Terdapat selisih pada tagihan bulanan yang dikeluhkan pelanggan.
T0000417,C000297,2026-05-08,Technical Support,WhatsApp,39.9,Yes,Negative,Masalah teknis berulang meskipun sebelumnya sudah ditangani.
T0000418,C000297,2026-07-13,Technical Support,Mobile App,10.0,No,Negative,Masalah teknis berulang meskipun sebelumnya sudah ditangani.
T0000419,C000297,2026-07-14,Complaint,Mobile App,21.5,No,Negative,Pelanggan tidak puas dengan penyelesaian masalah sebelumnya.
T0000420,C000298,2026-08-08,Network,Email,11.1,No,Negative,Koneksi sering terputus dan pelanggan meminta perbaikan segera.
T0000421,C000298,2026-05-11,Billing,Call Center,21.3,No,Negative,Terdapat selisih pada tagihan bulanan yang dikeluhkan pelanggan.
T0000422,C000299,2026-06-23,Network,WhatsApp,5.1,Yes,Negative,Pelanggan mengeluhkan jaringan tidak stabil di area rumah.
T0000423,C000299,2026-06-21,Account,WhatsApp,30.3,Yes,Negative,Pelanggan kesulitan mengakses akun dan merasa proses terlalu rumit.
T0000424,C000299,2026-07-14,Account,WhatsApp,22.6,No,Negative,Pelanggan kesulitan mengakses akun dan merasa proses terlalu rumit.
T0000425,C000300,2026-07-12,Technical Support,Call Center,17.9,Yes,Negative,Masalah teknis berulang meskipun sebelumnya sudah ditangani.
T0000426,C000304,2025-09-17,Complaint,WhatsApp,39.4,Yes,Negative,Pelanggan tidak puas dengan penyelesaian masalah sebelumnya.
T0000427,C000304,2025-09-06,Technical Support,Email,13.6,Yes,Negative,Masalah teknis berulang meskipun sebelumnya sudah ditangani.
T0000428,C000306,2025-10-07,Billing,Call Center,19.9,Yes,Negative,Pelanggan keberatan dengan tagihan dan meminta penjelasan rinci.
T0000429,C000307,2025-10-27,Billing,Call Center,15.8,No,Negative,Pelanggan keberatan dengan tagihan dan meminta penjelasan rinci.
T0000430,C000307,2026-01-21,Account,Email,15.8,No,Negative,Pelanggan kesulitan mengakses akun dan merasa proses terlalu rumit.
T0000431,C000309,2026-08-22,Complaint,Call Center,1.1,Yes,Neutral,Keluhan diteruskan untuk investigasi lanjutan.
T0000432,C000310,2026-07-29,Network,Mobile App,7.4,No,Neutral,Pelanggan menanyakan status gangguan jaringan di wilayahnya.
T0000433,C000310,2025-09-25,Technical Support,WhatsApp,13.7,Yes,Positive,Panduan teknis berhasil dan layanan dapat digunakan kembali.
T0000434,C000311,2026-03-11,Billing,Call Center,38.2,Yes,Negative,Terdapat selisih pada tagihan bulanan yang dikeluhkan pelanggan.
T0000435,C000311,2025-10-07,Billing,Call Center,27.4,No,Negative,Terdapat selisih pada tagihan bulanan yang dikeluhkan pelanggan.
T0000436,C000317,2025-10-14,Network,Call Center,19.4,No,Neutral,Pelanggan menanyakan status gangguan jaringan di wilayahnya.
T0000437,C000319,2026-04-05,Network,Call Center,26.1,Yes,Positive,Gangguan jaringan telah selesai dan layanan kembali normal.
T0000438,C000319,2026-08-25,Account,Call Center,28.2,No,Neutral,Permintaan perubahan data akun pelanggan.
T0000439,C000320,2026-08-17,Technical Support,Call Center,5.4,Yes,Neutral,Pelanggan meminta panduan konfigurasi perangkat.
T0000440,C000320,2026-06-06,Billing,Call Center,4.7,Yes,Negative,Terdapat selisih pada tagihan bulanan yang dikeluhkan pelanggan.
T0000441,C000323,2025-12-12,Technical Support,WhatsApp,36.2,No,Negative,Masalah teknis berulang meskipun sebelumnya sudah ditangani.
T0000442,C000324,2026-08-05,Complaint,WhatsApp,26.2,No,Negative,Pelanggan tidak puas dengan penyelesaian masalah sebelumnya.
T0000443,C000325,2026-06-21,Technical Support,Call Center,18.4,No,Negative,Masalah teknis berulang meskipun sebelumnya sudah ditangani.
T0000444,C000326,2026-04-19,Network,Call Center,0.7,Yes,Positive,Gangguan jaringan telah selesai dan layanan kembali normal.
T0000445,C000327,2026-06-01,Network,WhatsApp,39.4,Yes,Negative,Koneksi sering terputus dan pelanggan meminta perbaikan segera.
T0000446,C000327,2026-03-13,Technical Support,Call Center,17.1,Yes,Negative,Masalah teknis berulang meskipun sebelumnya sudah ditangani.
T0000447,C000328,2026-06-06,Complaint,Call Center,17.3,No,Negative,Pelanggan tidak puas dengan penyelesaian masalah sebelumnya.
T0000448,C000330,2026-03-21,Billing,Call Center,7.8,Yes,Positive,Penjelasan tagihan diterima dan masalah dinyatakan selesai.
T0000449,C000330,2025-10-25,Billing,WhatsApp,25.7,Yes,Negative,Terdapat selisih pada tagihan bulanan yang dikeluhkan pelanggan.
T0000450,C000330,2025-12-21,Network,Call Center,13.0,Yes,Negative,Koneksi sering terputus dan pelanggan meminta perbaikan segera.
T0000451,C000331,2025-12-21,Technical Support,Mobile App,17.7,No,Positive,Panduan teknis berhasil dan layanan dapat digunakan kembali.
T0000452,C000331,2026-02-08,Billing,WhatsApp,13.8,No,Neutral,Pelanggan menanyakan rincian tagihan bulan berjalan.
T0000453,C000332,2026-05-27,Technical Support,WhatsApp,27.4,Yes,Neutral,Pelanggan meminta panduan konfigurasi perangkat.
T0000454,C000332,2026-02-17,Network,Call Center,5.5,Yes,Negative,Pelanggan mengeluhkan jaringan tidak stabil di area rumah.
T0000455,C000332,2026-02-20,Account,WhatsApp,15.9,No,Negative,Pelanggan kesulitan mengakses akun dan merasa proses terlalu rumit.
T0000456,C000335,2026-07-29,Network,Mobile App,17.8,No,Negative,Koneksi sering terputus dan pelanggan meminta perbaikan segera.
T0000457,C000335,2026-07-13,Network,Email,13.8,Yes,Negative,Koneksi sering terputus dan pelanggan meminta perbaikan segera.
T0000458,C000335,2026-05-22,Technical Support,WhatsApp,19.1,No,Negative,Masalah teknis berulang meskipun sebelumnya sudah ditangani.
T0000459,C000335,2026-08-09,Network,Call Center,26.1,Yes,Negative,Koneksi sering terputus dan pelanggan meminta perbaikan segera.
T0000460,C000336,2026-01-12,Billing,WhatsApp,23.2,Yes,Neutral,Pelanggan menanyakan rincian tagihan bulan berjalan.
T0000461,C000339,2025-12-20,Network,WhatsApp,36.4,No,Negative,Pelanggan mengeluhkan jaringan tidak stabil di area rumah.
T0000462,C000339,2026-07-17,Network,Mobile App,22.9,Yes,Negative,Koneksi sering terputus dan pelanggan meminta perbaikan segera.
T0000463,C000340,2026-02-04,Billing,WhatsApp,15.5,No,Neutral,Pelanggan menanyakan rincian tagihan bulan berjalan.
T0000464,C000340,2025-09-21,Account,Call Center,19.3,No,Neutral,Permintaan perubahan data akun pelanggan.
T0000465,C000341,2026-08-11,Complaint,Mobile App,12.5,Yes,Neutral,Keluhan diteruskan untuk investigasi lanjutan.
T0000466,C000343,2026-03-19,Complaint,WhatsApp,27.3,No,Negative,Pelanggan tidak puas dengan penyelesaian masalah sebelumnya.
T0000467,C000343,2026-08-25,Account,Mobile App,31.3,No,Negative,Pelanggan kesulitan mengakses akun dan merasa proses terlalu rumit.
T0000468,C000345,2026-07-21,Network,Call Center,0.5,No,Positive,Gangguan jaringan telah selesai dan layanan kembali normal.
T0000469,C000345,2026-01-01,Network,Mobile App,14.1,Yes,Positive,Gangguan jaringan telah selesai dan layanan kembali normal.
T0000470,C000345,2026-03-30,Account,Email,14.7,Yes,Negative,Pelanggan kesulitan mengakses akun dan merasa proses terlalu rumit.
T0000471,C000346,2026-04-20,Network,Call Center,17.5,Yes,Positive,Gangguan jaringan telah selesai dan layanan kembali normal.
T0000472,C000347,2026-08-17,Complaint,WhatsApp,15.3,No,Neutral,Keluhan diteruskan untuk investigasi lanjutan.
T0000473,C000350,2026-05-23,Network,WhatsApp,20.0,Yes,Negative,Pelanggan mengeluhkan jaringan tidak stabil di area rumah.
T0000474,C000351,2025-10-14,Complaint,WhatsApp,9.2,No,Positive,Keluhan telah ditangani dan pelanggan menerima solusi.
T0000475,C000352,2025-09-23,Billing,WhatsApp,27.1,No,Negative,Pelanggan keberatan dengan tagihan dan meminta penjelasan rinci.
T0000476,C000353,2026-01-08,Network,Call Center,27.2,No,Negative,Koneksi sering terputus dan pelanggan meminta perbaikan segera.
T0000477,C000355,2026-03-04,Account,WhatsApp,21.0,No,Negative,Pelanggan kesulitan mengakses akun dan merasa proses terlalu rumit.
T0000478,C000355,2026-04-15,Network,Call Center,3.0,Yes,Positive,Gangguan jaringan telah selesai dan layanan kembali normal.
T0000479,C000356,2026-03-17,Technical Support,Mobile App,21.8,No,Negative,Masalah teknis berulang meskipun sebelumnya sudah ditangani.
T0000480,C000357,2026-02-16,Network,Mobile App,3.7,Yes,Positive,Gangguan jaringan telah selesai dan layanan kembali normal.
T0000481,C000358,2025-10-01,Technical Support,Mobile App,15.8,No,Neutral,Pelanggan meminta panduan konfigurasi perangkat.
T0000482,C000360,2025-12-10,Billing,Email,10.2,No,Positive,Penjelasan tagihan diterima dan masalah dinyatakan selesai.
T0000483,C000361,2026-05-18,Technical Support,WhatsApp,18.9,No,Neutral,Pelanggan meminta panduan konfigurasi perangkat.
T0000484,C000366,2026-07-17,Network,WhatsApp,30.7,No,Negative,Koneksi sering terputus dan pelanggan meminta perbaikan segera.
T0000485,C000366,2026-03-21,Billing,WhatsApp,17.2,No,Negative,Pelanggan keberatan dengan tagihan dan meminta penjelasan rinci.
T0000486,C000369,2025-10-01,Network,Mobile App,19.5,Yes,Negative,Koneksi sering terputus dan pelanggan meminta perbaikan segera.
T0000487,C000369,2025-09-21,Technical Support,WhatsApp,16.0,Yes,Negative,Masalah teknis berulang meskipun sebelumnya sudah ditangani.
T0000488,C000369,2026-06-11,Account,Call Center,12.2,No,Negative,Pelanggan kesulitan mengakses akun dan merasa proses terlalu rumit.
T0000489,C000370,2026-07-27,Account,WhatsApp,15.7,Yes,Neutral,Permintaan perubahan data akun pelanggan.
T0000490,C000371,2026-01-31,Technical Support,Email,9.4,Yes,Neutral,Pelanggan meminta panduan konfigurasi perangkat.
T0000491,C000373,2025-11-03,Complaint,WhatsApp,8.2,Yes,Neutral,Keluhan diteruskan untuk investigasi lanjutan.
T0000492,C000374,2025-12-18,Account,WhatsApp,3.7,Yes,Neutral,Permintaan perubahan data akun pelanggan.
T0000493,C000374,2025-10-24,Network,Email,21.6,No,Negative,Pelanggan mengeluhkan jaringan tidak stabil di area rumah.
T0000494,C000374,2026-06-18,Technical Support,WhatsApp,23.3,No,Negative,Masalah teknis berulang meskipun sebelumnya sudah ditangani.
T0000495,C000375,2025-11-18,Technical Support,WhatsApp,15.4,No,Negative,Masalah teknis berulang meskipun sebelumnya sudah ditangani.
T0000496,C000377,2026-07-27,Billing,WhatsApp,20.7,No,Negative,Terdapat selisih pada tagihan bulanan yang dikeluhkan pelanggan.
T0000497,C000378,2026-05-06,Billing,Mobile App,25.0,Yes,Negative,Pelanggan keberatan dengan tagihan dan meminta penjelasan rinci.
T0000498,C000379,2026-08-05,Account,Email,7.9,Yes,Neutral,Permintaan perubahan data akun pelanggan.
T0000499,C000380,2025-10-16,Account,Call Center,14.3,No,Negative,Pelanggan kesulitan mengakses akun dan merasa proses terlalu rumit.
T0000500,C000381,2026-02-11,Technical Support,Call Center,21.7,Yes,Negative,Masalah teknis berulang meskipun sebelumnya sudah ditangani.
T0000501,C000381,2026-07-23,Network,Email,15.2,Yes,Negative,Pelanggan mengeluhkan jaringan tidak stabil di area rumah.
T0000502,C000381,2025-12-30,Network,Email,13.4,Yes,Negative,Pelanggan mengeluhkan jaringan tidak stabil di area rumah.
T0000503,C000382,2026-01-25,Billing,Call Center,5.3,Yes,Neutral,Pelanggan menanyakan rincian tagihan bulan berjalan.
T0000504,C000383,2026-06-04,Network,Call Center,18.4,No,Negative,Pelanggan mengeluhkan jaringan tidak stabil di area rumah.
T0000505,C000383,2025-10-03,Technical Support,Call Center,12.1,No,Negative,Masalah teknis berulang meskipun sebelumnya sudah ditangani.
T0000506,C000384,2025-09-25,Technical Support,Call Center,10.3,Yes,Positive,Panduan teknis berhasil dan layanan dapat digunakan kembali.
T0000507,C000384,2025-12-12,Technical Support,WhatsApp,13.5,Yes,Neutral,Pelanggan meminta panduan konfigurasi perangkat.
T0000508,C000384,2026-04-21,Technical Support,Call Center,26.0,No,Negative,Masalah teknis berulang meskipun sebelumnya sudah ditangani.
T0000509,C000387,2026-05-26,Complaint,Email,16.7,No,Negative,Pelanggan tidak puas dengan penyelesaian masalah sebelumnya.
T0000510,C000387,2025-11-22,Network,WhatsApp,16.4,Yes,Neutral,Pelanggan menanyakan status gangguan jaringan di wilayahnya.
T0000511,C000388,2025-09-28,Technical Support,WhatsApp,30.9,No,Negative,Masalah teknis berulang meskipun sebelumnya sudah ditangani.
T0000512,C000390,2026-03-26,Complaint,Email,19.2,Yes,Positive,Keluhan telah ditangani dan pelanggan menerima solusi.
T0000513,C000391,2026-08-29,Network,Call Center,25.3,No,Negative,Pelanggan mengeluhkan jaringan tidak stabil di area rumah.
T0000514,C000391,2026-07-22,Complaint,Email,20.8,Yes,Neutral,Keluhan diteruskan untuk investigasi lanjutan.
T0000515,C000393,2026-08-26,Complaint,Call Center,20.6,Yes,Positive,Keluhan telah ditangani dan pelanggan menerima solusi.
T0000516,C000396,2026-04-04,Complaint,Call Center,33.1,No,Negative,Pelanggan tidak puas dengan penyelesaian masalah sebelumnya.
T0000517,C000396,2025-09-18,Technical Support,Mobile App,18.2,Yes,Negative,Masalah teknis berulang meskipun sebelumnya sudah ditangani.
T0000518,C000396,2026-06-07,Network,Call Center,28.9,No,Negative,Pelanggan mengeluhkan jaringan tidak stabil di area rumah.
T0000519,C000396,2026-01-11,Technical Support,WhatsApp,16.8,No,Positive,Panduan teknis berhasil dan layanan dapat digunakan kembali.
T0000520,C000402,2026-03-26,Network,Call Center,14.1,Yes,Negative,Koneksi sering terputus dan pelanggan meminta perbaikan segera.
T0000521,C000405,2026-08-14,Billing,Email,15.3,Yes,Neutral,Pelanggan menanyakan rincian tagihan bulan berjalan.
T0000522,C000406,2026-08-06,Network,Mobile App,19.1,Yes,Negative,Koneksi sering terputus dan pelanggan meminta perbaikan segera.
T0000523,C000409,2026-05-17,Network,Mobile App,18.6,No,Negative,Pelanggan mengeluhkan jaringan tidak stabil di area rumah.
T0000524,C000409,2026-03-28,Account,Email,20.6,No,Negative,Pelanggan kesulitan mengakses akun dan merasa proses terlalu rumit.
T0000525,C000410,2026-02-13,Billing,Call Center,28.3,No,Negative,Pelanggan keberatan dengan tagihan dan meminta penjelasan rinci.
T0000526,C000410,2026-02-15,Billing,Mobile App,0.5,Yes,Neutral,Pelanggan menanyakan rincian tagihan bulan berjalan.
T0000527,C000412,2026-05-05,Complaint,WhatsApp,29.2,Yes,Neutral,Keluhan diteruskan untuk investigasi lanjutan.
T0000528,C000412,2025-11-25,Technical Support,WhatsApp,7.4,Yes,Positive,Panduan teknis berhasil dan layanan dapat digunakan kembali.
T0000529,C000414,2025-09-23,Technical Support,Call Center,2.1,Yes,Neutral,Pelanggan meminta panduan konfigurasi perangkat.
T0000530,C000415,2026-08-13,Technical Support,Mobile App,17.5,No,Negative,Masalah teknis berulang meskipun sebelumnya sudah ditangani.
T0000531,C000415,2025-10-22,Network,Mobile App,0.5,Yes,Neutral,Pelanggan menanyakan status gangguan jaringan di wilayahnya.
T0000532,C000415,2025-10-25,Complaint,WhatsApp,11.1,No,Neutral,Keluhan diteruskan untuk investigasi lanjutan.
T0000533,C000416,2026-01-30,Complaint,WhatsApp,26.2,Yes,Negative,Pelanggan tidak puas dengan penyelesaian masalah sebelumnya.
T0000534,C000417,2026-05-26,Account,WhatsApp,9.9,Yes,Positive,Perubahan data akun berhasil dilakukan.
T0000535,C000418,2026-06-08,Complaint,WhatsApp,17.5,No,Negative,Pelanggan tidak puas dengan penyelesaian masalah sebelumnya.
T0000536,C000420,2026-04-26,Billing,Call Center,24.9,No,Neutral,Pelanggan menanyakan rincian tagihan bulan berjalan.
T0000537,C000421,2025-12-06,Technical Support,Call Center,8.8,No,Negative,Masalah teknis berulang meskipun sebelumnya sudah ditangani.
T0000538,C000421,2026-08-11,Network,WhatsApp,17.0,Yes,Negative,Koneksi sering terputus dan pelanggan meminta perbaikan segera.
T0000539,C000422,2026-04-22,Account,Call Center,0.7,Yes,Neutral,Permintaan perubahan data akun pelanggan.
T0000540,C000422,2026-07-18,Account,WhatsApp,2.5,Yes,Neutral,Permintaan perubahan data akun pelanggan.
T0000541,C000422,2026-08-14,Technical Support,Call Center,26.8,No,Negative,Masalah teknis berulang meskipun sebelumnya sudah ditangani.
T0000542,C000422,2026-06-23,Network,Email,7.3,Yes,Positive,Gangguan jaringan telah selesai dan layanan kembali normal.
T0000543,C000423,2026-02-19,Billing,Mobile App,7.7,Yes,Positive,Penjelasan tagihan diterima dan masalah dinyatakan selesai.
T0000544,C000423,2025-12-08,Network,WhatsApp,15.1,Yes,Negative,Koneksi sering terputus dan pelanggan meminta perbaikan segera.
T0000545,C000425,2026-07-23,Network,Call Center,12.4,Yes,Negative,Koneksi sering terputus dan pelanggan meminta perbaikan segera.
T0000546,C000425,2025-11-29,Network,Call Center,16.4,Yes,Negative,Koneksi sering terputus dan pelanggan meminta perbaikan segera.
T0000547,C000426,2026-06-05,Network,Email,16.8,No,Negative,Pelanggan mengeluhkan jaringan tidak stabil di area rumah.
T0000548,C000428,2026-07-28,Account,Mobile App,27.8,No,Negative,Pelanggan kesulitan mengakses akun dan merasa proses terlalu rumit.
T0000549,C000429,2026-08-02,Network,WhatsApp,14.4,No,Negative,Koneksi sering terputus dan pelanggan meminta perbaikan segera.
T0000550,C000429,2025-11-07,Account,Call Center,9.9,Yes,Negative,Pelanggan kesulitan mengakses akun dan merasa proses terlalu rumit.
T0000551,C000430,2026-07-04,Account,WhatsApp,24.2,No,Negative,Pelanggan kesulitan mengakses akun dan merasa proses terlalu rumit.
T0000552,C000430,2026-02-05,Billing,Mobile App,7.2,Yes,Negative,Terdapat selisih pada tagihan bulanan yang dikeluhkan pelanggan.
T0000553,C000431,2025-10-09,Billing,Call Center,16.7,No,Negative,Terdapat selisih pada tagihan bulanan yang dikeluhkan pelanggan.
T0000554,C000434,2026-06-04,Network,WhatsApp,9.6,Yes,Neutral,Pelanggan menanyakan status gangguan jaringan di wilayahnya.
T0000555,C000434,2026-06-25,Complaint,Mobile App,29.4,No,Negative,Pelanggan tidak puas dengan penyelesaian masalah sebelumnya.
T0000556,C000434,2025-11-24,Billing,Call Center,23.1,Yes,Negative,Terdapat selisih pada tagihan bulanan yang dikeluhkan pelanggan.
T0000557,C000437,2025-12-06,Technical Support,Email,12.1,Yes,Neutral,Pelanggan meminta panduan konfigurasi perangkat.
T0000558,C000438,2025-12-01,Network,Mobile App,26.7,Yes,Negative,Pelanggan mengeluhkan jaringan tidak stabil di area rumah.
T0000559,C000439,2026-07-07,Network,Mobile App,9.0,No,Neutral,Pelanggan menanyakan status gangguan jaringan di wilayahnya.
T0000560,C000439,2025-11-28,Technical Support,Mobile App,15.0,No,Negative,Masalah teknis berulang meskipun sebelumnya sudah ditangani.
T0000561,C000440,2026-03-11,Technical Support,Call Center,30.5,No,Negative,Masalah teknis berulang meskipun sebelumnya sudah ditangani.
T0000562,C000441,2026-06-06,Network,Email,5.4,Yes,Negative,Pelanggan mengeluhkan jaringan tidak stabil di area rumah.
T0000563,C000442,2026-06-06,Network,Mobile App,9.7,Yes,Positive,Gangguan jaringan telah selesai dan layanan kembali normal.
T0000564,C000442,2026-07-03,Technical Support,Call Center,17.1,Yes,Negative,Masalah teknis berulang meskipun sebelumnya sudah ditangani.
T0000565,C000442,2026-08-22,Complaint,WhatsApp,24.6,Yes,Negative,Pelanggan tidak puas dengan penyelesaian masalah sebelumnya.
T0000566,C000442,2026-03-31,Technical Support,WhatsApp,11.4,Yes,Negative,Masalah teknis berulang meskipun sebelumnya sudah ditangani.
T0000567,C000443,2026-08-03,Account,Call Center,0.5,Yes,Neutral,Permintaan perubahan data akun pelanggan.
T0000568,C000443,2025-10-08,Technical Support,Mobile App,29.3,No,Negative,Masalah teknis berulang meskipun sebelumnya sudah ditangani.
T0000569,C000443,2026-07-11,Account,Email,29.0,Yes,Negative,Pelanggan kesulitan mengakses akun dan merasa proses terlalu rumit.
T0000570,C000444,2026-07-20,Technical Support,WhatsApp,18.5,No,Negative,Masalah teknis berulang meskipun sebelumnya sudah ditangani.
T0000571,C000444,2026-04-25,Billing,WhatsApp,31.5,No,Negative,Pelanggan keberatan dengan tagihan dan meminta penjelasan rinci.
T0000572,C000447,2026-08-19,Billing,Email,0.5,Yes,Positive,Penjelasan tagihan diterima dan masalah dinyatakan selesai.
T0000573,C000448,2026-08-31,Network,WhatsApp,17.6,No,Negative,Koneksi sering terputus dan pelanggan meminta perbaikan segera.
T0000574,C000449,2026-07-20,Network,WhatsApp,15.6,Yes,Negative,Pelanggan mengeluhkan jaringan tidak stabil di area rumah.
T0000575,C000449,2026-01-18,Complaint,Mobile App,19.9,Yes,Negative,Pelanggan tidak puas dengan penyelesaian masalah sebelumnya.
T0000576,C000450,2026-01-19,Network,Call Center,8.9,Yes,Negative,Pelanggan mengeluhkan jaringan tidak stabil di area rumah.
T0000577,C000450,2025-09-29,Complaint,WhatsApp,21.0,Yes,Neutral,Keluhan diteruskan untuk investigasi lanjutan.
T0000578,C000451,2025-10-20,Account,WhatsApp,19.1,No,Negative,Pelanggan kesulitan mengakses akun dan merasa proses terlalu rumit.
T0000579,C000454,2025-10-10,Network,Call Center,24.6,Yes,Positive,Gangguan jaringan telah selesai dan layanan kembali normal.
T0000580,C000454,2026-02-22,Network,Call Center,18.6,No,Negative,Koneksi sering terputus dan pelanggan meminta perbaikan segera.
T0000581,C000454,2026-04-23,Network,Call Center,17.5,No,Negative,Pelanggan mengeluhkan jaringan tidak stabil di area rumah.
T0000582,C000454,2025-09-05,Account,WhatsApp,9.9,No,Negative,Pelanggan kesulitan mengakses akun dan merasa proses terlalu rumit.
T0000583,C000455,2026-07-04,Technical Support,WhatsApp,29.2,Yes,Negative,Masalah teknis berulang meskipun sebelumnya sudah ditangani.
T0000584,C000455,2026-06-22,Account,WhatsApp,13.5,No,Negative,Pelanggan kesulitan mengakses akun dan merasa proses terlalu rumit.
T0000585,C000455,2026-08-22,Network,Call Center,29.5,Yes,Negative,Pelanggan mengeluhkan jaringan tidak stabil di area rumah.
T0000586,C000455,2026-07-17,Billing,WhatsApp,9.7,No,Negative,Pelanggan keberatan dengan tagihan dan meminta penjelasan rinci.
T0000587,C000455,2026-08-22,Network,Mobile App,11.5,Yes,Negative,Koneksi sering terputus dan pelanggan meminta perbaikan segera.
T0000588,C000456,2026-08-31,Network,Call Center,21.7,Yes,Negative,Koneksi sering terputus dan pelanggan meminta perbaikan segera.
T0000589,C000461,2026-07-18,Complaint,Mobile App,7.5,Yes,Neutral,Keluhan diteruskan untuk investigasi lanjutan.
T0000590,C000463,2026-08-29,Network,WhatsApp,18.4,No,Negative,Koneksi sering terputus dan pelanggan meminta perbaikan segera.
T0000591,C000466,2026-05-30,Network,WhatsApp,42.8,No,Negative,Pelanggan mengeluhkan jaringan tidak stabil di area rumah.
T0000592,C000468,2025-10-04,Network,Mobile App,21.6,Yes,Positive,Gangguan jaringan telah selesai dan layanan kembali normal.
T0000593,C000468,2026-04-02,Network,WhatsApp,18.1,Yes,Neutral,Pelanggan menanyakan status gangguan jaringan di wilayahnya.
T0000594,C000470,2026-06-09,Account,Mobile App,21.4,No,Negative,Pelanggan kesulitan mengakses akun dan merasa proses terlalu rumit.
T0000595,C000470,2026-01-17,Complaint,Call Center,4.2,No,Neutral,Keluhan diteruskan untuk investigasi lanjutan.
T0000596,C000472,2025-11-13,Billing,Mobile App,25.1,Yes,Negative,Pelanggan keberatan dengan tagihan dan meminta penjelasan rinci.
T0000597,C000472,2026-07-30,Technical Support,WhatsApp,19.6,Yes,Negative,Masalah teknis berulang meskipun sebelumnya sudah ditangani.
T0000598,C000472,2025-10-09,Complaint,Call Center,15.6,Yes,Negative,Pelanggan tidak puas dengan penyelesaian masalah sebelumnya.
T0000599,C000472,2025-11-30,Network,WhatsApp,18.0,No,Negative,Koneksi sering terputus dan pelanggan meminta perbaikan segera.
T0000600,C000475,2026-07-25,Billing,Call Center,14.3,No,Negative,Terdapat selisih pada tagihan bulanan yang dikeluhkan pelanggan.
T0000601,C000475,2025-09-13,Complaint,Call Center,14.8,Yes,Negative,Pelanggan tidak puas dengan penyelesaian masalah sebelumnya.
T0000602,C000477,2026-01-31,Billing,Email,14.8,No,Neutral,Pelanggan menanyakan rincian tagihan bulan berjalan.
T0000603,C000478,2025-12-18,Network,Call Center,9.5,Yes,Negative,Pelanggan mengeluhkan jaringan tidak stabil di area rumah.
T0000604,C000480,2026-04-12,Technical Support,Call Center,11.0,No,Positive,Panduan teknis berhasil dan layanan dapat digunakan kembali.
T0000605,C000481,2026-07-09,Account,WhatsApp,30.7,No,Negative,Pelanggan kesulitan mengakses akun dan merasa proses terlalu rumit.
T0000606,C000484,2026-02-14,Technical Support,WhatsApp,10.2,Yes,Positive,Panduan teknis berhasil dan layanan dapat digunakan kembali.
T0000607,C000484,2026-07-09,Network,WhatsApp,19.0,No,Negative,Pelanggan mengeluhkan jaringan tidak stabil di area rumah.
T0000608,C000485,2026-05-11,Billing,WhatsApp,10.6,Yes,Neutral,Pelanggan menanyakan rincian tagihan bulan berjalan.
T0000609,C000486,2026-03-27,Technical Support,WhatsApp,4.8,Yes,Neutral,Pelanggan meminta panduan konfigurasi perangkat.
T0000610,C000486,2026-05-01,Billing,Call Center,26.7,No,Negative,Terdapat selisih pada tagihan bulanan yang dikeluhkan pelanggan.
T0000611,C000487,2026-06-25,Account,Mobile App,10.8,Yes,Neutral,Permintaan perubahan data akun pelanggan.
T0000612,C000487,2026-04-21,Account,Mobile App,28.8,No,Negative,Pelanggan kesulitan mengakses akun dan merasa proses terlalu rumit.
T0000613,C000487,2026-06-25,Complaint,Email,34.0,Yes,Negative,Pelanggan tidak puas dengan penyelesaian masalah sebelumnya.
T0000614,C000487,2025-11-03,Network,WhatsApp,12.0,Yes,Neutral,Pelanggan menanyakan status gangguan jaringan di wilayahnya.
T0000615,C000488,2026-06-09,Account,Email,9.5,Yes,Neutral,Permintaan perubahan data akun pelanggan.
T0000616,C000489,2025-09-14,Network,WhatsApp,19.1,Yes,Negative,Koneksi sering terputus dan pelanggan meminta perbaikan segera.
T0000617,C000492,2026-06-02,Network,Mobile App,4.7,Yes,Positive,Gangguan jaringan telah selesai dan layanan kembali normal.
T0000618,C000493,2025-12-30,Network,WhatsApp,21.0,No,Negative,Pelanggan mengeluhkan jaringan tidak stabil di area rumah.
T0000619,C000494,2025-10-23,Account,Email,10.9,Yes,Neutral,Permintaan perubahan data akun pelanggan.
T0000620,C000495,2025-12-02,Account,Email,12.0,Yes,Neutral,Permintaan perubahan data akun pelanggan.
T0000621,C000496,2026-01-23,Network,Mobile App,6.2,Yes,Positive,Gangguan jaringan telah selesai dan layanan kembali normal.
T0000622,C000496,2026-04-05,Network,WhatsApp,5.2,Yes,Negative,Pelanggan mengeluhkan jaringan tidak stabil di area rumah.
T0000623,C000498,2025-10-25,Technical Support,WhatsApp,21.9,Yes,Positive,Panduan teknis berhasil dan layanan dapat digunakan kembali.
T0000624,C000498,2026-08-29,Account,Call Center,16.5,No,Negative,Pelanggan kesulitan mengakses akun dan merasa proses terlalu rumit.
T0000625,C000498,2026-08-29,Technical Support,WhatsApp,9.8,Yes,Negative,Masalah teknis berulang meskipun sebelumnya sudah ditangani.
T0000626,C000499,2026-04-21,Network,Call Center,8.5,No,Neutral,Pelanggan menanyakan status gangguan jaringan di wilayahnya.
T0000627,C000500,2026-07-31,Complaint,Mobile App,32.5,No,Negative,Pelanggan tidak puas dengan penyelesaian masalah sebelumnya.
T0000628,C000501,2026-04-19,Complaint,WhatsApp,11.7,No,Positive,Keluhan telah ditangani dan pelanggan menerima solusi.
T0000629,C000501,2025-10-11,Complaint,WhatsApp,31.1,Yes,Negative,Pelanggan tidak puas dengan penyelesaian masalah sebelumnya.
T0000630,C000501,2026-07-02,Account,Call Center,7.6,Yes,Negative,Pelanggan kesulitan mengakses akun dan merasa proses terlalu rumit.
T0000631,C000501,2026-07-17,Billing,Mobile App,16.3,Yes,Negative,Pelanggan keberatan dengan tagihan dan meminta penjelasan rinci.
T0000632,C000501,2026-07-12,Technical Support,Call Center,32.2,Yes,Negative,Masalah teknis berulang meskipun sebelumnya sudah ditangani.
T0000633,C000502,2026-08-30,Network,WhatsApp,13.6,Yes,Negative,Koneksi sering terputus dan pelanggan meminta perbaikan segera.
T0000634,C000502,2026-03-04,Complaint,WhatsApp,33.1,No,Negative,Pelanggan tidak puas dengan penyelesaian masalah sebelumnya.
T0000635,C000504,2026-03-27,Billing,Call Center,18.0,No,Neutral,Pelanggan menanyakan rincian tagihan bulan berjalan.
T0000636,C000505,2026-08-01,Technical Support,Mobile App,10.4,No,Positive,Panduan teknis berhasil dan layanan dapat digunakan kembali.
T0000637,C000505,2026-08-22,Network,Mobile App,0.5,Yes,Neutral,Pelanggan menanyakan status gangguan jaringan di wilayahnya.
T0000638,C000506,2026-08-08,Technical Support,Call Center,11.4,No,Neutral,Pelanggan meminta panduan konfigurasi perangkat.
T0000639,C000506,2026-02-11,Technical Support,Mobile App,31.6,Yes,Negative,Masalah teknis berulang meskipun sebelumnya sudah ditangani.
T0000640,C000506,2026-04-28,Account,WhatsApp,22.4,Yes,Negative,Pelanggan kesulitan mengakses akun dan merasa proses terlalu rumit.
T0000641,C000507,2026-05-22,Billing,Mobile App,10.7,No,Positive,Penjelasan tagihan diterima dan masalah dinyatakan selesai.
T0000642,C000508,2025-12-01,Network,Mobile App,8.5,No,Neutral,Pelanggan menanyakan status gangguan jaringan di wilayahnya.
T0000643,C000510,2026-01-26,Billing,Call Center,12.9,Yes,Negative,Terdapat selisih pada tagihan bulanan yang dikeluhkan pelanggan.
T0000644,C000511,2025-09-30,Network,Call Center,14.1,Yes,Negative,Pelanggan mengeluhkan jaringan tidak stabil di area rumah.
T0000645,C000511,2026-01-13,Technical Support,Email,18.4,No,Negative,Masalah teknis berulang meskipun sebelumnya sudah ditangani.
T0000646,C000512,2025-12-16,Technical Support,Email,0.5,Yes,Neutral,Pelanggan meminta panduan konfigurasi perangkat.
T0000647,C000512,2025-10-15,Account,WhatsApp,3.4,Yes,Neutral,Permintaan perubahan data akun pelanggan.
T0000648,C000513,2025-12-02,Complaint,Mobile App,30.1,No,Negative,Pelanggan tidak puas dengan penyelesaian masalah sebelumnya.
T0000649,C000513,2026-04-20,Complaint,Mobile App,9.7,Yes,Neutral,Keluhan diteruskan untuk investigasi lanjutan.
T0000650,C000514,2026-03-01,Billing,Mobile App,7.0,No,Negative,Terdapat selisih pada tagihan bulanan yang dikeluhkan pelanggan.
T0000651,C000514,2026-08-23,Billing,WhatsApp,0.5,Yes,Positive,Penjelasan tagihan diterima dan masalah dinyatakan selesai.
T0000652,C000516,2026-05-27,Complaint,Email,22.9,No,Negative,Pelanggan tidak puas dengan penyelesaian masalah sebelumnya.
T0000653,C000518,2026-05-02,Account,WhatsApp,10.2,Yes,Neutral,Permintaan perubahan data akun pelanggan.
T0000654,C000518,2026-05-27,Network,Mobile App,27.0,No,Negative,Koneksi sering terputus dan pelanggan meminta perbaikan segera.
T0000655,C000518,2025-12-30,Complaint,Email,13.7,Yes,Neutral,Keluhan diteruskan untuk investigasi lanjutan.
T0000656,C000520,2026-01-03,Complaint,WhatsApp,22.8,Yes,Neutral,Keluhan diteruskan untuk investigasi lanjutan.
T0000657,C000521,2026-02-21,Billing,Call Center,16.3,Yes,Negative,Pelanggan keberatan dengan tagihan dan meminta penjelasan rinci.
T0000658,C000522,2025-10-18,Network,Mobile App,30.1,No,Negative,Pelanggan mengeluhkan jaringan tidak stabil di area rumah.
T0000659,C000522,2025-09-09,Billing,WhatsApp,14.7,Yes,Positive,Penjelasan tagihan diterima dan masalah dinyatakan selesai.
T0000660,C000522,2025-12-01,Complaint,WhatsApp,33.4,Yes,Negative,Pelanggan tidak puas dengan penyelesaian masalah sebelumnya.
T0000661,C000527,2026-06-13,Account,Call Center,2.9,Yes,Neutral,Permintaan perubahan data akun pelanggan.
T0000662,C000528,2026-02-13,Account,Email,19.1,Yes,Neutral,Permintaan perubahan data akun pelanggan.
T0000663,C000528,2025-11-28,Network,Email,13.8,Yes,Negative,Pelanggan mengeluhkan jaringan tidak stabil di area rumah.
T0000664,C000529,2026-04-26,Billing,Mobile App,2.9,Yes,Negative,Terdapat selisih pada tagihan bulanan yang dikeluhkan pelanggan.
T0000665,C000529,2025-10-22,Technical Support,WhatsApp,17.6,No,Positive,Panduan teknis berhasil dan layanan dapat digunakan kembali.
T0000666,C000530,2026-06-20,Complaint,Email,16.3,Yes,Positive,Keluhan telah ditangani dan pelanggan menerima solusi.
T0000667,C000533,2026-08-10,Billing,Mobile App,2.7,Yes,Negative,Terdapat selisih pada tagihan bulanan yang dikeluhkan pelanggan.
T0000668,C000534,2025-09-10,Billing,WhatsApp,16.2,Yes,Neutral,Pelanggan menanyakan rincian tagihan bulan berjalan.
T0000669,C000535,2026-06-16,Network,WhatsApp,9.8,Yes,Neutral,Pelanggan menanyakan status gangguan jaringan di wilayahnya.
T0000670,C000535,2026-06-09,Billing,Mobile App,2.2,No,Neutral,Pelanggan menanyakan rincian tagihan bulan berjalan.
T0000671,C000536,2025-11-29,Complaint,WhatsApp,16.0,No,Positive,Keluhan telah ditangani dan pelanggan menerima solusi.
T0000672,C000536,2025-11-29,Account,Call Center,23.6,No,Positive,Perubahan data akun berhasil dilakukan.
T0000673,C000537,2025-12-15,Complaint,WhatsApp,30.5,No,Positive,Keluhan telah ditangani dan pelanggan menerima solusi.
T0000674,C000538,2026-02-02,Account,WhatsApp,16.2,Yes,Negative,Pelanggan kesulitan mengakses akun dan merasa proses terlalu rumit.
T0000675,C000540,2026-06-17,Network,Call Center,29.7,No,Negative,Koneksi sering terputus dan pelanggan meminta perbaikan segera.
T0000676,C000540,2026-05-16,Network,Call Center,7.0,Yes,Negative,Koneksi sering terputus dan pelanggan meminta perbaikan segera.
T0000677,C000540,2025-11-07,Technical Support,Call Center,8.2,Yes,Negative,Masalah teknis berulang meskipun sebelumnya sudah ditangani.
T0000678,C000543,2026-02-09,Technical Support,Email,0.5,No,Positive,Panduan teknis berhasil dan layanan dapat digunakan kembali.
T0000679,C000543,2026-06-22,Billing,Mobile App,24.5,No,Negative,Terdapat selisih pada tagihan bulanan yang dikeluhkan pelanggan.
T0000680,C000543,2025-12-02,Account,WhatsApp,9.2,Yes,Neutral,Permintaan perubahan data akun pelanggan.
T0000681,C000544,2026-05-14,Billing,WhatsApp,16.7,Yes,Neutral,Pelanggan menanyakan rincian tagihan bulan berjalan.
T0000682,C000545,2026-05-06,Account,Mobile App,7.4,No,Neutral,Permintaan perubahan data akun pelanggan.
T0000683,C000545,2026-01-30,Network,WhatsApp,22.5,Yes,Positive,Gangguan jaringan telah selesai dan layanan kembali normal.
T0000684,C000547,2026-08-08,Technical Support,Mobile App,18.7,Yes,Negative,Masalah teknis berulang meskipun sebelumnya sudah ditangani.
T0000685,C000547,2025-10-16,Network,WhatsApp,12.0,No,Negative,Pelanggan mengeluhkan jaringan tidak stabil di area rumah.
T0000686,C000548,2026-03-24,Technical Support,WhatsApp,32.1,No,Negative,Masalah teknis berulang meskipun sebelumnya sudah ditangani.
T0000687,C000548,2026-01-27,Billing,WhatsApp,30.5,No,Negative,Terdapat selisih pada tagihan bulanan yang dikeluhkan pelanggan.
T0000688,C000548,2026-04-30,Technical Support,Email,19.3,Yes,Positive,Panduan teknis berhasil dan layanan dapat digunakan kembali.
T0000689,C000551,2026-03-17,Network,WhatsApp,5.0,No,Negative,Pelanggan mengeluhkan jaringan tidak stabil di area rumah.
T0000690,C000551,2025-10-18,Technical Support,Mobile App,15.9,Yes,Negative,Masalah teknis berulang meskipun sebelumnya sudah ditangani.
T0000691,C000551,2025-11-30,Account,Mobile App,4.4,Yes,Negative,Pelanggan kesulitan mengakses akun dan merasa proses terlalu rumit.
T0000692,C000552,2025-12-02,Complaint,Call Center,3.3,Yes,Positive,Keluhan telah ditangani dan pelanggan menerima solusi.
T0000693,C000552,2025-12-01,Network,Call Center,24.3,No,Negative,Pelanggan mengeluhkan jaringan tidak stabil di area rumah.
T0000694,C000553,2026-04-13,Complaint,WhatsApp,10.5,No,Neutral,Keluhan diteruskan untuk investigasi lanjutan.
T0000695,C000554,2026-03-16,Account,Call Center,28.2,Yes,Negative,Pelanggan kesulitan mengakses akun dan merasa proses terlalu rumit.
T0000696,C000554,2026-02-23,Account,Call Center,15.3,Yes,Negative,Pelanggan kesulitan mengakses akun dan merasa proses terlalu rumit.
T0000697,C000555,2026-04-07,Network,WhatsApp,24.4,Yes,Negative,Koneksi sering terputus dan pelanggan meminta perbaikan segera.
T0000698,C000556,2026-02-21,Complaint,Call Center,12.0,Yes,Neutral,Keluhan diteruskan untuk investigasi lanjutan.
T0000699,C000557,2026-05-08,Account,Email,14.9,Yes,Neutral,Permintaan perubahan data akun pelanggan.
T0000700,C000560,2025-11-19,Billing,WhatsApp,22.5,No,Neutral,Pelanggan menanyakan rincian tagihan bulan berjalan.
T0000701,C000560,2026-08-25,Complaint,Mobile App,11.4,Yes,Negative,Pelanggan tidak puas dengan penyelesaian masalah sebelumnya.
T0000702,C000562,2026-06-07,Network,Call Center,5.8,Yes,Positive,Gangguan jaringan telah selesai dan layanan kembali normal.
T0000703,C000562,2026-04-21,Complaint,WhatsApp,9.1,No,Negative,Pelanggan tidak puas dengan penyelesaian masalah sebelumnya.
T0000704,C000562,2026-08-26,Technical Support,Call Center,18.6,No,Negative,Masalah teknis berulang meskipun sebelumnya sudah ditangani.
T0000705,C000563,2026-07-15,Technical Support,Call Center,30.9,No,Negative,Masalah teknis berulang meskipun sebelumnya sudah ditangani.
T0000706,C000564,2026-02-07,Network,Mobile App,23.9,No,Negative,Koneksi sering terputus dan pelanggan meminta perbaikan segera.
T0000707,C000564,2025-09-29,Network,Call Center,6.5,Yes,Neutral,Pelanggan menanyakan status gangguan jaringan di wilayahnya.
T0000708,C000564,2025-11-25,Network,Call Center,18.5,No,Negative,Koneksi sering terputus dan pelanggan meminta perbaikan segera.
T0000709,C000564,2025-10-22,Network,WhatsApp,28.9,Yes,Negative,Pelanggan mengeluhkan jaringan tidak stabil di area rumah.
T0000710,C000565,2026-03-10,Network,Call Center,9.8,Yes,Negative,Pelanggan mengeluhkan jaringan tidak stabil di area rumah.
T0000711,C000565,2026-05-23,Network,WhatsApp,8.4,Yes,Neutral,Pelanggan menanyakan status gangguan jaringan di wilayahnya.
T0000712,C000565,2025-10-18,Billing,WhatsApp,16.6,No,Neutral,Pelanggan menanyakan rincian tagihan bulan berjalan.
T0000713,C000566,2026-03-14,Billing,WhatsApp,13.6,Yes,Negative,Terdapat selisih pada tagihan bulanan yang dikeluhkan pelanggan.
T0000714,C000567,2026-07-12,Technical Support,Mobile App,6.2,No,Neutral,Pelanggan meminta panduan konfigurasi perangkat.
T0000715,C000567,2025-10-30,Account,Mobile App,23.0,Yes,Negative,Pelanggan kesulitan mengakses akun dan merasa proses terlalu rumit.
T0000716,C000568,2025-09-13,Technical Support,Email,20.3,No,Negative,Masalah teknis berulang meskipun sebelumnya sudah ditangani.
T0000717,C000571,2026-02-27,Billing,Call Center,7.0,Yes,Positive,Penjelasan tagihan diterima dan masalah dinyatakan selesai.
T0000718,C000572,2025-09-16,Network,Call Center,19.5,Yes,Positive,Gangguan jaringan telah selesai dan layanan kembali normal.
T0000719,C000574,2026-06-25,Account,Mobile App,0.5,Yes,Neutral,Permintaan perubahan data akun pelanggan.
T0000720,C000574,2026-08-20,Network,Call Center,19.4,Yes,Neutral,Pelanggan menanyakan status gangguan jaringan di wilayahnya.
T0000721,C000576,2026-07-18,Technical Support,Mobile App,13.6,Yes,Negative,Masalah teknis berulang meskipun sebelumnya sudah ditangani.
T0000722,C000576,2026-08-12,Network,WhatsApp,26.3,No,Negative,Pelanggan mengeluhkan jaringan tidak stabil di area rumah.
T0000723,C000576,2025-10-10,Billing,WhatsApp,25.3,Yes,Negative,Terdapat selisih pada tagihan bulanan yang dikeluhkan pelanggan.
T0000724,C000578,2026-05-17,Billing,Email,4.4,Yes,Positive,Penjelasan tagihan diterima dan masalah dinyatakan selesai.
T0000725,C000578,2026-01-01,Network,WhatsApp,21.8,No,Neutral,Pelanggan menanyakan status gangguan jaringan di wilayahnya.
T0000726,C000580,2026-07-10,Network,Call Center,25.1,Yes,Negative,Koneksi sering terputus dan pelanggan meminta perbaikan segera.
T0000727,C000580,2026-06-03,Billing,WhatsApp,18.3,No,Negative,Terdapat selisih pada tagihan bulanan yang dikeluhkan pelanggan.
T0000728,C000581,2026-01-03,Technical Support,WhatsApp,23.2,No,Negative,Masalah teknis berulang meskipun sebelumnya sudah ditangani.
T0000729,C000583,2025-10-03,Network,Mobile App,0.5,Yes,Positive,Gangguan jaringan telah selesai dan layanan kembali normal.
T0000730,C000584,2026-06-15,Technical Support,Mobile App,6.9,Yes,Neutral,Pelanggan meminta panduan konfigurasi perangkat.
T0000731,C000584,2025-11-15,Billing,Mobile App,17.2,Yes,Positive,Penjelasan tagihan diterima dan masalah dinyatakan selesai.
T0000732,C000585,2026-03-07,Billing,WhatsApp,21.2,Yes,Negative,Pelanggan keberatan dengan tagihan dan meminta penjelasan rinci.
T0000733,C000587,2026-03-19,Network,Call Center,14.2,Yes,Neutral,Pelanggan menanyakan status gangguan jaringan di wilayahnya.
T0000734,C000590,2026-07-19,Complaint,Call Center,22.6,No,Negative,Pelanggan tidak puas dengan penyelesaian masalah sebelumnya.
T0000735,C000590,2026-07-12,Complaint,WhatsApp,28.0,No,Positive,Keluhan telah ditangani dan pelanggan menerima solusi.
T0000736,C000590,2026-02-22,Network,Email,19.3,No,Negative,Koneksi sering terputus dan pelanggan meminta perbaikan segera.
T0000737,C000591,2025-12-03,Billing,Mobile App,15.2,Yes,Negative,Terdapat selisih pada tagihan bulanan yang dikeluhkan pelanggan.
T0000738,C000592,2026-05-14,Account,Call Center,7.2,Yes,Positive,Perubahan data akun berhasil dilakukan.
T0000739,C000593,2026-02-25,Technical Support,WhatsApp,15.3,No,Negative,Masalah teknis berulang meskipun sebelumnya sudah ditangani.
T0000740,C000593,2026-04-27,Technical Support,Mobile App,30.3,Yes,Negative,Masalah teknis berulang meskipun sebelumnya sudah ditangani.
T0000741,C000593,2026-07-15,Technical Support,WhatsApp,29.2,No,Negative,Masalah teknis berulang meskipun sebelumnya sudah ditangani.
T0000742,C000595,2026-08-03,Complaint,Call Center,15.6,No,Neutral,Keluhan diteruskan untuk investigasi lanjutan.
T0000743,C000595,2025-11-30,Complaint,Email,20.4,No,Negative,Pelanggan tidak puas dengan penyelesaian masalah sebelumnya.
T0000744,C000599,2026-03-02,Complaint,WhatsApp,12.6,No,Neutral,Keluhan diteruskan untuk investigasi lanjutan.
T0000745,C000600,2026-03-13,Billing,Call Center,4.5,Yes,Positive,Penjelasan tagihan diterima dan masalah dinyatakan selesai.
T0000746,C000601,2025-12-22,Network,Call Center,14.7,Yes,Negative,Pelanggan mengeluhkan jaringan tidak stabil di area rumah.
T0000747,C000601,2025-12-20,Account,Email,24.6,No,Negative,Pelanggan kesulitan mengakses akun dan merasa proses terlalu rumit.
T0000748,C000603,2026-03-12,Billing,WhatsApp,14.6,No,Negative,Pelanggan keberatan dengan tagihan dan meminta penjelasan rinci.
T0000749,C000604,2025-12-03,Billing,Call Center,27.3,No,Neutral,Pelanggan menanyakan rincian tagihan bulan berjalan.
T0000750,C000604,2026-07-22,Account,Email,15.6,Yes,Negative,Pelanggan kesulitan mengakses akun dan merasa proses terlalu rumit.
T0000751,C000605,2025-12-10,Billing,WhatsApp,28.2,Yes,Negative,Terdapat selisih pada tagihan bulanan yang dikeluhkan pelanggan.
T0000752,C000605,2026-02-27,Billing,WhatsApp,28.1,No,Negative,Pelanggan keberatan dengan tagihan dan meminta penjelasan rinci.
T0000753,C000605,2026-02-24,Technical Support,Email,5.3,Yes,Positive,Panduan teknis berhasil dan layanan dapat digunakan kembali.
T0000754,C000606,2026-04-07,Technical Support,Mobile App,17.3,No,Negative,Masalah teknis berulang meskipun sebelumnya sudah ditangani.
T0000755,C000608,2025-09-25,Network,Call Center,31.6,No,Negative,Pelanggan mengeluhkan jaringan tidak stabil di area rumah.
T0000756,C000609,2026-05-12,Network,Mobile App,22.6,Yes,Negative,Koneksi sering terputus dan pelanggan meminta perbaikan segera.
T0000757,C000609,2025-10-24,Network,Call Center,11.5,Yes,Negative,Koneksi sering terputus dan pelanggan meminta perbaikan segera.
T0000758,C000609,2026-08-20,Account,Email,19.1,No,Negative,Pelanggan kesulitan mengakses akun dan merasa proses terlalu rumit.
T0000759,C000610,2025-09-30,Account,Mobile App,27.8,Yes,Negative,Pelanggan kesulitan mengakses akun dan merasa proses terlalu rumit.
T0000760,C000610,2026-03-09,Billing,Email,21.5,Yes,Neutral,Pelanggan menanyakan rincian tagihan bulan berjalan.
T0000761,C000610,2026-08-07,Billing,Mobile App,9.6,Yes,Negative,Pelanggan keberatan dengan tagihan dan meminta penjelasan rinci.
T0000762,C000610,2026-06-19,Technical Support,Call Center,24.4,No,Negative,Masalah teknis berulang meskipun sebelumnya sudah ditangani.
T0000763,C000611,2026-05-24,Complaint,Call Center,15.1,Yes,Neutral,Keluhan diteruskan untuk investigasi lanjutan.
T0000764,C000611,2026-08-31,Network,Mobile App,24.6,No,Negative,Pelanggan mengeluhkan jaringan tidak stabil di area rumah.
T0000765,C000611,2025-11-01,Billing,Call Center,5.5,Yes,Neutral,Pelanggan menanyakan rincian tagihan bulan berjalan.
T0000766,C000611,2025-11-08,Complaint,Mobile App,10.6,Yes,Neutral,Keluhan diteruskan untuk investigasi lanjutan.
T0000767,C000612,2026-04-05,Network,WhatsApp,13.8,No,Negative,Pelanggan mengeluhkan jaringan tidak stabil di area rumah.
T0000768,C000615,2025-11-14,Network,WhatsApp,16.8,Yes,Neutral,Pelanggan menanyakan status gangguan jaringan di wilayahnya.
T0000769,C000615,2025-09-16,Billing,Mobile App,19.9,No,Negative,Terdapat selisih pada tagihan bulanan yang dikeluhkan pelanggan.
T0000770,C000621,2026-08-01,Billing,Call Center,21.2,Yes,Negative,Pelanggan keberatan dengan tagihan dan meminta penjelasan rinci.
T0000771,C000621,2026-02-24,Account,Call Center,39.3,Yes,Negative,Pelanggan kesulitan mengakses akun dan merasa proses terlalu rumit.
T0000772,C000623,2026-08-18,Technical Support,Call Center,28.8,Yes,Negative,Masalah teknis berulang meskipun sebelumnya sudah ditangani.
T0000773,C000625,2025-09-18,Billing,Email,0.5,Yes,Neutral,Pelanggan menanyakan rincian tagihan bulan berjalan.
T0000774,C000626,2025-09-17,Technical Support,WhatsApp,20.6,Yes,Negative,Masalah teknis berulang meskipun sebelumnya sudah ditangani.
T0000775,C000626,2025-11-18,Complaint,Email,12.9,No,Negative,Pelanggan tidak puas dengan penyelesaian masalah sebelumnya.
T0000776,C000626,2026-07-16,Account,Mobile App,13.9,Yes,Neutral,Permintaan perubahan data akun pelanggan.
T0000777,C000626,2025-10-16,Account,Call Center,23.8,No,Negative,Pelanggan kesulitan mengakses akun dan merasa proses terlalu rumit.
T0000778,C000627,2026-07-06,Technical Support,Mobile App,28.0,No,Negative,Masalah teknis berulang meskipun sebelumnya sudah ditangani.
T0000779,C000629,2026-07-18,Technical Support,Mobile App,24.7,Yes,Positive,Panduan teknis berhasil dan layanan dapat digunakan kembali.
T0000780,C000629,2026-07-15,Account,Call Center,15.1,Yes,Negative,Pelanggan kesulitan mengakses akun dan merasa proses terlalu rumit.
T0000781,C000629,2026-06-25,Network,Email,0.5,Yes,Neutral,Pelanggan menanyakan status gangguan jaringan di wilayahnya.
T0000782,C000630,2026-01-27,Complaint,Mobile App,28.5,No,Negative,Pelanggan tidak puas dengan penyelesaian masalah sebelumnya.
T0000783,C000630,2026-01-27,Network,Mobile App,13.5,No,Negative,Pelanggan mengeluhkan jaringan tidak stabil di area rumah.
T0000784,C000630,2026-02-09,Billing,WhatsApp,19.2,Yes,Negative,Pelanggan keberatan dengan tagihan dan meminta penjelasan rinci.
T0000785,C000632,2026-05-12,Billing,Mobile App,9.7,Yes,Negative,Pelanggan keberatan dengan tagihan dan meminta penjelasan rinci.
T0000786,C000633,2025-11-07,Network,Mobile App,17.3,No,Negative,Pelanggan mengeluhkan jaringan tidak stabil di area rumah.
T0000787,C000635,2026-07-07,Network,Call Center,16.3,No,Negative,Pelanggan mengeluhkan jaringan tidak stabil di area rumah.
T0000788,C000636,2026-08-13,Technical Support,WhatsApp,3.8,Yes,Neutral,Pelanggan meminta panduan konfigurasi perangkat.
T0000789,C000637,2026-03-13,Network,WhatsApp,9.1,No,Negative,Pelanggan mengeluhkan jaringan tidak stabil di area rumah.
T0000790,C000637,2026-06-26,Complaint,Mobile App,25.4,Yes,Negative,Pelanggan tidak puas dengan penyelesaian masalah sebelumnya.
T0000791,C000638,2025-10-12,Complaint,Call Center,15.2,Yes,Negative,Pelanggan tidak puas dengan penyelesaian masalah sebelumnya.
T0000792,C000638,2026-05-08,Complaint,WhatsApp,26.6,No,Negative,Pelanggan tidak puas dengan penyelesaian masalah sebelumnya.
T0000793,C000639,2026-01-25,Account,Call Center,13.9,Yes,Positive,Perubahan data akun berhasil dilakukan.
T0000794,C000644,2025-12-05,Technical Support,Call Center,15.5,Yes,Negative,Masalah teknis berulang meskipun sebelumnya sudah ditangani.
T0000795,C000646,2025-10-20,Network,WhatsApp,15.7,Yes,Neutral,Pelanggan menanyakan status gangguan jaringan di wilayahnya.
T0000796,C000647,2026-04-21,Account,Call Center,18.2,No,Neutral,Permintaan perubahan data akun pelanggan.
T0000797,C000647,2026-02-23,Complaint,Email,24.2,Yes,Negative,Pelanggan tidak puas dengan penyelesaian masalah sebelumnya.
T0000798,C000647,2026-03-29,Billing,Mobile App,20.3,Yes,Negative,Terdapat selisih pada tagihan bulanan yang dikeluhkan pelanggan.
T0000799,C000647,2026-07-09,Technical Support,Call Center,12.7,Yes,Negative,Masalah teknis berulang meskipun sebelumnya sudah ditangani.
T0000800,C000650,2026-08-22,Network,Call Center,0.5,Yes,Positive,Gangguan jaringan telah selesai dan layanan kembali normal.
T0000801,C000650,2026-05-15,Technical Support,Mobile App,11.3,No,Negative,Masalah teknis berulang meskipun sebelumnya sudah ditangani.
T0000802,C000651,2026-02-26,Network,Call Center,15.5,Yes,Negative,Pelanggan mengeluhkan jaringan tidak stabil di area rumah.
T0000803,C000652,2026-07-27,Billing,WhatsApp,30.0,No,Negative,Pelanggan keberatan dengan tagihan dan meminta penjelasan rinci.
T0000804,C000652,2026-05-07,Complaint,WhatsApp,20.2,No,Negative,Pelanggan tidak puas dengan penyelesaian masalah sebelumnya.
T0000805,C000653,2026-05-18,Network,Mobile App,5.4,No,Neutral,Pelanggan menanyakan status gangguan jaringan di wilayahnya.
T0000806,C000654,2026-06-24,Billing,Call Center,21.3,Yes,Negative,Pelanggan keberatan dengan tagihan dan meminta penjelasan rinci.
T0000807,C000654,2026-07-30,Network,Email,10.2,Yes,Positive,Gangguan jaringan telah selesai dan layanan kembali normal.
T0000808,C000655,2026-03-24,Network,Email,17.9,Yes,Positive,Gangguan jaringan telah selesai dan layanan kembali normal.
T0000809,C000656,2026-08-17,Network,Call Center,13.5,No,Positive,Gangguan jaringan telah selesai dan layanan kembali normal.
T0000810,C000658,2025-10-11,Account,Email,1.6,Yes,Positive,Perubahan data akun berhasil dilakukan.
T0000811,C000659,2026-06-24,Technical Support,Email,29.7,Yes,Negative,Masalah teknis berulang meskipun sebelumnya sudah ditangani.
T0000812,C000659,2026-04-09,Billing,WhatsApp,26.7,Yes,Positive,Penjelasan tagihan diterima dan masalah dinyatakan selesai.
T0000813,C000660,2026-05-06,Billing,Call Center,1.8,No,Positive,Penjelasan tagihan diterima dan masalah dinyatakan selesai.
T0000814,C000660,2025-10-30,Billing,Call Center,10.3,No,Positive,Penjelasan tagihan diterima dan masalah dinyatakan selesai.
T0000815,C000662,2026-07-27,Technical Support,Call Center,16.9,Yes,Negative,Masalah teknis berulang meskipun sebelumnya sudah ditangani.
T0000816,C000664,2026-03-23,Technical Support,Email,16.5,No,Positive,Panduan teknis berhasil dan layanan dapat digunakan kembali.
T0000817,C000669,2026-05-04,Complaint,WhatsApp,12.1,No,Negative,Pelanggan tidak puas dengan penyelesaian masalah sebelumnya.
T0000818,C000669,2026-03-12,Complaint,Call Center,21.5,No,Negative,Pelanggan tidak puas dengan penyelesaian masalah sebelumnya.
T0000819,C000670,2025-11-10,Network,WhatsApp,11.9,No,Positive,Gangguan jaringan telah selesai dan layanan kembali normal.
T0000820,C000671,2026-06-25,Technical Support,Call Center,21.3,Yes,Negative,Masalah teknis berulang meskipun sebelumnya sudah ditangani.
T0000821,C000671,2026-05-31,Complaint,Call Center,6.6,Yes,Positive,Keluhan telah ditangani dan pelanggan menerima solusi.
T0000822,C000671,2026-04-19,Complaint,Call Center,29.7,No,Negative,Pelanggan tidak puas dengan penyelesaian masalah sebelumnya.
T0000823,C000673,2025-11-03,Account,Email,34.4,Yes,Negative,Pelanggan kesulitan mengakses akun dan merasa proses terlalu rumit.
T0000824,C000673,2026-07-20,Network,WhatsApp,12.2,Yes,Neutral,Pelanggan menanyakan status gangguan jaringan di wilayahnya.
T0000825,C000673,2025-12-13,Technical Support,Email,13.0,Yes,Negative,Masalah teknis berulang meskipun sebelumnya sudah ditangani.
T0000826,C000675,2026-07-24,Technical Support,Call Center,20.0,No,Negative,Masalah teknis berulang meskipun sebelumnya sudah ditangani.
T0000827,C000675,2025-12-07,Network,Mobile App,11.4,Yes,Positive,Gangguan jaringan telah selesai dan layanan kembali normal.
T0000828,C000675,2026-03-27,Network,WhatsApp,20.5,Yes,Positive,Gangguan jaringan telah selesai dan layanan kembali normal.
T0000829,C000676,2026-06-06,Network,Call Center,27.9,No,Negative,Koneksi sering terputus dan pelanggan meminta perbaikan segera.
T0000830,C000676,2026-08-07,Network,WhatsApp,26.1,Yes,Negative,Pelanggan mengeluhkan jaringan tidak stabil di area rumah.
T0000831,C000676,2026-08-22,Complaint,Call Center,18.1,No,Positive,Keluhan telah ditangani dan pelanggan menerima solusi.
T0000832,C000676,2026-08-12,Technical Support,WhatsApp,17.7,Yes,Negative,Masalah teknis berulang meskipun sebelumnya sudah ditangani.
T0000833,C000676,2026-06-06,Network,Email,11.2,Yes,Negative,Pelanggan mengeluhkan jaringan tidak stabil di area rumah.
T0000834,C000677,2026-08-25,Network,Call Center,23.0,No,Negative,Koneksi sering terputus dan pelanggan meminta perbaikan segera.
T0000835,C000678,2025-12-18,Complaint,Mobile App,10.3,Yes,Neutral,Keluhan diteruskan untuk investigasi lanjutan.
T0000836,C000679,2025-09-26,Billing,WhatsApp,5.1,Yes,Neutral,Pelanggan menanyakan rincian tagihan bulan berjalan.
T0000837,C000682,2025-11-04,Technical Support,WhatsApp,21.2,No,Neutral,Pelanggan meminta panduan konfigurasi perangkat.
T0000838,C000682,2025-12-20,Technical Support,WhatsApp,0.5,No,Negative,Masalah teknis berulang meskipun sebelumnya sudah ditangani.
T0000839,C000683,2025-10-24,Network,Call Center,9.8,Yes,Negative,Koneksi sering terputus dan pelanggan meminta perbaikan segera.
T0000840,C000684,2026-04-26,Network,WhatsApp,13.2,Yes,Negative,Koneksi sering terputus dan pelanggan meminta perbaikan segera.
T0000841,C000684,2026-06-09,Billing,Mobile App,0.5,Yes,Neutral,Pelanggan menanyakan rincian tagihan bulan berjalan.
T0000842,C000685,2026-05-14,Complaint,Mobile App,28.4,Yes,Negative,Pelanggan tidak puas dengan penyelesaian masalah sebelumnya.
T0000843,C000685,2026-03-14,Account,Email,18.3,No,Neutral,Permintaan perubahan data akun pelanggan.
T0000844,C000685,2025-12-19,Complaint,WhatsApp,17.0,No,Negative,Pelanggan tidak puas dengan penyelesaian masalah sebelumnya.
T0000845,C000686,2026-08-21,Network,Call Center,20.0,No,Neutral,Pelanggan menanyakan status gangguan jaringan di wilayahnya.
T0000846,C000686,2026-08-02,Technical Support,WhatsApp,13.8,No,Neutral,Pelanggan meminta panduan konfigurasi perangkat.
T0000847,C000687,2025-12-23,Technical Support,Mobile App,33.2,No,Negative,Masalah teknis berulang meskipun sebelumnya sudah ditangani.
T0000848,C000687,2026-01-18,Network,WhatsApp,15.3,Yes,Negative,Pelanggan mengeluhkan jaringan tidak stabil di area rumah.
T0000849,C000688,2026-02-27,Technical Support,Mobile App,20.5,Yes,Negative,Masalah teknis berulang meskipun sebelumnya sudah ditangani.
T0000850,C000688,2026-08-10,Billing,Call Center,11.9,No,Negative,Pelanggan keberatan dengan tagihan dan meminta penjelasan rinci.
T0000851,C000689,2026-08-23,Complaint,Email,15.7,Yes,Positive,Keluhan telah ditangani dan pelanggan menerima solusi.
T0000852,C000689,2026-03-26,Technical Support,Email,27.3,Yes,Neutral,Pelanggan meminta panduan konfigurasi perangkat.
T0000853,C000689,2026-04-16,Network,WhatsApp,12.3,No,Neutral,Pelanggan menanyakan status gangguan jaringan di wilayahnya.
T0000854,C000690,2025-09-12,Complaint,Call Center,11.0,Yes,Positive,Keluhan telah ditangani dan pelanggan menerima solusi.
T0000855,C000690,2026-02-25,Network,Mobile App,19.6,Yes,Neutral,Pelanggan menanyakan status gangguan jaringan di wilayahnya.
T0000856,C000691,2025-10-12,Network,Call Center,3.5,Yes,Positive,Gangguan jaringan telah selesai dan layanan kembali normal.
T0000857,C000691,2025-11-01,Technical Support,WhatsApp,16.9,Yes,Negative,Masalah teknis berulang meskipun sebelumnya sudah ditangani.
T0000858,C000692,2026-08-27,Network,Mobile App,29.5,Yes,Neutral,Pelanggan menanyakan status gangguan jaringan di wilayahnya.
T0000859,C000693,2025-10-30,Network,Email,21.1,Yes,Negative,Pelanggan mengeluhkan jaringan tidak stabil di area rumah.
T0000860,C000693,2026-06-14,Complaint,Email,15.9,Yes,Positive,Keluhan telah ditangani dan pelanggan menerima solusi.
T0000861,C000693,2026-08-21,Complaint,Email,7.0,No,Negative,Pelanggan tidak puas dengan penyelesaian masalah sebelumnya.
T0000862,C000694,2025-09-04,Network,Mobile App,10.0,Yes,Neutral,Pelanggan menanyakan status gangguan jaringan di wilayahnya.
T0000863,C000695,2026-02-02,Technical Support,WhatsApp,9.9,No,Positive,Panduan teknis berhasil dan layanan dapat digunakan kembali.
T0000864,C000695,2026-06-14,Technical Support,Email,0.5,Yes,Neutral,Pelanggan meminta panduan konfigurasi perangkat.
T0000865,C000695,2025-12-19,Complaint,Call Center,14.4,Yes,Negative,Pelanggan tidak puas dengan penyelesaian masalah sebelumnya.
T0000866,C000697,2026-08-17,Technical Support,Mobile App,13.0,Yes,Neutral,Pelanggan meminta panduan konfigurasi perangkat.
T0000867,C000699,2025-11-23,Billing,Email,8.1,Yes,Neutral,Pelanggan menanyakan rincian tagihan bulan berjalan.
T0000868,C000699,2025-11-06,Account,Email,9.3,No,Negative,Pelanggan kesulitan mengakses akun dan merasa proses terlalu rumit.
T0000869,C000701,2025-12-30,Technical Support,WhatsApp,13.7,No,Negative,Masalah teknis berulang meskipun sebelumnya sudah ditangani.
T0000870,C000701,2025-09-03,Billing,Mobile App,32.6,No,Negative,Terdapat selisih pada tagihan bulanan yang dikeluhkan pelanggan.
T0000871,C000701,2026-08-12,Billing,Call Center,29.2,No,Negative,Terdapat selisih pada tagihan bulanan yang dikeluhkan pelanggan.
T0000872,C000701,2025-11-11,Network,Email,25.4,No,Negative,Koneksi sering terputus dan pelanggan meminta perbaikan segera.
T0000873,C000702,2026-01-27,Complaint,Mobile App,24.5,Yes,Neutral,Keluhan diteruskan untuk investigasi lanjutan.
T0000874,C000704,2026-04-29,Complaint,WhatsApp,31.4,No,Negative,Pelanggan tidak puas dengan penyelesaian masalah sebelumnya.
T0000875,C000705,2025-12-26,Network,Call Center,14.6,No,Neutral,Pelanggan menanyakan status gangguan jaringan di wilayahnya.
T0000876,C000706,2025-11-05,Account,Mobile App,15.4,No,Neutral,Permintaan perubahan data akun pelanggan.
T0000877,C000707,2025-11-19,Technical Support,WhatsApp,32.1,Yes,Negative,Masalah teknis berulang meskipun sebelumnya sudah ditangani.
T0000878,C000707,2026-03-30,Network,WhatsApp,36.7,No,Negative,Pelanggan mengeluhkan jaringan tidak stabil di area rumah.
T0000879,C000707,2026-06-19,Account,Call Center,7.5,Yes,Negative,Pelanggan kesulitan mengakses akun dan merasa proses terlalu rumit.
T0000880,C000708,2025-10-30,Network,WhatsApp,0.5,Yes,Neutral,Pelanggan menanyakan status gangguan jaringan di wilayahnya.
T0000881,C000709,2025-09-24,Complaint,Call Center,28.4,No,Negative,Pelanggan tidak puas dengan penyelesaian masalah sebelumnya.
T0000882,C000709,2026-08-01,Technical Support,Mobile App,13.1,Yes,Neutral,Pelanggan meminta panduan konfigurasi perangkat.
T0000883,C000714,2026-04-05,Account,Call Center,12.1,Yes,Positive,Perubahan data akun berhasil dilakukan.
T0000884,C000714,2026-08-12,Billing,WhatsApp,20.5,No,Negative,Pelanggan keberatan dengan tagihan dan meminta penjelasan rinci.
T0000885,C000716,2026-08-15,Network,Call Center,19.2,Yes,Positive,Gangguan jaringan telah selesai dan layanan kembali normal.
T0000886,C000717,2026-05-15,Complaint,Email,21.0,Yes,Negative,Pelanggan tidak puas dengan penyelesaian masalah sebelumnya.
T0000887,C000717,2025-12-09,Technical Support,Call Center,1.3,Yes,Neutral,Pelanggan meminta panduan konfigurasi perangkat.
T0000888,C000717,2026-06-26,Account,Call Center,15.1,Yes,Positive,Perubahan data akun berhasil dilakukan.
T0000889,C000717,2026-03-11,Technical Support,Email,20.7,Yes,Negative,Masalah teknis berulang meskipun sebelumnya sudah ditangani.
T0000890,C000718,2025-11-28,Network,Call Center,18.8,Yes,Negative,Pelanggan mengeluhkan jaringan tidak stabil di area rumah.
T0000891,C000718,2026-07-10,Billing,Call Center,10.7,Yes,Neutral,Pelanggan menanyakan rincian tagihan bulan berjalan.
T0000892,C000718,2026-07-05,Account,WhatsApp,26.5,No,Negative,Pelanggan kesulitan mengakses akun dan merasa proses terlalu rumit.
T0000893,C000718,2026-03-28,Complaint,WhatsApp,33.2,Yes,Negative,Pelanggan tidak puas dengan penyelesaian masalah sebelumnya.
T0000894,C000719,2025-09-14,Technical Support,WhatsApp,21.8,Yes,Negative,Masalah teknis berulang meskipun sebelumnya sudah ditangani.
T0000895,C000719,2026-07-10,Account,Email,6.4,No,Negative,Pelanggan kesulitan mengakses akun dan merasa proses terlalu rumit.
T0000896,C000719,2026-01-08,Technical Support,Call Center,12.2,Yes,Neutral,Pelanggan meminta panduan konfigurasi perangkat.
T0000897,C000720,2025-12-10,Account,Email,15.4,Yes,Neutral,Permintaan perubahan data akun pelanggan.
T0000898,C000722,2026-01-05,Complaint,WhatsApp,14.3,Yes,Positive,Keluhan telah ditangani dan pelanggan menerima solusi.
T0000899,C000723,2025-12-10,Billing,Mobile App,9.8,Yes,Positive,Penjelasan tagihan diterima dan masalah dinyatakan selesai.
T0000900,C000723,2025-10-28,Network,Mobile App,8.3,No,Negative,Pelanggan mengeluhkan jaringan tidak stabil di area rumah.
T0000901,C000724,2026-05-06,Account,Mobile App,21.6,No,Negative,Pelanggan kesulitan mengakses akun dan merasa proses terlalu rumit.
T0000902,C000725,2026-05-18,Billing,Email,21.7,Yes,Positive,Penjelasan tagihan diterima dan masalah dinyatakan selesai.
T0000903,C000726,2026-03-01,Network,Mobile App,9.1,Yes,Negative,Pelanggan mengeluhkan jaringan tidak stabil di area rumah.
T0000904,C000726,2025-09-21,Network,WhatsApp,25.9,Yes,Negative,Pelanggan mengeluhkan jaringan tidak stabil di area rumah.
T0000905,C000730,2026-04-22,Technical Support,WhatsApp,15.4,Yes,Negative,Masalah teknis berulang meskipun sebelumnya sudah ditangani.
T0000906,C000730,2026-05-16,Technical Support,Call Center,26.2,Yes,Negative,Masalah teknis berulang meskipun sebelumnya sudah ditangani.
T0000907,C000733,2026-04-22,Network,Call Center,16.1,No,Negative,Pelanggan mengeluhkan jaringan tidak stabil di area rumah.
T0000908,C000734,2026-08-21,Billing,Mobile App,0.5,Yes,Neutral,Pelanggan menanyakan rincian tagihan bulan berjalan.
T0000909,C000734,2025-10-31,Network,Email,14.2,No,Neutral,Pelanggan menanyakan status gangguan jaringan di wilayahnya.
T0000910,C000735,2026-05-08,Billing,WhatsApp,8.7,No,Negative,Pelanggan keberatan dengan tagihan dan meminta penjelasan rinci.
T0000911,C000736,2025-09-16,Network,WhatsApp,2.2,Yes,Neutral,Pelanggan menanyakan status gangguan jaringan di wilayahnya.
T0000912,C000737,2026-03-31,Account,Mobile App,31.8,No,Negative,Pelanggan kesulitan mengakses akun dan merasa proses terlalu rumit.
T0000913,C000738,2025-11-09,Billing,Call Center,20.1,Yes,Neutral,Pelanggan menanyakan rincian tagihan bulan berjalan.
T0000914,C000738,2025-09-07,Billing,Call Center,6.2,Yes,Neutral,Pelanggan menanyakan rincian tagihan bulan berjalan.
T0000915,C000739,2025-09-24,Network,WhatsApp,32.0,Yes,Negative,Pelanggan mengeluhkan jaringan tidak stabil di area rumah.
T0000916,C000740,2025-11-02,Account,Call Center,5.2,No,Neutral,Permintaan perubahan data akun pelanggan.
T0000917,C000740,2026-04-27,Technical Support,Call Center,14.8,No,Positive,Panduan teknis berhasil dan layanan dapat digunakan kembali.
T0000918,C000740,2025-11-21,Account,Call Center,14.4,Yes,Negative,Pelanggan kesulitan mengakses akun dan merasa proses terlalu rumit.
T0000919,C000742,2025-11-12,Technical Support,Mobile App,2.9,Yes,Neutral,Pelanggan meminta panduan konfigurasi perangkat.
T0000920,C000742,2026-02-26,Network,WhatsApp,15.7,Yes,Neutral,Pelanggan menanyakan status gangguan jaringan di wilayahnya.
T0000921,C000743,2026-06-18,Technical Support,Mobile App,11.4,Yes,Negative,Masalah teknis berulang meskipun sebelumnya sudah ditangani.
T0000922,C000743,2026-01-23,Account,WhatsApp,13.2,No,Positive,Perubahan data akun berhasil dilakukan.
T0000923,C000743,2026-07-11,Network,Call Center,4.8,Yes,Neutral,Pelanggan menanyakan status gangguan jaringan di wilayahnya.
T0000924,C000743,2025-10-06,Technical Support,WhatsApp,18.8,No,Negative,Masalah teknis berulang meskipun sebelumnya sudah ditangani.
T0000925,C000743,2026-06-04,Billing,Email,28.3,No,Negative,Pelanggan keberatan dengan tagihan dan meminta penjelasan rinci.
T0000926,C000744,2026-01-31,Complaint,WhatsApp,26.4,No,Neutral,Keluhan diteruskan untuk investigasi lanjutan.
T0000927,C000744,2025-10-16,Complaint,Call Center,26.6,Yes,Positive,Keluhan telah ditangani dan pelanggan menerima solusi.
T0000928,C000744,2026-07-03,Network,Mobile App,22.7,Yes,Positive,Gangguan jaringan telah selesai dan layanan kembali normal.
T0000929,C000745,2026-06-09,Network,Email,28.4,No,Negative,Koneksi sering terputus dan pelanggan meminta perbaikan segera.
T0000930,C000746,2026-07-23,Billing,Mobile App,21.0,No,Neutral,Pelanggan menanyakan rincian tagihan bulan berjalan.
T0000931,C000747,2025-09-29,Network,WhatsApp,9.3,No,Neutral,Pelanggan menanyakan status gangguan jaringan di wilayahnya.
T0000932,C000748,2026-05-07,Account,Email,31.0,No,Negative,Pelanggan kesulitan mengakses akun dan merasa proses terlalu rumit.
T0000933,C000749,2026-08-12,Complaint,Call Center,8.5,Yes,Neutral,Keluhan diteruskan untuk investigasi lanjutan.
T0000934,C000750,2026-07-11,Network,WhatsApp,18.1,Yes,Negative,Pelanggan mengeluhkan jaringan tidak stabil di area rumah.
T0000935,C000750,2026-08-20,Account,Mobile App,33.5,Yes,Negative,Pelanggan kesulitan mengakses akun dan merasa proses terlalu rumit.
T0000936,C000752,2025-12-09,Network,Call Center,23.5,No,Positive,Gangguan jaringan telah selesai dan layanan kembali normal.
T0000937,C000754,2026-08-22,Network,Email,18.1,No,Negative,Koneksi sering terputus dan pelanggan meminta perbaikan segera.
T0000938,C000755,2026-06-08,Network,Call Center,9.5,No,Positive,Gangguan jaringan telah selesai dan layanan kembali normal.
T0000939,C000757,2025-10-19,Network,Call Center,14.1,No,Positive,Gangguan jaringan telah selesai dan layanan kembali normal.
T0000940,C000758,2026-06-03,Network,WhatsApp,24.1,Yes,Negative,Pelanggan mengeluhkan jaringan tidak stabil di area rumah.
T0000941,C000758,2026-07-15,Billing,WhatsApp,4.9,Yes,Neutral,Pelanggan menanyakan rincian tagihan bulan berjalan.
T0000942,C000760,2025-12-04,Network,Call Center,26.5,Yes,Negative,Pelanggan mengeluhkan jaringan tidak stabil di area rumah.
T0000943,C000760,2026-06-29,Network,Call Center,18.8,No,Neutral,Pelanggan menanyakan status gangguan jaringan di wilayahnya.
T0000944,C000760,2026-02-08,Network,WhatsApp,3.8,Yes,Neutral,Pelanggan menanyakan status gangguan jaringan di wilayahnya.
T0000945,C000762,2025-11-19,Network,Call Center,9.8,Yes,Positive,Gangguan jaringan telah selesai dan layanan kembali normal.
T0000946,C000764,2026-07-29,Technical Support,Mobile App,25.6,No,Negative,Masalah teknis berulang meskipun sebelumnya sudah ditangani.
T0000947,C000764,2025-09-08,Billing,Email,26.1,No,Negative,Terdapat selisih pada tagihan bulanan yang dikeluhkan pelanggan.
T0000948,C000765,2026-06-06,Account,Call Center,17.5,Yes,Negative,Pelanggan kesulitan mengakses akun dan merasa proses terlalu rumit.
T0000949,C000766,2026-08-28,Technical Support,WhatsApp,19.8,Yes,Negative,Masalah teknis berulang meskipun sebelumnya sudah ditangani.
T0000950,C000768,2025-12-17,Network,WhatsApp,25.7,Yes,Negative,Pelanggan mengeluhkan jaringan tidak stabil di area rumah.
T0000951,C000769,2026-02-10,Network,Call Center,12.7,No,Positive,Gangguan jaringan telah selesai dan layanan kembali normal.
T0000952,C000770,2026-07-10,Technical Support,Call Center,20.7,Yes,Negative,Masalah teknis berulang meskipun sebelumnya sudah ditangani.
T0000953,C000770,2026-02-02,Network,Email,32.8,Yes,Negative,Pelanggan mengeluhkan jaringan tidak stabil di area rumah.
T0000954,C000770,2026-04-21,Complaint,Call Center,25.0,No,Negative,Pelanggan tidak puas dengan penyelesaian masalah sebelumnya.
T0000955,C000771,2026-04-21,Complaint,Mobile App,20.9,No,Neutral,Keluhan diteruskan untuk investigasi lanjutan.
T0000956,C000771,2026-08-29,Billing,WhatsApp,29.4,No,Negative,Pelanggan keberatan dengan tagihan dan meminta penjelasan rinci.
T0000957,C000772,2026-07-02,Network,Call Center,16.3,Yes,Negative,Pelanggan mengeluhkan jaringan tidak stabil di area rumah.
T0000958,C000772,2026-06-17,Billing,WhatsApp,30.6,Yes,Negative,Terdapat selisih pada tagihan bulanan yang dikeluhkan pelanggan.
T0000959,C000772,2026-08-02,Network,WhatsApp,13.5,Yes,Positive,Gangguan jaringan telah selesai dan layanan kembali normal.
T0000960,C000772,2026-08-09,Network,Mobile App,24.5,No,Neutral,Pelanggan menanyakan status gangguan jaringan di wilayahnya.
T0000961,C000773,2026-01-18,Network,Call Center,21.8,No,Negative,Koneksi sering terputus dan pelanggan meminta perbaikan segera.
T0000962,C000774,2025-09-09,Network,Mobile App,12.3,No,Neutral,Pelanggan menanyakan status gangguan jaringan di wilayahnya.
T0000963,C000774,2026-06-16,Complaint,Call Center,11.6,No,Neutral,Keluhan diteruskan untuk investigasi lanjutan.
T0000964,C000775,2025-12-15,Network,Call Center,17.3,No,Neutral,Pelanggan menanyakan status gangguan jaringan di wilayahnya.
T0000965,C000777,2026-08-06,Network,Email,10.7,No,Negative,Pelanggan mengeluhkan jaringan tidak stabil di area rumah.
T0000966,C000777,2026-04-22,Technical Support,Call Center,25.2,Yes,Negative,Masalah teknis berulang meskipun sebelumnya sudah ditangani.
T0000967,C000779,2026-07-28,Complaint,Call Center,27.6,No,Positive,Keluhan telah ditangani dan pelanggan menerima solusi.
T0000968,C000780,2026-01-22,Billing,Call Center,0.5,Yes,Positive,Penjelasan tagihan diterima dan masalah dinyatakan selesai.
T0000969,C000781,2026-03-13,Network,Call Center,5.7,Yes,Neutral,Pelanggan menanyakan status gangguan jaringan di wilayahnya.
T0000970,C000782,2026-03-17,Account,WhatsApp,11.4,No,Negative,Pelanggan kesulitan mengakses akun dan merasa proses terlalu rumit.
T0000971,C000783,2025-10-18,Account,WhatsApp,22.5,Yes,Neutral,Permintaan perubahan data akun pelanggan.
T0000972,C000783,2026-08-03,Network,Call Center,6.8,No,Negative,Koneksi sering terputus dan pelanggan meminta perbaikan segera.
T0000973,C000784,2026-06-03,Technical Support,WhatsApp,9.1,No,Neutral,Pelanggan meminta panduan konfigurasi perangkat.
T0000974,C000785,2026-06-13,Network,Call Center,21.9,No,Negative,Pelanggan mengeluhkan jaringan tidak stabil di area rumah.
T0000975,C000785,2025-11-11,Network,Call Center,12.4,No,Negative,Pelanggan mengeluhkan jaringan tidak stabil di area rumah.
T0000976,C000785,2026-01-10,Account,Call Center,18.0,No,Negative,Pelanggan kesulitan mengakses akun dan merasa proses terlalu rumit.
T0000977,C000787,2026-05-23,Billing,Mobile App,15.7,Yes,Negative,Terdapat selisih pada tagihan bulanan yang dikeluhkan pelanggan.
T0000978,C000787,2026-02-17,Technical Support,WhatsApp,15.1,No,Neutral,Pelanggan meminta panduan konfigurasi perangkat.
T0000979,C000792,2026-07-03,Billing,Mobile App,11.9,No,Negative,Terdapat selisih pada tagihan bulanan yang dikeluhkan pelanggan.
T0000980,C000792,2026-06-07,Technical Support,Mobile App,4.6,Yes,Neutral,Pelanggan meminta panduan konfigurasi perangkat.
T0000981,C000792,2026-08-12,Network,Email,8.9,No,Negative,Pelanggan mengeluhkan jaringan tidak stabil di area rumah.
T0000982,C000793,2026-03-08,Network,Email,11.2,No,Negative,Koneksi sering terputus dan pelanggan meminta perbaikan segera.
T0000983,C000794,2026-01-20,Technical Support,Mobile App,32.5,Yes,Negative,Masalah teknis berulang meskipun sebelumnya sudah ditangani.
T0000984,C000795,2025-09-17,Account,Email,0.5,Yes,Neutral,Permintaan perubahan data akun pelanggan.
T0000985,C000797,2025-10-07,Complaint,Mobile App,20.4,Yes,Negative,Pelanggan tidak puas dengan penyelesaian masalah sebelumnya.
T0000986,C000799,2025-09-12,Network,WhatsApp,36.2,No,Negative,Koneksi sering terputus dan pelanggan meminta perbaikan segera.
T0000987,C000800,2026-01-16,Network,Mobile App,20.4,No,Negative,Pelanggan mengeluhkan jaringan tidak stabil di area rumah.
T0000988,C000801,2026-03-06,Billing,Call Center,13.2,Yes,Positive,Penjelasan tagihan diterima dan masalah dinyatakan selesai.
T0000989,C000803,2026-08-10,Billing,Mobile App,13.3,Yes,Negative,Pelanggan keberatan dengan tagihan dan meminta penjelasan rinci.
T0000990,C000803,2025-12-09,Technical Support,Email,12.0,No,Neutral,Pelanggan meminta panduan konfigurasi perangkat.
T0000991,C000804,2025-12-20,Network,Mobile App,10.8,No,Neutral,Pelanggan menanyakan status gangguan jaringan di wilayahnya.
T0000992,C000808,2026-05-18,Network,WhatsApp,13.6,Yes,Positive,Gangguan jaringan telah selesai dan layanan kembali normal.
T0000993,C000808,2026-02-15,Billing,Email,12.5,No,Neutral,Pelanggan menanyakan rincian tagihan bulan berjalan.
T0000994,C000809,2025-10-04,Network,WhatsApp,28.5,No,Negative,Pelanggan mengeluhkan jaringan tidak stabil di area rumah.
T0000995,C000809,2026-01-22,Billing,Email,16.2,Yes,Negative,Terdapat selisih pada tagihan bulanan yang dikeluhkan pelanggan.
T0000996,C000812,2025-10-08,Network,Mobile App,31.1,No,Negative,Pelanggan mengeluhkan jaringan tidak stabil di area rumah.
T0000997,C000813,2026-08-26,Account,WhatsApp,11.2,Yes,Positive,Perubahan data akun berhasil dilakukan.
T0000998,C000814,2026-07-23,Network,Mobile App,3.5,Yes,Neutral,Pelanggan menanyakan status gangguan jaringan di wilayahnya.
T0000999,C000815,2025-11-03,Network,Mobile App,21.4,Yes,Negative,Koneksi sering terputus dan pelanggan meminta perbaikan segera.
T0001000,C000815,2026-08-06,Complaint,Mobile App,21.5,No,Negative,Pelanggan tidak puas dengan penyelesaian masalah sebelumnya.
T0001001,C000815,2025-10-02,Technical Support,Email,24.0,Yes,Negative,Masalah teknis berulang meskipun sebelumnya sudah ditangani.
T0001002,C000815,2025-12-19,Account,Call Center,24.7,No,Negative,Pelanggan kesulitan mengakses akun dan merasa proses terlalu rumit.
T0001003,C000816,2025-09-26,Network,Call Center,0.7,Yes,Positive,Gangguan jaringan telah selesai dan layanan kembali normal.
T0001004,C000816,2026-04-18,Network,Mobile App,9.3,Yes,Negative,Koneksi sering terputus dan pelanggan meminta perbaikan segera.
T0001005,C000817,2025-10-10,Billing,Mobile App,20.1,Yes,Negative,Pelanggan keberatan dengan tagihan dan meminta penjelasan rinci.
T0001006,C000818,2025-12-30,Network,Mobile App,12.6,Yes,Neutral,Pelanggan menanyakan status gangguan jaringan di wilayahnya.
T0001007,C000818,2026-03-04,Technical Support,WhatsApp,12.8,No,Negative,Masalah teknis berulang meskipun sebelumnya sudah ditangani.
T0001008,C000818,2026-04-03,Network,Mobile App,24.6,No,Negative,Pelanggan mengeluhkan jaringan tidak stabil di area rumah.
T0001009,C000819,2025-12-05,Network,WhatsApp,24.3,No,Negative,Pelanggan mengeluhkan jaringan tidak stabil di area rumah.
T0001010,C000819,2026-08-21,Network,Call Center,20.6,No,Negative,Koneksi sering terputus dan pelanggan meminta perbaikan segera.
T0001011,C000819,2026-06-14,Account,Mobile App,3.4,Yes,Neutral,Permintaan perubahan data akun pelanggan.
T0001012,C000819,2026-07-08,Technical Support,Call Center,18.7,No,Positive,Panduan teknis berhasil dan layanan dapat digunakan kembali.
T0001013,C000821,2026-03-20,Billing,Call Center,1.1,Yes,Positive,Penjelasan tagihan diterima dan masalah dinyatakan selesai.
T0001014,C000821,2025-11-21,Network,Call Center,10.3,No,Positive,Gangguan jaringan telah selesai dan layanan kembali normal.
T0001015,C000822,2026-03-27,Account,Mobile App,12.7,Yes,Negative,Pelanggan kesulitan mengakses akun dan merasa proses terlalu rumit.
T0001016,C000822,2026-03-11,Network,WhatsApp,16.9,No,Negative,Pelanggan mengeluhkan jaringan tidak stabil di area rumah.
T0001017,C000822,2025-11-09,Complaint,Call Center,17.6,Yes,Positive,Keluhan telah ditangani dan pelanggan menerima solusi.
T0001018,C000822,2026-03-12,Network,WhatsApp,9.5,Yes,Neutral,Pelanggan menanyakan status gangguan jaringan di wilayahnya.
T0001019,C000823,2026-06-26,Technical Support,WhatsApp,27.7,Yes,Negative,Masalah teknis berulang meskipun sebelumnya sudah ditangani.
T0001020,C000823,2026-07-23,Network,WhatsApp,27.3,Yes,Negative,Koneksi sering terputus dan pelanggan meminta perbaikan segera.
T0001021,C000824,2026-03-29,Network,Call Center,6.2,Yes,Neutral,Pelanggan menanyakan status gangguan jaringan di wilayahnya.
T0001022,C000824,2025-10-24,Account,Call Center,15.0,No,Negative,Pelanggan kesulitan mengakses akun dan merasa proses terlalu rumit.
T0001023,C000825,2026-05-25,Account,Call Center,4.3,Yes,Neutral,Permintaan perubahan data akun pelanggan.
T0001024,C000826,2026-08-10,Technical Support,WhatsApp,28.7,No,Negative,Masalah teknis berulang meskipun sebelumnya sudah ditangani.
T0001025,C000826,2026-08-27,Network,Call Center,24.6,Yes,Positive,Gangguan jaringan telah selesai dan layanan kembali normal.
T0001026,C000826,2025-12-17,Network,Mobile App,28.9,No,Negative,Koneksi sering terputus dan pelanggan meminta perbaikan segera.
T0001027,C000826,2026-06-03,Complaint,Call Center,27.5,No,Negative,Pelanggan tidak puas dengan penyelesaian masalah sebelumnya.
T0001028,C000827,2025-09-10,Network,Email,3.3,No,Neutral,Pelanggan menanyakan status gangguan jaringan di wilayahnya.
T0001029,C000827,2026-01-01,Account,Mobile App,29.5,No,Negative,Pelanggan kesulitan mengakses akun dan merasa proses terlalu rumit.
T0001030,C000830,2026-06-07,Network,WhatsApp,17.9,No,Negative,Koneksi sering terputus dan pelanggan meminta perbaikan segera.
T0001031,C000831,2025-12-09,Network,WhatsApp,24.4,Yes,Negative,Pelanggan mengeluhkan jaringan tidak stabil di area rumah.
T0001032,C000831,2025-12-18,Technical Support,Call Center,32.1,No,Negative,Masalah teknis berulang meskipun sebelumnya sudah ditangani.
T0001033,C000832,2025-12-04,Network,WhatsApp,19.5,Yes,Negative,Koneksi sering terputus dan pelanggan meminta perbaikan segera.
T0001034,C000832,2026-07-29,Network,WhatsApp,2.6,Yes,Neutral,Pelanggan menanyakan status gangguan jaringan di wilayahnya.
T0001035,C000832,2026-02-21,Network,Mobile App,10.7,Yes,Negative,Koneksi sering terputus dan pelanggan meminta perbaikan segera.
T0001036,C000833,2025-09-12,Complaint,Call Center,28.4,No,Negative,Pelanggan tidak puas dengan penyelesaian masalah sebelumnya.
T0001037,C000833,2025-09-29,Technical Support,Call Center,22.2,No,Negative,Masalah teknis berulang meskipun sebelumnya sudah ditangani.
T0001038,C000833,2026-05-20,Complaint,WhatsApp,28.1,Yes,Negative,Pelanggan tidak puas dengan penyelesaian masalah sebelumnya.
T0001039,C000836,2026-03-05,Complaint,Mobile App,15.0,No,Positive,Keluhan telah ditangani dan pelanggan menerima solusi.
T0001040,C000836,2026-07-23,Billing,Call Center,37.5,Yes,Negative,Terdapat selisih pada tagihan bulanan yang dikeluhkan pelanggan.
T0001041,C000836,2025-10-09,Network,Call Center,12.8,Yes,Neutral,Pelanggan menanyakan status gangguan jaringan di wilayahnya.
T0001042,C000837,2026-08-20,Complaint,Call Center,24.5,No,Negative,Pelanggan tidak puas dengan penyelesaian masalah sebelumnya.
T0001043,C000837,2026-07-16,Account,Call Center,15.1,No,Negative,Pelanggan kesulitan mengakses akun dan merasa proses terlalu rumit.
T0001044,C000837,2026-06-28,Network,Mobile App,10.9,Yes,Neutral,Pelanggan menanyakan status gangguan jaringan di wilayahnya.
T0001045,C000837,2026-06-23,Network,WhatsApp,7.1,No,Negative,Pelanggan mengeluhkan jaringan tidak stabil di area rumah.
T0001046,C000839,2025-11-02,Network,WhatsApp,25.3,Yes,Negative,Pelanggan mengeluhkan jaringan tidak stabil di area rumah.
T0001047,C000839,2025-09-21,Billing,Email,28.6,No,Negative,Terdapat selisih pada tagihan bulanan yang dikeluhkan pelanggan.
T0001048,C000840,2025-09-26,Technical Support,WhatsApp,18.6,Yes,Negative,Masalah teknis berulang meskipun sebelumnya sudah ditangani.
T0001049,C000844,2026-07-10,Account,WhatsApp,19.8,No,Positive,Perubahan data akun berhasil dilakukan.
T0001050,C000845,2026-08-13,Billing,Call Center,26.4,No,Negative,Pelanggan keberatan dengan tagihan dan meminta penjelasan rinci.
T0001051,C000845,2026-08-23,Network,Mobile App,0.5,Yes,Negative,Koneksi sering terputus dan pelanggan meminta perbaikan segera.
T0001052,C000845,2025-10-21,Network,WhatsApp,29.0,No,Negative,Pelanggan mengeluhkan jaringan tidak stabil di area rumah.
T0001053,C000847,2026-02-08,Billing,Mobile App,0.9,Yes,Neutral,Pelanggan menanyakan rincian tagihan bulan berjalan.
T0001054,C000847,2026-02-20,Account,WhatsApp,17.3,Yes,Negative,Pelanggan kesulitan mengakses akun dan merasa proses terlalu rumit.
T0001055,C000847,2025-12-10,Account,Mobile App,16.2,Yes,Neutral,Permintaan perubahan data akun pelanggan.
T0001056,C000847,2026-04-01,Billing,Call Center,20.2,No,Negative,Terdapat selisih pada tagihan bulanan yang dikeluhkan pelanggan.
T0001057,C000848,2026-08-25,Network,WhatsApp,19.5,Yes,Negative,Koneksi sering terputus dan pelanggan meminta perbaikan segera.
T0001058,C000852,2026-07-05,Network,WhatsApp,37.3,No,Negative,Koneksi sering terputus dan pelanggan meminta perbaikan segera.
T0001059,C000852,2026-01-28,Billing,WhatsApp,19.7,Yes,Negative,Terdapat selisih pada tagihan bulanan yang dikeluhkan pelanggan.
T0001060,C000852,2025-10-30,Network,Call Center,9.6,Yes,Neutral,Pelanggan menanyakan status gangguan jaringan di wilayahnya.
T0001061,C000853,2025-09-20,Network,Email,11.6,No,Negative,Pelanggan mengeluhkan jaringan tidak stabil di area rumah.
T0001062,C000853,2026-08-10,Technical Support,WhatsApp,30.3,Yes,Negative,Masalah teknis berulang meskipun sebelumnya sudah ditangani.
T0001063,C000853,2026-07-16,Network,WhatsApp,28.2,No,Negative,Pelanggan mengeluhkan jaringan tidak stabil di area rumah.
T0001064,C000855,2025-12-19,Network,Mobile App,5.5,Yes,Positive,Gangguan jaringan telah selesai dan layanan kembali normal.
T0001065,C000855,2026-06-20,Account,Call Center,24.9,No,Negative,Pelanggan kesulitan mengakses akun dan merasa proses terlalu rumit.
T0001066,C000856,2025-11-14,Technical Support,Email,9.7,No,Positive,Panduan teknis berhasil dan layanan dapat digunakan kembali.
T0001067,C000856,2026-03-12,Billing,Call Center,13.7,Yes,Neutral,Pelanggan menanyakan rincian tagihan bulan berjalan.
T0001068,C000857,2025-11-21,Complaint,Mobile App,35.9,No,Negative,Pelanggan tidak puas dengan penyelesaian masalah sebelumnya.
T0001069,C000858,2025-11-04,Network,Call Center,26.6,No,Negative,Pelanggan mengeluhkan jaringan tidak stabil di area rumah.
T0001070,C000860,2026-04-01,Billing,Mobile App,29.8,Yes,Negative,Pelanggan keberatan dengan tagihan dan meminta penjelasan rinci.
T0001071,C000861,2026-02-07,Billing,Call Center,18.4,No,Neutral,Pelanggan menanyakan rincian tagihan bulan berjalan.
T0001072,C000862,2026-08-14,Billing,Mobile App,31.0,No,Negative,Terdapat selisih pada tagihan bulanan yang dikeluhkan pelanggan.
T0001073,C000863,2026-06-24,Billing,Call Center,11.2,Yes,Neutral,Pelanggan menanyakan rincian tagihan bulan berjalan.
T0001074,C000863,2025-10-21,Complaint,Mobile App,16.3,Yes,Negative,Pelanggan tidak puas dengan penyelesaian masalah sebelumnya.
T0001075,C000864,2026-01-19,Billing,Mobile App,8.2,Yes,Neutral,Pelanggan menanyakan rincian tagihan bulan berjalan.
T0001076,C000865,2025-10-02,Complaint,WhatsApp,31.9,Yes,Negative,Pelanggan tidak puas dengan penyelesaian masalah sebelumnya.
T0001077,C000865,2025-12-07,Technical Support,WhatsApp,13.0,Yes,Negative,Masalah teknis berulang meskipun sebelumnya sudah ditangani.
T0001078,C000865,2026-04-12,Complaint,Mobile App,17.2,Yes,Negative,Pelanggan tidak puas dengan penyelesaian masalah sebelumnya.
T0001079,C000866,2025-10-05,Network,WhatsApp,19.6,Yes,Negative,Pelanggan mengeluhkan jaringan tidak stabil di area rumah.
T0001080,C000866,2025-12-16,Billing,Email,15.3,No,Negative,Terdapat selisih pada tagihan bulanan yang dikeluhkan pelanggan.
T0001081,C000869,2026-07-05,Billing,Call Center,9.0,No,Negative,Pelanggan keberatan dengan tagihan dan meminta penjelasan rinci.
T0001082,C000870,2026-06-17,Network,Mobile App,4.8,Yes,Negative,Pelanggan mengeluhkan jaringan tidak stabil di area rumah.
T0001083,C000870,2026-08-07,Billing,WhatsApp,9.3,No,Negative,Terdapat selisih pada tagihan bulanan yang dikeluhkan pelanggan.
T0001084,C000870,2026-06-09,Account,Mobile App,22.7,No,Negative,Pelanggan kesulitan mengakses akun dan merasa proses terlalu rumit.
T0001085,C000870,2025-11-20,Network,Mobile App,4.9,Yes,Neutral,Pelanggan menanyakan status gangguan jaringan di wilayahnya.
T0001086,C000870,2026-04-25,Account,Mobile App,20.8,No,Negative,Pelanggan kesulitan mengakses akun dan merasa proses terlalu rumit.
T0001087,C000871,2026-07-05,Technical Support,WhatsApp,32.0,Yes,Negative,Masalah teknis berulang meskipun sebelumnya sudah ditangani.
T0001088,C000871,2026-08-07,Network,Call Center,18.0,Yes,Negative,Pelanggan mengeluhkan jaringan tidak stabil di area rumah.
T0001089,C000871,2026-08-15,Billing,Email,9.1,Yes,Negative,Pelanggan keberatan dengan tagihan dan meminta penjelasan rinci.
T0001090,C000872,2025-11-15,Account,WhatsApp,12.8,Yes,Negative,Pelanggan kesulitan mengakses akun dan merasa proses terlalu rumit.
T0001091,C000873,2025-11-24,Billing,Email,16.6,Yes,Negative,Terdapat selisih pada tagihan bulanan yang dikeluhkan pelanggan.
T0001092,C000873,2026-08-28,Technical Support,Email,16.7,Yes,Neutral,Pelanggan meminta panduan konfigurasi perangkat.
T0001093,C000874,2026-06-12,Billing,WhatsApp,22.6,No,Neutral,Pelanggan menanyakan rincian tagihan bulan berjalan.
T0001094,C000874,2026-01-29,Complaint,Email,30.2,No,Negative,Pelanggan tidak puas dengan penyelesaian masalah sebelumnya.
T0001095,C000874,2026-02-05,Billing,WhatsApp,8.7,No,Positive,Penjelasan tagihan diterima dan masalah dinyatakan selesai.
T0001096,C000875,2025-12-04,Billing,WhatsApp,21.7,No,Negative,Terdapat selisih pada tagihan bulanan yang dikeluhkan pelanggan.
T0001097,C000875,2025-12-12,Complaint,WhatsApp,18.7,Yes,Negative,Pelanggan tidak puas dengan penyelesaian masalah sebelumnya.
T0001098,C000876,2026-08-25,Complaint,Call Center,37.8,No,Negative,Pelanggan tidak puas dengan penyelesaian masalah sebelumnya.
T0001099,C000877,2025-10-06,Technical Support,WhatsApp,0.5,Yes,Positive,Panduan teknis berhasil dan layanan dapat digunakan kembali.
T0001100,C000881,2026-06-06,Billing,Call Center,25.2,Yes,Negative,Pelanggan keberatan dengan tagihan dan meminta penjelasan rinci.
T0001101,C000883,2026-01-05,Network,Email,15.2,No,Neutral,Pelanggan menanyakan status gangguan jaringan di wilayahnya.
T0001102,C000884,2026-08-23,Complaint,WhatsApp,23.7,No,Negative,Pelanggan tidak puas dengan penyelesaian masalah sebelumnya.
T0001103,C000884,2025-11-19,Technical Support,Call Center,10.3,Yes,Neutral,Pelanggan meminta panduan konfigurasi perangkat.
T0001104,C000884,2025-11-16,Network,Call Center,15.4,No,Negative,Koneksi sering terputus dan pelanggan meminta perbaikan segera.
T0001105,C000886,2026-07-21,Technical Support,WhatsApp,10.9,No,Negative,Masalah teknis berulang meskipun sebelumnya sudah ditangani.
T0001106,C000886,2026-07-24,Account,Call Center,22.9,No,Negative,Pelanggan kesulitan mengakses akun dan merasa proses terlalu rumit.
T0001107,C000886,2026-08-20,Network,WhatsApp,18.7,No,Neutral,Pelanggan menanyakan status gangguan jaringan di wilayahnya.
T0001108,C000887,2026-06-08,Technical Support,Call Center,10.4,Yes,Positive,Panduan teknis berhasil dan layanan dapat digunakan kembali.
T0001109,C000889,2026-02-14,Technical Support,Mobile App,16.4,Yes,Negative,Masalah teknis berulang meskipun sebelumnya sudah ditangani.
T0001110,C000889,2025-12-31,Network,Call Center,13.7,Yes,Negative,Koneksi sering terputus dan pelanggan meminta perbaikan segera.
T0001111,C000892,2026-04-07,Technical Support,Mobile App,24.7,Yes,Negative,Masalah teknis berulang meskipun sebelumnya sudah ditangani.
T0001112,C000896,2026-06-21,Technical Support,Call Center,9.9,No,Negative,Masalah teknis berulang meskipun sebelumnya sudah ditangani.
T0001113,C000896,2026-06-24,Billing,Call Center,2.5,Yes,Neutral,Pelanggan menanyakan rincian tagihan bulan berjalan.
T0001114,C000899,2026-01-13,Complaint,WhatsApp,17.9,Yes,Neutral,Keluhan diteruskan untuk investigasi lanjutan.
T0001115,C000902,2026-06-15,Technical Support,WhatsApp,16.4,Yes,Neutral,Pelanggan meminta panduan konfigurasi perangkat.
T0001116,C000903,2026-03-19,Billing,Call Center,16.0,No,Neutral,Pelanggan menanyakan rincian tagihan bulan berjalan.
T0001117,C000904,2025-11-09,Network,Mobile App,21.5,Yes,Negative,Koneksi sering terputus dan pelanggan meminta perbaikan segera.
T0001118,C000904,2026-05-22,Account,Call Center,9.8,No,Negative,Pelanggan kesulitan mengakses akun dan merasa proses terlalu rumit.
T0001119,C000904,2025-10-17,Network,Call Center,12.1,No,Negative,Koneksi sering terputus dan pelanggan meminta perbaikan segera.
T0001120,C000905,2026-01-29,Network,WhatsApp,13.4,No,Positive,Gangguan jaringan telah selesai dan layanan kembali normal.
T0001121,C000909,2026-04-22,Technical Support,Email,16.9,No,Negative,Masalah teknis berulang meskipun sebelumnya sudah ditangani.
T0001122,C000910,2025-11-09,Complaint,Call Center,18.1,Yes,Positive,Keluhan telah ditangani dan pelanggan menerima solusi.
T0001123,C000911,2025-09-26,Technical Support,Mobile App,2.3,No,Neutral,Pelanggan meminta panduan konfigurasi perangkat.
T0001124,C000911,2026-04-21,Network,Call Center,11.5,Yes,Negative,Pelanggan mengeluhkan jaringan tidak stabil di area rumah.
T0001125,C000912,2025-12-08,Billing,Mobile App,8.6,Yes,Negative,Terdapat selisih pada tagihan bulanan yang dikeluhkan pelanggan.
T0001126,C000912,2026-03-10,Billing,WhatsApp,23.4,Yes,Neutral,Pelanggan menanyakan rincian tagihan bulan berjalan.
T0001127,C000913,2026-03-17,Network,Call Center,31.9,Yes,Negative,Pelanggan mengeluhkan jaringan tidak stabil di area rumah.
T0001128,C000913,2026-04-23,Account,Call Center,25.4,Yes,Negative,Pelanggan kesulitan mengakses akun dan merasa proses terlalu rumit.
T0001129,C000913,2026-02-15,Network,Call Center,25.4,No,Negative,Koneksi sering terputus dan pelanggan meminta perbaikan segera.
T0001130,C000914,2025-12-18,Billing,WhatsApp,5.1,Yes,Neutral,Pelanggan menanyakan rincian tagihan bulan berjalan.
T0001131,C000914,2025-12-12,Complaint,Mobile App,33.5,Yes,Neutral,Keluhan diteruskan untuk investigasi lanjutan.
T0001132,C000915,2026-02-01,Account,Call Center,13.5,No,Negative,Pelanggan kesulitan mengakses akun dan merasa proses terlalu rumit.
T0001133,C000915,2026-01-19,Network,WhatsApp,9.1,Yes,Neutral,Pelanggan menanyakan status gangguan jaringan di wilayahnya.
T0001134,C000915,2026-05-29,Technical Support,WhatsApp,17.9,No,Negative,Masalah teknis berulang meskipun sebelumnya sudah ditangani.
T0001135,C000916,2026-08-04,Complaint,Email,9.9,Yes,Neutral,Keluhan diteruskan untuk investigasi lanjutan.
T0001136,C000916,2025-12-26,Complaint,WhatsApp,22.6,Yes,Negative,Pelanggan tidak puas dengan penyelesaian masalah sebelumnya.
T0001137,C000917,2026-08-07,Billing,WhatsApp,19.4,Yes,Negative,Pelanggan keberatan dengan tagihan dan meminta penjelasan rinci.
T0001138,C000918,2026-05-23,Billing,Mobile App,17.8,No,Negative,Terdapat selisih pada tagihan bulanan yang dikeluhkan pelanggan.
T0001139,C000918,2026-05-08,Network,Call Center,20.8,Yes,Negative,Pelanggan mengeluhkan jaringan tidak stabil di area rumah.
T0001140,C000919,2025-10-26,Technical Support,WhatsApp,30.8,No,Negative,Masalah teknis berulang meskipun sebelumnya sudah ditangani.
T0001141,C000920,2026-06-17,Account,Mobile App,28.7,No,Negative,Pelanggan kesulitan mengakses akun dan merasa proses terlalu rumit.
T0001142,C000921,2026-07-29,Account,Mobile App,33.1,Yes,Negative,Pelanggan kesulitan mengakses akun dan merasa proses terlalu rumit.
T0001143,C000921,2025-10-02,Account,Email,18.1,Yes,Negative,Pelanggan kesulitan mengakses akun dan merasa proses terlalu rumit.
T0001144,C000921,2025-10-19,Technical Support,Call Center,5.9,Yes,Positive,Panduan teknis berhasil dan layanan dapat digunakan kembali.
T0001145,C000923,2026-08-07,Complaint,Mobile App,13.0,Yes,Negative,Pelanggan tidak puas dengan penyelesaian masalah sebelumnya.
T0001146,C000923,2026-08-19,Network,WhatsApp,14.0,Yes,Neutral,Pelanggan menanyakan status gangguan jaringan di wilayahnya.
T0001147,C000924,2026-07-29,Billing,Email,20.7,Yes,Negative,Pelanggan keberatan dengan tagihan dan meminta penjelasan rinci.
T0001148,C000924,2026-06-21,Technical Support,WhatsApp,15.4,Yes,Positive,Panduan teknis berhasil dan layanan dapat digunakan kembali.
T0001149,C000924,2026-08-13,Technical Support,Call Center,6.4,Yes,Negative,Masalah teknis berulang meskipun sebelumnya sudah ditangani.
T0001150,C000924,2026-06-23,Network,WhatsApp,13.6,No,Negative,Pelanggan mengeluhkan jaringan tidak stabil di area rumah.
T0001151,C000925,2026-01-19,Technical Support,WhatsApp,21.7,Yes,Negative,Masalah teknis berulang meskipun sebelumnya sudah ditangani.
T0001152,C000925,2026-06-22,Technical Support,Call Center,28.6,No,Negative,Masalah teknis berulang meskipun sebelumnya sudah ditangani.
T0001153,C000926,2026-03-02,Network,WhatsApp,20.1,Yes,Positive,Gangguan jaringan telah selesai dan layanan kembali normal.
T0001154,C000926,2025-12-15,Billing,Mobile App,7.5,Yes,Neutral,Pelanggan menanyakan rincian tagihan bulan berjalan.
T0001155,C000927,2026-02-24,Billing,Call Center,22.9,Yes,Negative,Terdapat selisih pada tagihan bulanan yang dikeluhkan pelanggan.
T0001156,C000927,2026-03-23,Billing,Email,6.1,Yes,Negative,Terdapat selisih pada tagihan bulanan yang dikeluhkan pelanggan.
T0001157,C000930,2026-06-27,Account,Call Center,17.2,Yes,Positive,Perubahan data akun berhasil dilakukan.
T0001158,C000930,2026-08-12,Network,Mobile App,5.5,Yes,Negative,Koneksi sering terputus dan pelanggan meminta perbaikan segera.
T0001159,C000932,2025-11-09,Billing,Call Center,12.3,Yes,Negative,Pelanggan keberatan dengan tagihan dan meminta penjelasan rinci.
T0001160,C000935,2025-11-14,Billing,Call Center,18.8,Yes,Negative,Pelanggan keberatan dengan tagihan dan meminta penjelasan rinci.
T0001161,C000935,2026-07-06,Account,Mobile App,15.8,Yes,Positive,Perubahan data akun berhasil dilakukan.
T0001162,C000935,2025-10-15,Network,WhatsApp,24.7,No,Negative,Pelanggan mengeluhkan jaringan tidak stabil di area rumah.
T0001163,C000936,2026-02-23,Network,Call Center,9.5,No,Neutral,Pelanggan menanyakan status gangguan jaringan di wilayahnya.
T0001164,C000937,2025-12-16,Network,Call Center,31.4,Yes,Negative,Pelanggan mengeluhkan jaringan tidak stabil di area rumah.
T0001165,C000938,2026-06-19,Complaint,Email,10.1,No,Positive,Keluhan telah ditangani dan pelanggan menerima solusi.
T0001166,C000938,2026-06-22,Complaint,Email,4.9,Yes,Neutral,Keluhan diteruskan untuk investigasi lanjutan.
T0001167,C000938,2026-06-06,Technical Support,WhatsApp,16.5,Yes,Negative,Masalah teknis berulang meskipun sebelumnya sudah ditangani.
T0001168,C000939,2025-10-27,Billing,Call Center,13.2,Yes,Neutral,Pelanggan menanyakan rincian tagihan bulan berjalan.
T0001169,C000940,2025-10-20,Technical Support,Mobile App,43.3,No,Negative,Masalah teknis berulang meskipun sebelumnya sudah ditangani.
T0001170,C000941,2026-02-11,Account,Mobile App,9.8,No,Negative,Pelanggan kesulitan mengakses akun dan merasa proses terlalu rumit.
T0001171,C000941,2026-08-12,Billing,Call Center,35.3,No,Negative,Terdapat selisih pada tagihan bulanan yang dikeluhkan pelanggan.
T0001172,C000941,2025-11-06,Network,Mobile App,21.8,Yes,Negative,Pelanggan mengeluhkan jaringan tidak stabil di area rumah.
T0001173,C000941,2026-07-23,Billing,WhatsApp,22.6,Yes,Negative,Terdapat selisih pada tagihan bulanan yang dikeluhkan pelanggan.
T0001174,C000942,2026-07-23,Billing,WhatsApp,4.4,No,Positive,Penjelasan tagihan diterima dan masalah dinyatakan selesai.
T0001175,C000942,2025-10-15,Network,WhatsApp,17.7,No,Negative,Pelanggan mengeluhkan jaringan tidak stabil di area rumah.
T0001176,C000944,2026-08-01,Technical Support,Mobile App,5.1,Yes,Neutral,Pelanggan meminta panduan konfigurasi perangkat.
T0001177,C000945,2026-01-06,Complaint,WhatsApp,5.6,Yes,Negative,Pelanggan tidak puas dengan penyelesaian masalah sebelumnya.
T0001178,C000948,2026-07-20,Technical Support,Mobile App,15.7,Yes,Neutral,Pelanggan meminta panduan konfigurasi perangkat.
T0001179,C000949,2025-12-22,Technical Support,Email,7.8,No,Positive,Panduan teknis berhasil dan layanan dapat digunakan kembali.
T0001180,C000953,2026-07-15,Technical Support,Email,9.0,Yes,Negative,Masalah teknis berulang meskipun sebelumnya sudah ditangani.
T0001181,C000953,2025-09-11,Network,Mobile App,21.8,No,Negative,Pelanggan mengeluhkan jaringan tidak stabil di area rumah.
T0001182,C000953,2026-05-20,Network,Call Center,5.9,No,Negative,Koneksi sering terputus dan pelanggan meminta perbaikan segera.
T0001183,C000953,2026-08-27,Billing,Call Center,25.9,Yes,Negative,Pelanggan keberatan dengan tagihan dan meminta penjelasan rinci.
T0001184,C000953,2026-05-19,Network,Mobile App,20.7,Yes,Neutral,Pelanggan menanyakan status gangguan jaringan di wilayahnya.
T0001185,C000953,2025-09-01,Network,Mobile App,9.8,No,Negative,Pelanggan mengeluhkan jaringan tidak stabil di area rumah.
T0001186,C000954,2026-07-02,Network,Mobile App,1.9,Yes,Neutral,Pelanggan menanyakan status gangguan jaringan di wilayahnya.
T0001187,C000954,2026-07-29,Account,Mobile App,39.6,No,Neutral,Permintaan perubahan data akun pelanggan.
T0001188,C000956,2026-08-26,Complaint,Email,35.9,No,Neutral,Keluhan diteruskan untuk investigasi lanjutan.
T0001189,C000956,2026-01-27,Account,WhatsApp,24.6,No,Negative,Pelanggan kesulitan mengakses akun dan merasa proses terlalu rumit.
T0001190,C000956,2026-06-28,Account,Call Center,12.2,No,Negative,Pelanggan kesulitan mengakses akun dan merasa proses terlalu rumit.
T0001191,C000956,2026-08-25,Complaint,Mobile App,15.2,No,Negative,Pelanggan tidak puas dengan penyelesaian masalah sebelumnya.
T0001192,C000957,2026-02-11,Complaint,Mobile App,26.2,No,Negative,Pelanggan tidak puas dengan penyelesaian masalah sebelumnya.
T0001193,C000957,2026-04-26,Network,Mobile App,0.5,Yes,Neutral,Pelanggan menanyakan status gangguan jaringan di wilayahnya.
T0001194,C000957,2026-03-02,Billing,Mobile App,15.4,No,Negative,Pelanggan keberatan dengan tagihan dan meminta penjelasan rinci.
T0001195,C000958,2025-12-22,Technical Support,WhatsApp,4.0,Yes,Neutral,Pelanggan meminta panduan konfigurasi perangkat.
T0001196,C000959,2026-07-04,Billing,WhatsApp,0.5,Yes,Neutral,Pelanggan menanyakan rincian tagihan bulan berjalan.
T0001197,C000959,2026-07-25,Technical Support,Call Center,14.1,Yes,Positive,Panduan teknis berhasil dan layanan dapat digunakan kembali.
T0001198,C000962,2025-09-19,Network,Mobile App,6.4,Yes,Positive,Gangguan jaringan telah selesai dan layanan kembali normal.
T0001199,C000963,2026-04-21,Billing,Call Center,31.2,No,Negative,Terdapat selisih pada tagihan bulanan yang dikeluhkan pelanggan.
T0001200,C000963,2026-08-08,Billing,Mobile App,15.0,No,Negative,Terdapat selisih pada tagihan bulanan yang dikeluhkan pelanggan.
T0001201,C000963,2026-06-06,Network,Email,3.9,Yes,Positive,Gangguan jaringan telah selesai dan layanan kembali normal.
T0001202,C000964,2026-01-31,Technical Support,Call Center,13.5,Yes,Positive,Panduan teknis berhasil dan layanan dapat digunakan kembali.
T0001203,C000964,2026-05-02,Billing,Email,12.6,Yes,Neutral,Pelanggan menanyakan rincian tagihan bulan berjalan.
T0001204,C000965,2026-07-16,Network,WhatsApp,3.4,Yes,Neutral,Pelanggan menanyakan status gangguan jaringan di wilayahnya.
T0001205,C000965,2025-12-13,Technical Support,Email,0.5,Yes,Neutral,Pelanggan meminta panduan konfigurasi perangkat.
T0001206,C000966,2026-02-02,Billing,Mobile App,29.1,No,Negative,Pelanggan keberatan dengan tagihan dan meminta penjelasan rinci.
T0001207,C000966,2025-09-11,Network,WhatsApp,16.3,Yes,Negative,Koneksi sering terputus dan pelanggan meminta perbaikan segera.
T0001208,C000966,2026-06-01,Network,WhatsApp,19.9,No,Negative,Pelanggan mengeluhkan jaringan tidak stabil di area rumah.
T0001209,C000968,2026-01-10,Complaint,Email,18.5,No,Neutral,Keluhan diteruskan untuk investigasi lanjutan.
T0001210,C000968,2025-10-05,Account,WhatsApp,3.9,No,Neutral,Permintaan perubahan data akun pelanggan.
T0001211,C000969,2026-06-25,Billing,WhatsApp,1.5,No,Neutral,Pelanggan menanyakan rincian tagihan bulan berjalan.
T0001212,C000969,2026-06-18,Billing,Call Center,27.6,No,Negative,Pelanggan keberatan dengan tagihan dan meminta penjelasan rinci.
T0001213,C000971,2025-12-13,Complaint,Email,15.9,No,Negative,Pelanggan tidak puas dengan penyelesaian masalah sebelumnya.
T0001214,C000971,2026-02-25,Network,Call Center,16.3,Yes,Negative,Pelanggan mengeluhkan jaringan tidak stabil di area rumah.
T0001215,C000974,2025-12-23,Network,WhatsApp,28.9,No,Negative,Koneksi sering terputus dan pelanggan meminta perbaikan segera.
T0001216,C000976,2026-04-12,Complaint,WhatsApp,23.0,No,Negative,Pelanggan tidak puas dengan penyelesaian masalah sebelumnya.
T0001217,C000976,2026-04-25,Billing,Call Center,23.6,Yes,Negative,Terdapat selisih pada tagihan bulanan yang dikeluhkan pelanggan.
T0001218,C000976,2025-12-17,Network,Call Center,26.6,No,Negative,Pelanggan mengeluhkan jaringan tidak stabil di area rumah.
T0001219,C000976,2025-11-19,Technical Support,Mobile App,28.0,No,Negative,Masalah teknis berulang meskipun sebelumnya sudah ditangani.
T0001220,C000978,2026-01-22,Network,Mobile App,0.5,Yes,Neutral,Pelanggan menanyakan status gangguan jaringan di wilayahnya.
T0001221,C000979,2026-07-29,Account,Mobile App,30.6,Yes,Negative,Pelanggan kesulitan mengakses akun dan merasa proses terlalu rumit.
T0001222,C000979,2026-07-09,Technical Support,WhatsApp,9.0,Yes,Negative,Masalah teknis berulang meskipun sebelumnya sudah ditangani.
T0001223,C000980,2025-11-06,Billing,Email,5.9,No,Positive,Penjelasan tagihan diterima dan masalah dinyatakan selesai.
T0001224,C000980,2026-07-16,Complaint,WhatsApp,2.5,No,Negative,Pelanggan tidak puas dengan penyelesaian masalah sebelumnya.
T0001225,C000986,2026-01-03,Billing,Call Center,16.7,Yes,Positive,Penjelasan tagihan diterima dan masalah dinyatakan selesai.
T0001226,C000988,2025-12-02,Complaint,WhatsApp,23.9,No,Positive,Keluhan telah ditangani dan pelanggan menerima solusi.
T0001227,C000989,2026-06-22,Network,WhatsApp,21.8,No,Negative,Pelanggan mengeluhkan jaringan tidak stabil di area rumah.
T0001228,C000989,2026-06-30,Account,Call Center,18.3,No,Negative,Pelanggan kesulitan mengakses akun dan merasa proses terlalu rumit.
T0001229,C000989,2025-09-29,Account,Call Center,14.0,Yes,Negative,Pelanggan kesulitan mengakses akun dan merasa proses terlalu rumit.
T0001230,C000990,2026-03-16,Billing,Call Center,23.3,No,Negative,Pelanggan keberatan dengan tagihan dan meminta penjelasan rinci.
T0001231,C000993,2025-12-18,Complaint,Mobile App,24.9,Yes,Positive,Keluhan telah ditangani dan pelanggan menerima solusi.
T0001232,C000994,2025-11-06,Complaint,WhatsApp,15.3,No,Negative,Pelanggan tidak puas dengan penyelesaian masalah sebelumnya.
T0001233,C000994,2026-07-03,Account,WhatsApp,8.6,Yes,Negative,Pelanggan kesulitan mengakses akun dan merasa proses terlalu rumit.
T0001234,C000995,2025-09-16,Billing,Email,7.8,Yes,Positive,Penjelasan tagihan diterima dan masalah dinyatakan selesai.
T0001235,C000995,2026-04-13,Billing,WhatsApp,28.2,Yes,Positive,Penjelasan tagihan diterima dan masalah dinyatakan selesai.
T0001236,C000996,2025-12-14,Network,Mobile App,32.3,No,Negative,Koneksi sering terputus dan pelanggan meminta perbaikan segera.
T0001237,C000997,2026-03-22,Billing,Email,35.1,No,Negative,Terdapat selisih pada tagihan bulanan yang dikeluhkan pelanggan.
T0001238,C000998,2025-12-01,Complaint,WhatsApp,27.6,No,Negative,Pelanggan tidak puas dengan penyelesaian masalah sebelumnya.
T0001239,C001000,2025-10-02,Billing,WhatsApp,34.6,No,Negative,Pelanggan keberatan dengan tagihan dan meminta penjelasan rinci.
T0001240,C001000,2025-10-05,Complaint,WhatsApp,22.7,Yes,Negative,Pelanggan tidak puas dengan penyelesaian masalah sebelumnya.
T0001241,C001000,2026-05-13,Network,WhatsApp,17.4,Yes,Negative,Koneksi sering terputus dan pelanggan meminta perbaikan segera.
T0001242,C001000,2025-11-27,Technical Support,Mobile App,19.9,No,Negative,Masalah teknis berulang meskipun sebelumnya sudah ditangani.
T0001243,C001001,2025-11-13,Billing,Email,19.4,Yes,Neutral,Pelanggan menanyakan rincian tagihan bulan berjalan.
T0001244,C001003,2025-12-23,Complaint,WhatsApp,34.3,No,Positive,Keluhan telah ditangani dan pelanggan menerima solusi.
T0001245,C001004,2026-05-12,Billing,Email,28.6,No,Negative,Pelanggan keberatan dengan tagihan dan meminta penjelasan rinci.
T0001246,C001006,2026-01-20,Billing,WhatsApp,24.5,Yes,Negative,Pelanggan keberatan dengan tagihan dan meminta penjelasan rinci.
T0001247,C001006,2025-12-23,Technical Support,Call Center,4.0,No,Negative,Masalah teknis berulang meskipun sebelumnya sudah ditangani.
T0001248,C001006,2026-03-10,Billing,Mobile App,22.0,No,Negative,Terdapat selisih pada tagihan bulanan yang dikeluhkan pelanggan.
T0001249,C001007,2025-09-25,Billing,Call Center,11.3,Yes,Negative,Pelanggan keberatan dengan tagihan dan meminta penjelasan rinci.
T0001250,C001007,2026-07-08,Complaint,Call Center,24.0,Yes,Negative,Pelanggan tidak puas dengan penyelesaian masalah sebelumnya.
T0001251,C001007,2026-07-13,Technical Support,Call Center,24.0,No,Negative,Masalah teknis berulang meskipun sebelumnya sudah ditangani.
T0001252,C001009,2025-12-14,Complaint,Email,25.3,Yes,Negative,Pelanggan tidak puas dengan penyelesaian masalah sebelumnya.
T0001253,C001011,2026-01-08,Complaint,Email,14.3,No,Neutral,Keluhan diteruskan untuk investigasi lanjutan.
T0001254,C001011,2026-01-03,Network,Email,37.1,No,Negative,Pelanggan mengeluhkan jaringan tidak stabil di area rumah.
T0001255,C001012,2026-07-25,Network,Call Center,24.4,No,Negative,Pelanggan mengeluhkan jaringan tidak stabil di area rumah.
T0001256,C001013,2025-11-04,Technical Support,WhatsApp,1.6,Yes,Negative,Masalah teknis berulang meskipun sebelumnya sudah ditangani.
T0001257,C001013,2026-07-27,Complaint,WhatsApp,18.8,No,Negative,Pelanggan tidak puas dengan penyelesaian masalah sebelumnya.
T0001258,C001013,2026-02-10,Billing,Email,26.7,No,Neutral,Pelanggan menanyakan rincian tagihan bulan berjalan.
T0001259,C001013,2026-08-10,Technical Support,WhatsApp,8.9,Yes,Neutral,Pelanggan meminta panduan konfigurasi perangkat.
T0001260,C001017,2026-03-03,Technical Support,Mobile App,30.9,No,Positive,Panduan teknis berhasil dan layanan dapat digunakan kembali.
T0001261,C001017,2026-07-03,Billing,WhatsApp,22.8,No,Negative,Pelanggan keberatan dengan tagihan dan meminta penjelasan rinci.
T0001262,C001018,2026-01-27,Network,Email,25.0,Yes,Negative,Koneksi sering terputus dan pelanggan meminta perbaikan segera.
T0001263,C001020,2026-02-03,Technical Support,Mobile App,4.0,Yes,Negative,Masalah teknis berulang meskipun sebelumnya sudah ditangani.
T0001264,C001021,2025-09-17,Technical Support,Mobile App,9.9,No,Neutral,Pelanggan meminta panduan konfigurasi perangkat.
T0001265,C001022,2025-11-21,Technical Support,WhatsApp,20.5,Yes,Positive,Panduan teknis berhasil dan layanan dapat digunakan kembali.
T0001266,C001023,2026-06-06,Network,WhatsApp,21.5,No,Negative,Koneksi sering terputus dan pelanggan meminta perbaikan segera.
T0001267,C001024,2026-08-06,Technical Support,Call Center,24.0,No,Negative,Masalah teknis berulang meskipun sebelumnya sudah ditangani.
T0001268,C001025,2025-12-04,Complaint,WhatsApp,26.9,Yes,Negative,Pelanggan tidak puas dengan penyelesaian masalah sebelumnya.
T0001269,C001025,2026-07-18,Complaint,Call Center,12.7,No,Negative,Pelanggan tidak puas dengan penyelesaian masalah sebelumnya.
T0001270,C001025,2026-03-21,Complaint,WhatsApp,33.0,No,Negative,Pelanggan tidak puas dengan penyelesaian masalah sebelumnya.
T0001271,C001025,2026-07-20,Account,Call Center,16.9,Yes,Negative,Pelanggan kesulitan mengakses akun dan merasa proses terlalu rumit.
T0001272,C001025,2026-08-24,Network,WhatsApp,10.0,Yes,Negative,Pelanggan mengeluhkan jaringan tidak stabil di area rumah.
T0001273,C001026,2026-07-19,Billing,Call Center,12.0,No,Neutral,Pelanggan menanyakan rincian tagihan bulan berjalan.
T0001274,C001026,2025-10-13,Account,WhatsApp,13.1,No,Neutral,Permintaan perubahan data akun pelanggan.
T0001275,C001027,2025-12-09,Network,WhatsApp,26.1,Yes,Negative,Pelanggan mengeluhkan jaringan tidak stabil di area rumah.
T0001276,C001027,2026-07-10,Billing,WhatsApp,7.3,Yes,Neutral,Pelanggan menanyakan rincian tagihan bulan berjalan.
T0001277,C001028,2026-05-12,Complaint,Call Center,18.6,No,Negative,Pelanggan tidak puas dengan penyelesaian masalah sebelumnya.
T0001278,C001028,2026-07-11,Network,Mobile App,12.4,Yes,Neutral,Pelanggan menanyakan status gangguan jaringan di wilayahnya.
T0001279,C001028,2025-09-05,Network,Mobile App,23.2,No,Neutral,Pelanggan menanyakan status gangguan jaringan di wilayahnya.
T0001280,C001028,2025-10-15,Account,Email,14.6,Yes,Negative,Pelanggan kesulitan mengakses akun dan merasa proses terlalu rumit.
T0001281,C001029,2025-09-14,Complaint,WhatsApp,37.2,Yes,Negative,Pelanggan tidak puas dengan penyelesaian masalah sebelumnya.
T0001282,C001029,2025-10-27,Complaint,Call Center,30.3,Yes,Positive,Keluhan telah ditangani dan pelanggan menerima solusi.
T0001283,C001029,2026-03-11,Technical Support,WhatsApp,22.6,No,Negative,Masalah teknis berulang meskipun sebelumnya sudah ditangani.
T0001284,C001030,2025-10-23,Network,WhatsApp,9.6,Yes,Neutral,Pelanggan menanyakan status gangguan jaringan di wilayahnya.
T0001285,C001031,2026-04-20,Network,Mobile App,5.7,Yes,Neutral,Pelanggan menanyakan status gangguan jaringan di wilayahnya.
T0001286,C001034,2026-05-11,Technical Support,Call Center,20.5,Yes,Negative,Masalah teknis berulang meskipun sebelumnya sudah ditangani.
T0001287,C001035,2026-08-21,Technical Support,WhatsApp,7.5,No,Positive,Panduan teknis berhasil dan layanan dapat digunakan kembali.
T0001288,C001035,2026-07-17,Technical Support,Call Center,0.5,Yes,Positive,Panduan teknis berhasil dan layanan dapat digunakan kembali.
T0001289,C001037,2025-12-13,Complaint,Call Center,19.0,Yes,Positive,Keluhan telah ditangani dan pelanggan menerima solusi.
T0001290,C001038,2026-06-19,Complaint,Mobile App,31.5,No,Negative,Pelanggan tidak puas dengan penyelesaian masalah sebelumnya.
T0001291,C001040,2026-07-28,Billing,Email,26.9,Yes,Negative,Pelanggan keberatan dengan tagihan dan meminta penjelasan rinci.
T0001292,C001040,2026-08-10,Network,Email,31.4,No,Negative,Koneksi sering terputus dan pelanggan meminta perbaikan segera.
T0001293,C001042,2025-09-16,Billing,Call Center,6.6,Yes,Negative,Terdapat selisih pada tagihan bulanan yang dikeluhkan pelanggan.
T0001294,C001042,2025-09-14,Complaint,WhatsApp,11.2,No,Negative,Pelanggan tidak puas dengan penyelesaian masalah sebelumnya.
T0001295,C001043,2026-08-12,Technical Support,Call Center,24.5,Yes,Negative,Masalah teknis berulang meskipun sebelumnya sudah ditangani.
T0001296,C001044,2026-07-29,Technical Support,WhatsApp,20.0,Yes,Negative,Masalah teknis berulang meskipun sebelumnya sudah ditangani.
T0001297,C001044,2025-09-06,Billing,WhatsApp,12.4,Yes,Neutral,Pelanggan menanyakan rincian tagihan bulan berjalan.
T0001298,C001044,2026-07-23,Technical Support,Call Center,30.1,No,Negative,Masalah teknis berulang meskipun sebelumnya sudah ditangani.
T0001299,C001045,2026-04-09,Network,WhatsApp,11.8,No,Negative,Pelanggan mengeluhkan jaringan tidak stabil di area rumah.
T0001300,C001046,2026-07-29,Technical Support,WhatsApp,20.9,Yes,Negative,Masalah teknis berulang meskipun sebelumnya sudah ditangani.
T0001301,C001046,2026-03-31,Network,Email,17.7,Yes,Negative,Koneksi sering terputus dan pelanggan meminta perbaikan segera.
T0001302,C001049,2026-06-27,Network,Email,25.3,Yes,Negative,Pelanggan mengeluhkan jaringan tidak stabil di area rumah.
T0001303,C001050,2025-11-16,Billing,Email,11.2,Yes,Positive,Penjelasan tagihan diterima dan masalah dinyatakan selesai.
T0001304,C001050,2026-03-05,Technical Support,WhatsApp,15.8,Yes,Positive,Panduan teknis berhasil dan layanan dapat digunakan kembali.
T0001305,C001052,2026-06-29,Complaint,Mobile App,39.5,Yes,Negative,Pelanggan tidak puas dengan penyelesaian masalah sebelumnya.
T0001306,C001052,2026-06-29,Technical Support,Mobile App,20.6,No,Negative,Masalah teknis berulang meskipun sebelumnya sudah ditangani.
T0001307,C001053,2026-03-28,Account,Email,11.8,Yes,Positive,Perubahan data akun berhasil dilakukan.
T0001308,C001053,2026-02-10,Billing,Mobile App,16.8,Yes,Negative,Terdapat selisih pada tagihan bulanan yang dikeluhkan pelanggan.
T0001309,C001053,2026-04-30,Billing,Call Center,22.7,No,Negative,Pelanggan keberatan dengan tagihan dan meminta penjelasan rinci.
T0001310,C001053,2026-08-05,Billing,WhatsApp,9.3,No,Neutral,Pelanggan menanyakan rincian tagihan bulan berjalan.
T0001311,C001054,2026-02-07,Technical Support,Email,15.5,Yes,Neutral,Pelanggan meminta panduan konfigurasi perangkat.
T0001312,C001056,2026-08-26,Technical Support,WhatsApp,14.0,Yes,Negative,Masalah teknis berulang meskipun sebelumnya sudah ditangani.
T0001313,C001057,2026-01-08,Billing,WhatsApp,9.5,Yes,Neutral,Pelanggan menanyakan rincian tagihan bulan berjalan.
T0001314,C001057,2025-09-07,Technical Support,Call Center,20.2,No,Negative,Masalah teknis berulang meskipun sebelumnya sudah ditangani.
T0001315,C001057,2026-03-19,Billing,Call Center,21.7,Yes,Negative,Terdapat selisih pada tagihan bulanan yang dikeluhkan pelanggan.
T0001316,C001058,2026-08-13,Technical Support,Call Center,23.7,Yes,Negative,Masalah teknis berulang meskipun sebelumnya sudah ditangani.
T0001317,C001058,2026-03-16,Network,WhatsApp,14.9,No,Negative,Pelanggan mengeluhkan jaringan tidak stabil di area rumah.
T0001318,C001058,2026-08-21,Network,Mobile App,18.7,Yes,Negative,Pelanggan mengeluhkan jaringan tidak stabil di area rumah.
T0001319,C001058,2026-06-11,Technical Support,WhatsApp,23.6,Yes,Negative,Masalah teknis berulang meskipun sebelumnya sudah ditangani.
T0001320,C001058,2026-07-17,Network,Email,24.6,Yes,Negative,Pelanggan mengeluhkan jaringan tidak stabil di area rumah.
T0001321,C001059,2026-04-06,Network,Call Center,23.9,Yes,Neutral,Pelanggan menanyakan status gangguan jaringan di wilayahnya.
T0001322,C001059,2026-03-25,Complaint,Mobile App,12.6,Yes,Neutral,Keluhan diteruskan untuk investigasi lanjutan.
T0001323,C001060,2026-02-16,Network,Email,6.5,No,Neutral,Pelanggan menanyakan status gangguan jaringan di wilayahnya.
T0001324,C001060,2026-05-15,Complaint,Mobile App,26.8,Yes,Neutral,Keluhan diteruskan untuk investigasi lanjutan.
T0001325,C001060,2026-07-14,Billing,Mobile App,22.8,Yes,Positive,Penjelasan tagihan diterima dan masalah dinyatakan selesai.
T0001326,C001060,2026-07-04,Network,WhatsApp,7.5,No,Negative,Pelanggan mengeluhkan jaringan tidak stabil di area rumah.
T0001327,C001061,2025-10-17,Technical Support,Call Center,2.8,Yes,Negative,Masalah teknis berulang meskipun sebelumnya sudah ditangani.
T0001328,C001061,2026-05-07,Account,Mobile App,19.4,Yes,Negative,Pelanggan kesulitan mengakses akun dan merasa proses terlalu rumit.
T0001329,C001061,2025-12-28,Network,Call Center,16.0,Yes,Positive,Gangguan jaringan telah selesai dan layanan kembali normal.
T0001330,C001062,2025-12-13,Complaint,WhatsApp,0.5,No,Neutral,Keluhan diteruskan untuk investigasi lanjutan.
T0001331,C001064,2026-08-03,Account,WhatsApp,15.6,No,Neutral,Permintaan perubahan data akun pelanggan.
T0001332,C001064,2026-08-30,Technical Support,Mobile App,1.5,Yes,Positive,Panduan teknis berhasil dan layanan dapat digunakan kembali.
T0001333,C001066,2026-02-13,Technical Support,Call Center,33.7,Yes,Negative,Masalah teknis berulang meskipun sebelumnya sudah ditangani.
T0001334,C001067,2026-06-17,Complaint,Email,5.5,Yes,Neutral,Keluhan diteruskan untuk investigasi lanjutan.
T0001335,C001067,2026-07-29,Account,Call Center,16.0,No,Negative,Pelanggan kesulitan mengakses akun dan merasa proses terlalu rumit.
T0001336,C001067,2026-08-28,Complaint,Call Center,21.6,Yes,Negative,Pelanggan tidak puas dengan penyelesaian masalah sebelumnya.
T0001337,C001068,2025-10-04,Network,Email,13.9,Yes,Negative,Koneksi sering terputus dan pelanggan meminta perbaikan segera.
T0001338,C001068,2025-12-06,Network,Call Center,20.2,No,Negative,Koneksi sering terputus dan pelanggan meminta perbaikan segera.
T0001339,C001068,2026-08-25,Complaint,Mobile App,18.2,No,Positive,Keluhan telah ditangani dan pelanggan menerima solusi.
T0001340,C001069,2026-03-16,Billing,Mobile App,19.0,No,Negative,Terdapat selisih pada tagihan bulanan yang dikeluhkan pelanggan.
T0001341,C001069,2026-01-26,Network,Mobile App,26.4,Yes,Negative,Pelanggan mengeluhkan jaringan tidak stabil di area rumah.
T0001342,C001070,2026-04-12,Billing,Call Center,4.5,No,Negative,Terdapat selisih pada tagihan bulanan yang dikeluhkan pelanggan.
T0001343,C001070,2026-06-07,Billing,WhatsApp,12.4,Yes,Negative,Terdapat selisih pada tagihan bulanan yang dikeluhkan pelanggan.
T0001344,C001071,2025-11-08,Complaint,WhatsApp,7.3,Yes,Negative,Pelanggan tidak puas dengan penyelesaian masalah sebelumnya.
T0001345,C001076,2026-07-25,Network,WhatsApp,32.4,No,Negative,Koneksi sering terputus dan pelanggan meminta perbaikan segera.
T0001346,C001079,2026-08-16,Network,WhatsApp,26.2,No,Negative,Koneksi sering terputus dan pelanggan meminta perbaikan segera.
T0001347,C001079,2026-07-17,Billing,Call Center,26.0,Yes,Negative,Pelanggan keberatan dengan tagihan dan meminta penjelasan rinci.
T0001348,C001081,2026-07-03,Complaint,WhatsApp,18.0,No,Neutral,Keluhan diteruskan untuk investigasi lanjutan.
T0001349,C001081,2026-06-13,Billing,WhatsApp,24.0,Yes,Negative,Terdapat selisih pada tagihan bulanan yang dikeluhkan pelanggan.
T0001350,C001081,2026-07-21,Network,Call Center,9.7,Yes,Positive,Gangguan jaringan telah selesai dan layanan kembali normal.
T0001351,C001081,2026-07-26,Complaint,WhatsApp,29.5,No,Negative,Pelanggan tidak puas dengan penyelesaian masalah sebelumnya.
T0001352,C001082,2026-01-06,Network,WhatsApp,8.3,Yes,Neutral,Pelanggan menanyakan status gangguan jaringan di wilayahnya.
T0001353,C001084,2026-08-02,Network,WhatsApp,19.6,Yes,Neutral,Pelanggan menanyakan status gangguan jaringan di wilayahnya.
T0001354,C001086,2026-02-28,Billing,Call Center,19.8,Yes,Negative,Terdapat selisih pada tagihan bulanan yang dikeluhkan pelanggan.
T0001355,C001086,2026-01-13,Account,WhatsApp,13.6,No,Neutral,Permintaan perubahan data akun pelanggan.
T0001356,C001090,2026-05-13,Network,Mobile App,21.4,Yes,Negative,Pelanggan mengeluhkan jaringan tidak stabil di area rumah.
T0001357,C001090,2025-10-10,Complaint,Call Center,33.6,Yes,Negative,Pelanggan tidak puas dengan penyelesaian masalah sebelumnya.
T0001358,C001090,2026-03-16,Complaint,Email,24.6,No,Negative,Pelanggan tidak puas dengan penyelesaian masalah sebelumnya.
T0001359,C001091,2026-05-21,Account,Email,19.4,Yes,Neutral,Permintaan perubahan data akun pelanggan.
T0001360,C001091,2026-05-04,Network,WhatsApp,5.0,Yes,Neutral,Pelanggan menanyakan status gangguan jaringan di wilayahnya.
T0001361,C001091,2026-02-12,Technical Support,Mobile App,8.5,Yes,Neutral,Pelanggan meminta panduan konfigurasi perangkat.
T0001362,C001093,2026-06-04,Complaint,Call Center,18.5,No,Negative,Pelanggan tidak puas dengan penyelesaian masalah sebelumnya.
T0001363,C001095,2026-01-21,Complaint,Call Center,37.7,No,Negative,Pelanggan tidak puas dengan penyelesaian masalah sebelumnya.
T0001364,C001095,2026-07-10,Network,Email,16.0,No,Negative,Pelanggan mengeluhkan jaringan tidak stabil di area rumah.
T0001365,C001095,2025-10-06,Technical Support,Call Center,17.6,No,Negative,Masalah teknis berulang meskipun sebelumnya sudah ditangani.
T0001366,C001098,2026-02-09,Technical Support,Call Center,35.3,No,Negative,Masalah teknis berulang meskipun sebelumnya sudah ditangani.
T0001367,C001100,2026-06-11,Technical Support,WhatsApp,21.9,No,Negative,Masalah teknis berulang meskipun sebelumnya sudah ditangani.
T0001368,C001100,2026-03-27,Complaint,Call Center,23.5,Yes,Positive,Keluhan telah ditangani dan pelanggan menerima solusi.
T0001369,C001100,2026-01-17,Network,WhatsApp,7.6,No,Positive,Gangguan jaringan telah selesai dan layanan kembali normal.
T0001370,C001101,2026-07-19,Complaint,WhatsApp,29.7,Yes,Negative,Pelanggan tidak puas dengan penyelesaian masalah sebelumnya.
T0001371,C001102,2026-01-19,Technical Support,Call Center,22.4,No,Positive,Panduan teknis berhasil dan layanan dapat digunakan kembali.
T0001372,C001103,2026-08-31,Billing,Call Center,16.3,No,Negative,Pelanggan keberatan dengan tagihan dan meminta penjelasan rinci.
T0001373,C001104,2026-06-20,Complaint,Call Center,23.9,Yes,Neutral,Keluhan diteruskan untuk investigasi lanjutan.
T0001374,C001104,2026-06-11,Complaint,Mobile App,35.9,No,Negative,Pelanggan tidak puas dengan penyelesaian masalah sebelumnya.
T0001375,C001106,2026-03-15,Account,WhatsApp,19.4,Yes,Negative,Pelanggan kesulitan mengakses akun dan merasa proses terlalu rumit.
T0001376,C001108,2026-06-21,Account,WhatsApp,12.4,Yes,Negative,Pelanggan kesulitan mengakses akun dan merasa proses terlalu rumit.
T0001377,C001112,2025-11-15,Technical Support,WhatsApp,12.2,Yes,Negative,Masalah teknis berulang meskipun sebelumnya sudah ditangani.
T0001378,C001114,2025-11-10,Account,Call Center,28.2,No,Negative,Pelanggan kesulitan mengakses akun dan merasa proses terlalu rumit.
T0001379,C001115,2025-10-02,Technical Support,Email,12.1,No,Negative,Masalah teknis berulang meskipun sebelumnya sudah ditangani.
T0001380,C001115,2026-05-25,Complaint,WhatsApp,22.1,No,Negative,Pelanggan tidak puas dengan penyelesaian masalah sebelumnya.
T0001381,C001115,2025-09-19,Billing,WhatsApp,2.6,Yes,Negative,Terdapat selisih pada tagihan bulanan yang dikeluhkan pelanggan.
T0001382,C001115,2026-06-11,Technical Support,Mobile App,27.0,No,Negative,Masalah teknis berulang meskipun sebelumnya sudah ditangani.
T0001383,C001116,2026-02-24,Network,Mobile App,25.3,Yes,Positive,Gangguan jaringan telah selesai dan layanan kembali normal.
T0001384,C001117,2026-04-04,Network,WhatsApp,17.8,Yes,Neutral,Pelanggan menanyakan status gangguan jaringan di wilayahnya.
T0001385,C001117,2026-06-18,Account,WhatsApp,26.8,No,Negative,Pelanggan kesulitan mengakses akun dan merasa proses terlalu rumit.
T0001386,C001119,2026-01-05,Complaint,Email,12.5,Yes,Negative,Pelanggan tidak puas dengan penyelesaian masalah sebelumnya.
T0001387,C001120,2026-04-17,Network,Mobile App,23.3,No,Negative,Koneksi sering terputus dan pelanggan meminta perbaikan segera.
T0001388,C001121,2026-02-14,Billing,Email,23.2,Yes,Neutral,Pelanggan menanyakan rincian tagihan bulan berjalan.
T0001389,C001121,2026-08-29,Account,Call Center,0.5,No,Neutral,Permintaan perubahan data akun pelanggan.
T0001390,C001123,2025-11-08,Billing,WhatsApp,16.3,Yes,Neutral,Pelanggan menanyakan rincian tagihan bulan berjalan.
T0001391,C001124,2026-07-26,Complaint,Email,29.4,No,Negative,Pelanggan tidak puas dengan penyelesaian masalah sebelumnya.
T0001392,C001125,2026-06-14,Network,Mobile App,9.7,Yes,Negative,Pelanggan mengeluhkan jaringan tidak stabil di area rumah.
T0001393,C001125,2026-07-05,Billing,WhatsApp,11.7,Yes,Negative,Terdapat selisih pada tagihan bulanan yang dikeluhkan pelanggan.
T0001394,C001125,2026-07-15,Account,Call Center,16.0,Yes,Negative,Pelanggan kesulitan mengakses akun dan merasa proses terlalu rumit.
T0001395,C001126,2026-06-21,Network,WhatsApp,26.2,No,Negative,Pelanggan mengeluhkan jaringan tidak stabil di area rumah.
T0001396,C001126,2025-09-10,Technical Support,WhatsApp,0.5,No,Neutral,Pelanggan meminta panduan konfigurasi perangkat.
T0001397,C001127,2026-03-01,Billing,Mobile App,6.7,Yes,Negative,Pelanggan keberatan dengan tagihan dan meminta penjelasan rinci.
T0001398,C001127,2026-07-06,Network,Call Center,3.9,Yes,Positive,Gangguan jaringan telah selesai dan layanan kembali normal.
T0001399,C001128,2026-07-14,Network,WhatsApp,6.6,Yes,Positive,Gangguan jaringan telah selesai dan layanan kembali normal.
T0001400,C001128,2026-07-27,Technical Support,Email,22.6,No,Negative,Masalah teknis berulang meskipun sebelumnya sudah ditangani.
T0001401,C001129,2026-06-28,Network,WhatsApp,11.3,No,Positive,Gangguan jaringan telah selesai dan layanan kembali normal.
T0001402,C001129,2026-04-17,Technical Support,Mobile App,7.2,Yes,Negative,Masalah teknis berulang meskipun sebelumnya sudah ditangani.
T0001403,C001129,2026-06-25,Technical Support,WhatsApp,31.2,No,Negative,Masalah teknis berulang meskipun sebelumnya sudah ditangani.
T0001404,C001129,2026-03-26,Network,WhatsApp,15.9,Yes,Negative,Koneksi sering terputus dan pelanggan meminta perbaikan segera.
T0001405,C001130,2025-12-16,Account,Email,11.3,No,Positive,Perubahan data akun berhasil dilakukan.
T0001406,C001131,2026-03-11,Complaint,Call Center,42.5,No,Negative,Pelanggan tidak puas dengan penyelesaian masalah sebelumnya.
T0001407,C001131,2026-06-14,Technical Support,Email,23.4,No,Neutral,Pelanggan meminta panduan konfigurasi perangkat.
T0001408,C001132,2026-07-16,Technical Support,Email,14.1,Yes,Negative,Masalah teknis berulang meskipun sebelumnya sudah ditangani.
T0001409,C001132,2026-06-21,Billing,Mobile App,12.2,No,Neutral,Pelanggan menanyakan rincian tagihan bulan berjalan.
T0001410,C001132,2026-08-23,Billing,WhatsApp,10.6,No,Negative,Pelanggan keberatan dengan tagihan dan meminta penjelasan rinci.
T0001411,C001132,2026-06-20,Technical Support,Call Center,21.5,Yes,Negative,Masalah teknis berulang meskipun sebelumnya sudah ditangani.
T0001412,C001136,2026-03-19,Billing,Call Center,24.5,No,Negative,Terdapat selisih pada tagihan bulanan yang dikeluhkan pelanggan.
T0001413,C001136,2026-01-10,Billing,WhatsApp,23.6,No,Neutral,Pelanggan menanyakan rincian tagihan bulan berjalan.
T0001414,C001138,2026-05-11,Complaint,Call Center,29.6,Yes,Negative,Pelanggan tidak puas dengan penyelesaian masalah sebelumnya.
T0001415,C001139,2026-07-25,Network,Mobile App,17.9,No,Neutral,Pelanggan menanyakan status gangguan jaringan di wilayahnya.
T0001416,C001139,2026-06-06,Account,Mobile App,28.9,No,Negative,Pelanggan kesulitan mengakses akun dan merasa proses terlalu rumit.
T0001417,C001140,2026-06-08,Billing,Mobile App,5.8,Yes,Negative,Pelanggan keberatan dengan tagihan dan meminta penjelasan rinci.
T0001418,C001141,2026-08-11,Complaint,Call Center,24.3,No,Positive,Keluhan telah ditangani dan pelanggan menerima solusi.
T0001419,C001141,2026-02-19,Complaint,Email,10.9,Yes,Positive,Keluhan telah ditangani dan pelanggan menerima solusi.
T0001420,C001141,2026-02-13,Complaint,Call Center,42.3,No,Negative,Pelanggan tidak puas dengan penyelesaian masalah sebelumnya.
T0001421,C001142,2025-09-08,Technical Support,Call Center,35.1,No,Negative,Masalah teknis berulang meskipun sebelumnya sudah ditangani.
T0001422,C001142,2026-04-20,Billing,WhatsApp,23.0,Yes,Negative,Pelanggan keberatan dengan tagihan dan meminta penjelasan rinci.
T0001423,C001144,2026-05-19,Billing,Mobile App,26.1,Yes,Negative,Terdapat selisih pada tagihan bulanan yang dikeluhkan pelanggan.
T0001424,C001146,2026-06-07,Billing,Call Center,30.2,No,Negative,Pelanggan keberatan dengan tagihan dan meminta penjelasan rinci.
T0001425,C001146,2026-06-08,Technical Support,Mobile App,18.7,No,Negative,Masalah teknis berulang meskipun sebelumnya sudah ditangani.
T0001426,C001147,2025-12-12,Network,WhatsApp,6.6,Yes,Negative,Pelanggan mengeluhkan jaringan tidak stabil di area rumah.
T0001427,C001148,2026-02-01,Technical Support,Mobile App,14.8,Yes,Negative,Masalah teknis berulang meskipun sebelumnya sudah ditangani.
T0001428,C001148,2025-09-17,Complaint,Call Center,18.3,Yes,Negative,Pelanggan tidak puas dengan penyelesaian masalah sebelumnya.
T0001429,C001150,2026-03-31,Network,Call Center,14.9,Yes,Negative,Koneksi sering terputus dan pelanggan meminta perbaikan segera.
T0001430,C001153,2026-06-29,Technical Support,WhatsApp,32.8,No,Negative,Masalah teknis berulang meskipun sebelumnya sudah ditangani.
T0001431,C001154,2026-06-15,Billing,Mobile App,9.6,Yes,Neutral,Pelanggan menanyakan rincian tagihan bulan berjalan.
T0001432,C001154,2026-06-22,Network,Call Center,6.0,Yes,Neutral,Pelanggan menanyakan status gangguan jaringan di wilayahnya.
T0001433,C001155,2025-09-26,Billing,Mobile App,0.5,Yes,Neutral,Pelanggan menanyakan rincian tagihan bulan berjalan.
T0001434,C001155,2026-07-05,Account,Call Center,14.9,No,Negative,Pelanggan kesulitan mengakses akun dan merasa proses terlalu rumit.
T0001435,C001155,2026-03-06,Technical Support,Call Center,2.4,Yes,Positive,Panduan teknis berhasil dan layanan dapat digunakan kembali.
T0001436,C001158,2025-12-15,Complaint,Mobile App,1.1,Yes,Neutral,Keluhan diteruskan untuk investigasi lanjutan.
T0001437,C001158,2026-07-02,Technical Support,Call Center,15.3,Yes,Negative,Masalah teknis berulang meskipun sebelumnya sudah ditangani.
T0001438,C001158,2026-08-16,Complaint,Call Center,11.8,No,Neutral,Keluhan diteruskan untuk investigasi lanjutan.
T0001439,C001159,2025-12-08,Technical Support,Email,12.3,No,Negative,Masalah teknis berulang meskipun sebelumnya sudah ditangani.
T0001440,C001163,2025-09-03,Account,Mobile App,13.8,Yes,Neutral,Permintaan perubahan data akun pelanggan.
T0001441,C001164,2026-07-26,Network,Call Center,21.8,Yes,Negative,Koneksi sering terputus dan pelanggan meminta perbaikan segera.
T0001442,C001165,2025-10-04,Account,Call Center,25.0,No,Negative,Pelanggan kesulitan mengakses akun dan merasa proses terlalu rumit.
T0001443,C001165,2026-02-27,Technical Support,WhatsApp,25.3,Yes,Negative,Masalah teknis berulang meskipun sebelumnya sudah ditangani.
T0001444,C001165,2026-02-13,Technical Support,Mobile App,17.2,Yes,Negative,Masalah teknis berulang meskipun sebelumnya sudah ditangani.
T0001445,C001168,2025-11-22,Network,WhatsApp,13.8,No,Negative,Pelanggan mengeluhkan jaringan tidak stabil di area rumah.
T0001446,C001170,2026-08-10,Network,Call Center,17.6,No,Negative,Koneksi sering terputus dan pelanggan meminta perbaikan segera.
T0001447,C001170,2025-10-24,Complaint,WhatsApp,21.3,No,Negative,Pelanggan tidak puas dengan penyelesaian masalah sebelumnya.
T0001448,C001172,2026-08-25,Network,WhatsApp,11.8,Yes,Neutral,Pelanggan menanyakan status gangguan jaringan di wilayahnya.
T0001449,C001172,2026-04-07,Account,WhatsApp,8.8,Yes,Positive,Perubahan data akun berhasil dilakukan.
T0001450,C001173,2026-02-20,Complaint,Call Center,9.9,No,Neutral,Keluhan diteruskan untuk investigasi lanjutan.
T0001451,C001174,2026-07-10,Network,WhatsApp,12.7,No,Negative,Koneksi sering terputus dan pelanggan meminta perbaikan segera.
T0001452,C001174,2026-04-19,Complaint,Mobile App,29.9,No,Negative,Pelanggan tidak puas dengan penyelesaian masalah sebelumnya.
T0001453,C001176,2025-10-07,Technical Support,Call Center,3.4,Yes,Neutral,Pelanggan meminta panduan konfigurasi perangkat.
T0001454,C001178,2026-08-17,Complaint,Call Center,34.0,No,Negative,Pelanggan tidak puas dengan penyelesaian masalah sebelumnya.
T0001455,C001178,2026-04-08,Complaint,Email,26.2,No,Negative,Pelanggan tidak puas dengan penyelesaian masalah sebelumnya.
T0001456,C001179,2026-03-23,Technical Support,Call Center,2.5,Yes,Neutral,Pelanggan meminta panduan konfigurasi perangkat.
T0001457,C001179,2026-07-19,Network,Call Center,17.4,Yes,Negative,Pelanggan mengeluhkan jaringan tidak stabil di area rumah.
T0001458,C001182,2025-10-30,Network,WhatsApp,7.0,No,Neutral,Pelanggan menanyakan status gangguan jaringan di wilayahnya.
T0001459,C001182,2025-09-06,Billing,Call Center,13.0,Yes,Negative,Terdapat selisih pada tagihan bulanan yang dikeluhkan pelanggan.
T0001460,C001183,2025-09-21,Account,Email,9.7,No,Neutral,Permintaan perubahan data akun pelanggan.
T0001461,C001184,2026-07-12,Complaint,Email,34.6,Yes,Negative,Pelanggan tidak puas dengan penyelesaian masalah sebelumnya.
T0001462,C001184,2026-06-16,Technical Support,Call Center,26.3,No,Negative,Masalah teknis berulang meskipun sebelumnya sudah ditangani.
T0001463,C001184,2026-07-20,Technical Support,WhatsApp,10.7,Yes,Negative,Masalah teknis berulang meskipun sebelumnya sudah ditangani.
T0001464,C001185,2026-05-11,Complaint,Call Center,26.2,Yes,Neutral,Keluhan diteruskan untuk investigasi lanjutan.
T0001465,C001186,2026-06-22,Billing,Call Center,20.6,Yes,Neutral,Pelanggan menanyakan rincian tagihan bulan berjalan.
T0001466,C001188,2026-05-14,Network,WhatsApp,15.6,Yes,Neutral,Pelanggan menanyakan status gangguan jaringan di wilayahnya.
T0001467,C001188,2026-04-01,Complaint,WhatsApp,27.5,Yes,Negative,Pelanggan tidak puas dengan penyelesaian masalah sebelumnya.
T0001468,C001189,2026-02-22,Billing,WhatsApp,17.4,No,Positive,Penjelasan tagihan diterima dan masalah dinyatakan selesai.
T0001469,C001189,2026-05-07,Technical Support,Call Center,16.7,No,Negative,Masalah teknis berulang meskipun sebelumnya sudah ditangani.
T0001470,C001189,2025-09-22,Account,WhatsApp,15.2,Yes,Negative,Pelanggan kesulitan mengakses akun dan merasa proses terlalu rumit.
T0001471,C001190,2025-11-20,Technical Support,WhatsApp,20.0,No,Neutral,Pelanggan meminta panduan konfigurasi perangkat.
T0001472,C001190,2026-08-14,Technical Support,Mobile App,10.3,Yes,Negative,Masalah teknis berulang meskipun sebelumnya sudah ditangani.
T0001473,C001190,2026-07-29,Network,WhatsApp,20.9,No,Negative,Pelanggan mengeluhkan jaringan tidak stabil di area rumah.
T0001474,C001192,2026-01-31,Complaint,Mobile App,23.9,No,Negative,Pelanggan tidak puas dengan penyelesaian masalah sebelumnya.
T0001475,C001194,2026-07-26,Technical Support,Mobile App,14.0,Yes,Negative,Masalah teknis berulang meskipun sebelumnya sudah ditangani.
T0001476,C001196,2026-03-30,Complaint,Email,12.9,No,Neutral,Keluhan diteruskan untuk investigasi lanjutan.
T0001477,C001197,2026-06-26,Network,Call Center,26.7,No,Neutral,Pelanggan menanyakan status gangguan jaringan di wilayahnya.
T0001478,C001197,2026-08-16,Technical Support,WhatsApp,7.0,Yes,Neutral,Pelanggan meminta panduan konfigurasi perangkat.
T0001479,C001199,2026-06-07,Complaint,WhatsApp,5.3,No,Positive,Keluhan telah ditangani dan pelanggan menerima solusi.
T0001480,C001200,2025-11-13,Technical Support,Call Center,20.1,No,Negative,Masalah teknis berulang meskipun sebelumnya sudah ditangani.
T0001481,C001200,2026-03-11,Technical Support,Call Center,21.7,Yes,Neutral,Pelanggan meminta panduan konfigurasi perangkat.
T0001482,C001200,2026-06-28,Network,Email,6.9,Yes,Neutral,Pelanggan menanyakan status gangguan jaringan di wilayahnya.
T0001483,C001201,2025-11-06,Technical Support,Email,15.0,No,Negative,Masalah teknis berulang meskipun sebelumnya sudah ditangani.
T0001484,C001201,2026-01-22,Network,WhatsApp,10.3,Yes,Negative,Pelanggan mengeluhkan jaringan tidak stabil di area rumah.
T0001485,C001202,2026-07-01,Account,WhatsApp,10.3,Yes,Negative,Pelanggan kesulitan mengakses akun dan merasa proses terlalu rumit.
T0001486,C001202,2026-08-05,Technical Support,WhatsApp,12.2,No,Negative,Masalah teknis berulang meskipun sebelumnya sudah ditangani.
T0001487,C001202,2025-09-26,Network,Call Center,2.3,No,Neutral,Pelanggan menanyakan status gangguan jaringan di wilayahnya.
T0001488,C001203,2025-09-20,Technical Support,WhatsApp,10.8,Yes,Positive,Panduan teknis berhasil dan layanan dapat digunakan kembali.
T0001489,C001204,2026-02-09,Account,Call Center,0.5,Yes,Neutral,Permintaan perubahan data akun pelanggan.
T0001490,C001205,2026-02-17,Billing,Mobile App,24.0,No,Negative,Terdapat selisih pada tagihan bulanan yang dikeluhkan pelanggan.
T0001491,C001205,2025-09-13,Technical Support,WhatsApp,12.5,No,Negative,Masalah teknis berulang meskipun sebelumnya sudah ditangani.
T0001492,C001206,2026-08-23,Network,WhatsApp,27.7,Yes,Negative,Pelanggan mengeluhkan jaringan tidak stabil di area rumah.
T0001493,C001206,2026-02-07,Billing,Call Center,27.9,No,Negative,Terdapat selisih pada tagihan bulanan yang dikeluhkan pelanggan.
T0001494,C001208,2026-08-06,Billing,Mobile App,13.6,Yes,Negative,Terdapat selisih pada tagihan bulanan yang dikeluhkan pelanggan.
T0001495,C001209,2025-11-26,Complaint,Email,27.4,No,Negative,Pelanggan tidak puas dengan penyelesaian masalah sebelumnya.
T0001496,C001210,2026-04-29,Network,Email,3.8,Yes,Neutral,Pelanggan menanyakan status gangguan jaringan di wilayahnya.
T0001497,C001212,2026-07-01,Network,Call Center,22.2,No,Neutral,Pelanggan menanyakan status gangguan jaringan di wilayahnya.
T0001498,C001213,2025-10-30,Billing,Call Center,16.3,Yes,Neutral,Pelanggan menanyakan rincian tagihan bulan berjalan.
T0001499,C001213,2025-10-04,Network,WhatsApp,4.9,Yes,Neutral,Pelanggan menanyakan status gangguan jaringan di wilayahnya.
T0001500,C001214,2025-12-17,Technical Support,Call Center,24.7,Yes,Negative,Masalah teknis berulang meskipun sebelumnya sudah ditangani.
T0001501,C001214,2026-08-25,Technical Support,Call Center,38.4,No,Negative,Masalah teknis berulang meskipun sebelumnya sudah ditangani.
T0001502,C001215,2026-01-28,Billing,WhatsApp,30.1,No,Negative,Terdapat selisih pada tagihan bulanan yang dikeluhkan pelanggan.
T0001503,C001215,2026-06-16,Account,Mobile App,20.0,Yes,Negative,Pelanggan kesulitan mengakses akun dan merasa proses terlalu rumit.
T0001504,C001215,2026-05-28,Complaint,Mobile App,22.4,No,Negative,Pelanggan tidak puas dengan penyelesaian masalah sebelumnya.
T0001505,C001216,2026-01-30,Network,Mobile App,4.6,No,Neutral,Pelanggan menanyakan status gangguan jaringan di wilayahnya.
T0001506,C001216,2025-10-06,Network,WhatsApp,30.0,No,Negative,Koneksi sering terputus dan pelanggan meminta perbaikan segera.
T0001507,C001217,2026-03-15,Complaint,Mobile App,19.6,Yes,Positive,Keluhan telah ditangani dan pelanggan menerima solusi.
T0001508,C001220,2025-11-04,Billing,Email,7.8,Yes,Neutral,Pelanggan menanyakan rincian tagihan bulan berjalan.
T0001509,C001221,2026-06-01,Billing,Call Center,11.8,Yes,Neutral,Pelanggan menanyakan rincian tagihan bulan berjalan.
T0001510,C001222,2026-05-16,Network,Email,20.5,Yes,Neutral,Pelanggan menanyakan status gangguan jaringan di wilayahnya.
T0001511,C001223,2025-12-28,Complaint,Email,6.1,Yes,Positive,Keluhan telah ditangani dan pelanggan menerima solusi.
T0001512,C001223,2025-10-03,Billing,Mobile App,13.8,Yes,Positive,Penjelasan tagihan diterima dan masalah dinyatakan selesai.
T0001513,C001223,2025-11-23,Network,Call Center,26.7,No,Negative,Pelanggan mengeluhkan jaringan tidak stabil di area rumah.
T0001514,C001223,2026-07-09,Billing,Mobile App,13.7,Yes,Negative,Pelanggan keberatan dengan tagihan dan meminta penjelasan rinci.
T0001515,C001226,2025-10-24,Complaint,Mobile App,30.0,No,Negative,Pelanggan tidak puas dengan penyelesaian masalah sebelumnya.
T0001516,C001226,2025-11-24,Network,WhatsApp,19.7,No,Negative,Koneksi sering terputus dan pelanggan meminta perbaikan segera.
T0001517,C001227,2026-05-11,Technical Support,WhatsApp,14.4,No,Neutral,Pelanggan meminta panduan konfigurasi perangkat.
T0001518,C001227,2026-06-15,Network,Call Center,15.8,No,Negative,Pelanggan mengeluhkan jaringan tidak stabil di area rumah.
T0001519,C001229,2025-11-16,Billing,Call Center,19.1,Yes,Negative,Terdapat selisih pada tagihan bulanan yang dikeluhkan pelanggan.
T0001520,C001229,2026-04-02,Complaint,Call Center,28.9,Yes,Positive,Keluhan telah ditangani dan pelanggan menerima solusi.
T0001521,C001229,2026-04-29,Technical Support,WhatsApp,27.3,No,Negative,Masalah teknis berulang meskipun sebelumnya sudah ditangani.
T0001522,C001229,2025-10-31,Billing,Call Center,3.3,No,Neutral,Pelanggan menanyakan rincian tagihan bulan berjalan.
T0001523,C001229,2026-04-12,Account,WhatsApp,11.7,No,Negative,Pelanggan kesulitan mengakses akun dan merasa proses terlalu rumit.
T0001524,C001229,2026-08-26,Network,Mobile App,14.0,No,Positive,Gangguan jaringan telah selesai dan layanan kembali normal.
T0001525,C001230,2025-09-07,Billing,WhatsApp,40.4,Yes,Negative,Pelanggan keberatan dengan tagihan dan meminta penjelasan rinci.
T0001526,C001233,2025-12-01,Technical Support,Call Center,4.0,Yes,Positive,Panduan teknis berhasil dan layanan dapat digunakan kembali.
T0001527,C001236,2025-10-28,Network,Call Center,15.6,Yes,Positive,Gangguan jaringan telah selesai dan layanan kembali normal.
T0001528,C001237,2026-06-11,Billing,WhatsApp,28.0,Yes,Neutral,Pelanggan menanyakan rincian tagihan bulan berjalan.
T0001529,C001238,2026-06-01,Billing,Email,20.8,No,Negative,Terdapat selisih pada tagihan bulanan yang dikeluhkan pelanggan.
T0001530,C001239,2026-08-30,Complaint,Call Center,13.9,No,Neutral,Keluhan diteruskan untuk investigasi lanjutan.
T0001531,C001239,2026-06-23,Technical Support,WhatsApp,28.7,No,Negative,Masalah teknis berulang meskipun sebelumnya sudah ditangani.
T0001532,C001242,2026-02-07,Complaint,Mobile App,28.3,No,Neutral,Keluhan diteruskan untuk investigasi lanjutan.
T0001533,C001242,2025-12-26,Complaint,Mobile App,20.3,Yes,Negative,Pelanggan tidak puas dengan penyelesaian masalah sebelumnya.
T0001534,C001244,2026-05-24,Complaint,Call Center,13.0,Yes,Negative,Pelanggan tidak puas dengan penyelesaian masalah sebelumnya.
T0001535,C001245,2026-06-06,Billing,Call Center,15.9,Yes,Negative,Terdapat selisih pada tagihan bulanan yang dikeluhkan pelanggan.
T0001536,C001247,2026-06-27,Technical Support,Email,16.6,No,Negative,Masalah teknis berulang meskipun sebelumnya sudah ditangani.
T0001537,C001247,2026-07-14,Complaint,Call Center,18.4,Yes,Negative,Pelanggan tidak puas dengan penyelesaian masalah sebelumnya.
T0001538,C001247,2026-07-08,Network,WhatsApp,27.3,Yes,Negative,Koneksi sering terputus dan pelanggan meminta perbaikan segera.
T0001539,C001247,2026-06-06,Billing,Call Center,0.5,Yes,Positive,Penjelasan tagihan diterima dan masalah dinyatakan selesai.
T0001540,C001247,2026-03-24,Billing,Mobile App,16.3,Yes,Positive,Penjelasan tagihan diterima dan masalah dinyatakan selesai.
T0001541,C001249,2026-07-07,Complaint,Email,18.3,No,Negative,Pelanggan tidak puas dengan penyelesaian masalah sebelumnya.
T0001542,C001249,2026-07-26,Technical Support,Mobile App,32.0,Yes,Negative,Masalah teknis berulang meskipun sebelumnya sudah ditangani.
T0001543,C001249,2026-06-23,Network,Email,25.7,No,Negative,Pelanggan mengeluhkan jaringan tidak stabil di area rumah.
T0001544,C001249,2026-08-19,Technical Support,Call Center,9.2,Yes,Negative,Masalah teknis berulang meskipun sebelumnya sudah ditangani.
T0001545,C001250,2025-09-23,Billing,WhatsApp,15.8,No,Negative,Pelanggan keberatan dengan tagihan dan meminta penjelasan rinci.
T0001546,C001253,2026-07-23,Account,WhatsApp,15.2,No,Negative,Pelanggan kesulitan mengakses akun dan merasa proses terlalu rumit.
T0001547,C001255,2026-07-05,Technical Support,Call Center,20.7,No,Negative,Masalah teknis berulang meskipun sebelumnya sudah ditangani.
T0001548,C001255,2026-05-22,Billing,Mobile App,20.6,No,Negative,Terdapat selisih pada tagihan bulanan yang dikeluhkan pelanggan.
T0001549,C001255,2026-07-21,Complaint,Call Center,23.1,Yes,Negative,Pelanggan tidak puas dengan penyelesaian masalah sebelumnya.
T0001550,C001257,2026-06-06,Billing,WhatsApp,24.5,Yes,Negative,Terdapat selisih pada tagihan bulanan yang dikeluhkan pelanggan.
T0001551,C001258,2026-06-12,Network,Mobile App,22.3,No,Neutral,Pelanggan menanyakan status gangguan jaringan di wilayahnya.
T0001552,C001259,2025-12-04,Billing,Email,6.6,Yes,Negative,Terdapat selisih pada tagihan bulanan yang dikeluhkan pelanggan.
T0001553,C001259,2026-01-12,Billing,WhatsApp,5.6,No,Negative,Pelanggan keberatan dengan tagihan dan meminta penjelasan rinci.
T0001554,C001260,2026-07-14,Technical Support,Call Center,3.9,Yes,Positive,Panduan teknis berhasil dan layanan dapat digunakan kembali.
T0001555,C001260,2026-07-05,Complaint,WhatsApp,33.5,Yes,Negative,Pelanggan tidak puas dengan penyelesaian masalah sebelumnya.
T0001556,C001261,2025-11-16,Technical Support,Email,29.8,Yes,Negative,Masalah teknis berulang meskipun sebelumnya sudah ditangani.
T0001557,C001262,2025-09-05,Account,Call Center,16.4,No,Negative,Pelanggan kesulitan mengakses akun dan merasa proses terlalu rumit.
T0001558,C001262,2026-02-22,Billing,Email,13.7,No,Negative,Terdapat selisih pada tagihan bulanan yang dikeluhkan pelanggan.
T0001559,C001263,2026-06-26,Billing,Email,13.8,No,Positive,Penjelasan tagihan diterima dan masalah dinyatakan selesai.
T0001560,C001264,2026-08-18,Billing,Call Center,18.7,No,Neutral,Pelanggan menanyakan rincian tagihan bulan berjalan.
T0001561,C001264,2026-01-15,Technical Support,Email,20.0,Yes,Neutral,Pelanggan meminta panduan konfigurasi perangkat.
T0001562,C001264,2025-09-11,Billing,Call Center,27.3,No,Negative,Terdapat selisih pada tagihan bulanan yang dikeluhkan pelanggan.
T0001563,C001265,2026-08-13,Network,WhatsApp,14.2,Yes,Negative,Koneksi sering terputus dan pelanggan meminta perbaikan segera.
T0001564,C001266,2026-02-11,Network,Call Center,23.9,No,Negative,Pelanggan mengeluhkan jaringan tidak stabil di area rumah.
T0001565,C001266,2025-09-30,Network,Call Center,15.3,No,Positive,Gangguan jaringan telah selesai dan layanan kembali normal.
T0001566,C001267,2026-07-13,Technical Support,Call Center,20.3,No,Negative,Masalah teknis berulang meskipun sebelumnya sudah ditangani.
T0001567,C001269,2026-06-10,Complaint,Call Center,14.1,Yes,Neutral,Keluhan diteruskan untuk investigasi lanjutan.
T0001568,C001272,2026-05-09,Billing,Call Center,14.0,Yes,Negative,Terdapat selisih pada tagihan bulanan yang dikeluhkan pelanggan.
T0001569,C001273,2026-07-17,Technical Support,Call Center,19.0,Yes,Negative,Masalah teknis berulang meskipun sebelumnya sudah ditangani.
T0001570,C001274,2025-11-03,Complaint,Call Center,34.9,No,Negative,Pelanggan tidak puas dengan penyelesaian masalah sebelumnya.
T0001571,C001274,2026-01-21,Complaint,Mobile App,38.5,Yes,Negative,Pelanggan tidak puas dengan penyelesaian masalah sebelumnya.
T0001572,C001274,2025-09-12,Network,Call Center,18.4,No,Negative,Pelanggan mengeluhkan jaringan tidak stabil di area rumah.
T0001573,C001275,2026-06-29,Network,Call Center,16.0,Yes,Neutral,Pelanggan menanyakan status gangguan jaringan di wilayahnya.
T0001574,C001277,2026-04-19,Technical Support,Email,17.8,No,Negative,Masalah teknis berulang meskipun sebelumnya sudah ditangani.
T0001575,C001277,2025-11-23,Complaint,Call Center,22.8,No,Negative,Pelanggan tidak puas dengan penyelesaian masalah sebelumnya.
T0001576,C001277,2025-10-06,Network,Mobile App,0.5,Yes,Neutral,Pelanggan menanyakan status gangguan jaringan di wilayahnya.
T0001577,C001279,2026-07-10,Technical Support,Email,19.0,Yes,Neutral,Pelanggan meminta panduan konfigurasi perangkat.
T0001578,C001279,2026-07-09,Billing,Mobile App,30.0,Yes,Negative,Terdapat selisih pada tagihan bulanan yang dikeluhkan pelanggan.
T0001579,C001283,2025-10-09,Billing,Call Center,15.8,Yes,Negative,Terdapat selisih pada tagihan bulanan yang dikeluhkan pelanggan.
T0001580,C001283,2026-07-13,Technical Support,Call Center,13.4,Yes,Neutral,Pelanggan meminta panduan konfigurasi perangkat.
T0001581,C001284,2026-05-04,Account,Mobile App,20.3,Yes,Neutral,Permintaan perubahan data akun pelanggan.
T0001582,C001284,2026-01-11,Billing,Mobile App,16.2,No,Negative,Pelanggan keberatan dengan tagihan dan meminta penjelasan rinci.
T0001583,C001285,2026-06-07,Billing,Mobile App,13.0,No,Positive,Penjelasan tagihan diterima dan masalah dinyatakan selesai.
T0001584,C001285,2026-08-13,Network,Call Center,14.3,No,Positive,Gangguan jaringan telah selesai dan layanan kembali normal.
T0001585,C001286,2026-02-13,Network,WhatsApp,23.2,Yes,Neutral,Pelanggan menanyakan status gangguan jaringan di wilayahnya.
T0001586,C001286,2026-08-13,Billing,WhatsApp,15.7,No,Negative,Terdapat selisih pada tagihan bulanan yang dikeluhkan pelanggan.
T0001587,C001287,2025-09-27,Technical Support,Email,21.6,No,Negative,Masalah teknis berulang meskipun sebelumnya sudah ditangani.
T0001588,C001288,2025-12-06,Account,Mobile App,0.5,Yes,Neutral,Permintaan perubahan data akun pelanggan.
T0001589,C001288,2025-10-04,Network,Call Center,13.7,No,Negative,Koneksi sering terputus dan pelanggan meminta perbaikan segera.
T0001590,C001288,2026-07-30,Account,Email,11.6,No,Neutral,Permintaan perubahan data akun pelanggan.
T0001591,C001288,2025-10-15,Billing,Call Center,2.6,No,Negative,Pelanggan keberatan dengan tagihan dan meminta penjelasan rinci.
T0001592,C001288,2026-07-12,Network,Mobile App,0.5,Yes,Neutral,Pelanggan menanyakan status gangguan jaringan di wilayahnya.
T0001593,C001290,2025-09-20,Technical Support,Call Center,23.1,No,Negative,Masalah teknis berulang meskipun sebelumnya sudah ditangani.
T0001594,C001292,2026-08-16,Technical Support,WhatsApp,16.4,Yes,Negative,Masalah teknis berulang meskipun sebelumnya sudah ditangani.
T0001595,C001292,2026-06-28,Account,Mobile App,25.7,Yes,Negative,Pelanggan kesulitan mengakses akun dan merasa proses terlalu rumit.
T0001596,C001292,2025-11-18,Billing,Call Center,6.1,No,Negative,Terdapat selisih pada tagihan bulanan yang dikeluhkan pelanggan.
T0001597,C001293,2026-08-14,Billing,WhatsApp,7.2,Yes,Positive,Penjelasan tagihan diterima dan masalah dinyatakan selesai.
T0001598,C001294,2025-10-11,Network,Email,25.4,No,Negative,Pelanggan mengeluhkan jaringan tidak stabil di area rumah.
T0001599,C001295,2026-06-01,Billing,Call Center,21.4,Yes,Negative,Terdapat selisih pada tagihan bulanan yang dikeluhkan pelanggan.
T0001600,C001295,2026-05-13,Network,WhatsApp,16.5,Yes,Negative,Pelanggan mengeluhkan jaringan tidak stabil di area rumah.
T0001601,C001297,2026-05-14,Network,WhatsApp,17.8,No,Positive,Gangguan jaringan telah selesai dan layanan kembali normal.
T0001602,C001297,2025-12-11,Account,Mobile App,31.9,Yes,Negative,Pelanggan kesulitan mengakses akun dan merasa proses terlalu rumit.
T0001603,C001297,2025-09-23,Network,WhatsApp,14.3,No,Neutral,Pelanggan menanyakan status gangguan jaringan di wilayahnya.
T0001604,C001298,2026-01-30,Account,Mobile App,11.8,No,Positive,Perubahan data akun berhasil dilakukan.
T0001605,C001299,2026-06-07,Account,Mobile App,17.1,No,Negative,Pelanggan kesulitan mengakses akun dan merasa proses terlalu rumit.
T0001606,C001299,2026-07-29,Account,WhatsApp,22.0,Yes,Negative,Pelanggan kesulitan mengakses akun dan merasa proses terlalu rumit.
T0001607,C001301,2026-01-26,Complaint,WhatsApp,6.2,Yes,Neutral,Keluhan diteruskan untuk investigasi lanjutan.
T0001608,C001301,2026-01-06,Billing,WhatsApp,28.8,No,Negative,Terdapat selisih pada tagihan bulanan yang dikeluhkan pelanggan.
T0001609,C001301,2026-03-20,Complaint,WhatsApp,26.7,Yes,Negative,Pelanggan tidak puas dengan penyelesaian masalah sebelumnya.
T0001610,C001302,2025-11-22,Technical Support,Call Center,29.5,Yes,Negative,Masalah teknis berulang meskipun sebelumnya sudah ditangani.
T0001611,C001302,2026-08-16,Technical Support,WhatsApp,38.7,Yes,Negative,Masalah teknis berulang meskipun sebelumnya sudah ditangani.
T0001612,C001303,2026-07-21,Technical Support,Email,14.3,No,Positive,Panduan teknis berhasil dan layanan dapat digunakan kembali.
T0001613,C001305,2025-09-14,Account,WhatsApp,26.8,No,Neutral,Permintaan perubahan data akun pelanggan.
T0001614,C001305,2026-06-04,Billing,Mobile App,6.1,Yes,Neutral,Pelanggan menanyakan rincian tagihan bulan berjalan.
T0001615,C001306,2026-02-14,Network,WhatsApp,25.8,No,Negative,Pelanggan mengeluhkan jaringan tidak stabil di area rumah.
T0001616,C001306,2026-08-24,Network,Call Center,12.6,Yes,Negative,Koneksi sering terputus dan pelanggan meminta perbaikan segera.
T0001617,C001306,2025-09-24,Billing,Mobile App,7.9,No,Neutral,Pelanggan menanyakan rincian tagihan bulan berjalan.
T0001618,C001306,2026-08-24,Account,Mobile App,17.5,No,Positive,Perubahan data akun berhasil dilakukan.
T0001619,C001308,2026-07-10,Account,Email,25.6,No,Negative,Pelanggan kesulitan mengakses akun dan merasa proses terlalu rumit.
T0001620,C001308,2026-05-29,Technical Support,Call Center,13.7,Yes,Negative,Masalah teknis berulang meskipun sebelumnya sudah ditangani.
T0001621,C001309,2026-06-15,Network,WhatsApp,7.5,Yes,Neutral,Pelanggan menanyakan status gangguan jaringan di wilayahnya.
T0001622,C001310,2026-02-08,Network,WhatsApp,18.9,Yes,Neutral,Pelanggan menanyakan status gangguan jaringan di wilayahnya.
T0001623,C001312,2025-10-29,Account,Call Center,8.8,Yes,Negative,Pelanggan kesulitan mengakses akun dan merasa proses terlalu rumit.
T0001624,C001313,2025-12-07,Network,Mobile App,16.4,Yes,Negative,Koneksi sering terputus dan pelanggan meminta perbaikan segera.
T0001625,C001316,2026-07-17,Network,Mobile App,15.9,Yes,Negative,Pelanggan mengeluhkan jaringan tidak stabil di area rumah.
T0001626,C001317,2026-01-28,Technical Support,WhatsApp,12.4,Yes,Neutral,Pelanggan meminta panduan konfigurasi perangkat.
T0001627,C001317,2026-04-17,Network,WhatsApp,20.8,Yes,Neutral,Pelanggan menanyakan status gangguan jaringan di wilayahnya.
T0001628,C001318,2026-08-11,Account,Mobile App,23.2,Yes,Neutral,Permintaan perubahan data akun pelanggan.
T0001629,C001320,2026-06-04,Billing,Email,15.7,Yes,Positive,Penjelasan tagihan diterima dan masalah dinyatakan selesai.
T0001630,C001320,2026-07-07,Billing,WhatsApp,14.7,No,Neutral,Pelanggan menanyakan rincian tagihan bulan berjalan.
T0001631,C001322,2026-07-19,Network,Call Center,14.3,No,Negative,Pelanggan mengeluhkan jaringan tidak stabil di area rumah.
T0001632,C001322,2026-06-22,Complaint,Email,20.2,No,Negative,Pelanggan tidak puas dengan penyelesaian masalah sebelumnya.
T0001633,C001322,2026-07-26,Billing,Mobile App,24.7,Yes,Negative,Terdapat selisih pada tagihan bulanan yang dikeluhkan pelanggan.
T0001634,C001323,2025-09-11,Network,Mobile App,19.1,No,Negative,Pelanggan mengeluhkan jaringan tidak stabil di area rumah.
T0001635,C001323,2026-07-04,Billing,Mobile App,7.3,Yes,Negative,Terdapat selisih pada tagihan bulanan yang dikeluhkan pelanggan.
T0001636,C001323,2026-03-28,Network,WhatsApp,8.4,No,Negative,Koneksi sering terputus dan pelanggan meminta perbaikan segera.
T0001637,C001324,2025-11-20,Network,Call Center,4.5,Yes,Neutral,Pelanggan menanyakan status gangguan jaringan di wilayahnya.
T0001638,C001326,2026-07-23,Technical Support,WhatsApp,19.3,No,Negative,Masalah teknis berulang meskipun sebelumnya sudah ditangani.
T0001639,C001327,2026-01-19,Billing,WhatsApp,13.3,Yes,Negative,Terdapat selisih pada tagihan bulanan yang dikeluhkan pelanggan.
T0001640,C001327,2025-12-23,Technical Support,Call Center,19.8,No,Negative,Masalah teknis berulang meskipun sebelumnya sudah ditangani.
T0001641,C001328,2026-02-20,Technical Support,Call Center,13.9,No,Negative,Masalah teknis berulang meskipun sebelumnya sudah ditangani.
T0001642,C001328,2026-01-22,Technical Support,WhatsApp,17.8,Yes,Negative,Masalah teknis berulang meskipun sebelumnya sudah ditangani.
T0001643,C001329,2026-06-04,Billing,Email,30.4,Yes,Neutral,Pelanggan menanyakan rincian tagihan bulan berjalan.
T0001644,C001331,2026-06-20,Complaint,Email,7.5,No,Positive,Keluhan telah ditangani dan pelanggan menerima solusi.
T0001645,C001335,2025-10-27,Complaint,Email,16.6,Yes,Positive,Keluhan telah ditangani dan pelanggan menerima solusi.
T0001646,C001335,2025-09-01,Network,WhatsApp,23.8,Yes,Negative,Pelanggan mengeluhkan jaringan tidak stabil di area rumah.
T0001647,C001336,2025-11-14,Network,Call Center,13.4,No,Negative,Pelanggan mengeluhkan jaringan tidak stabil di area rumah.
T0001648,C001336,2025-09-28,Billing,Call Center,7.2,No,Negative,Terdapat selisih pada tagihan bulanan yang dikeluhkan pelanggan.
T0001649,C001338,2026-01-13,Network,WhatsApp,27.0,No,Negative,Pelanggan mengeluhkan jaringan tidak stabil di area rumah.
T0001650,C001338,2025-12-19,Network,Call Center,15.0,Yes,Negative,Pelanggan mengeluhkan jaringan tidak stabil di area rumah.
T0001651,C001339,2026-02-04,Network,WhatsApp,22.3,No,Negative,Koneksi sering terputus dan pelanggan meminta perbaikan segera.
T0001652,C001339,2026-07-15,Billing,Mobile App,10.7,No,Negative,Pelanggan keberatan dengan tagihan dan meminta penjelasan rinci.
T0001653,C001341,2026-07-08,Complaint,Mobile App,24.4,No,Negative,Pelanggan tidak puas dengan penyelesaian masalah sebelumnya.
T0001654,C001341,2026-05-26,Billing,Email,0.6,Yes,Neutral,Pelanggan menanyakan rincian tagihan bulan berjalan.
T0001655,C001342,2026-03-16,Network,WhatsApp,28.4,Yes,Positive,Gangguan jaringan telah selesai dan layanan kembali normal.
T0001656,C001342,2025-11-19,Technical Support,Call Center,1.0,No,Negative,Masalah teknis berulang meskipun sebelumnya sudah ditangani.
T0001657,C001342,2026-03-05,Technical Support,Mobile App,16.6,No,Positive,Panduan teknis berhasil dan layanan dapat digunakan kembali.
T0001658,C001343,2026-01-24,Network,Email,18.8,Yes,Negative,Koneksi sering terputus dan pelanggan meminta perbaikan segera.
T0001659,C001346,2026-06-13,Network,Call Center,24.4,Yes,Negative,Pelanggan mengeluhkan jaringan tidak stabil di area rumah.
T0001660,C001347,2026-01-02,Network,Call Center,32.8,No,Negative,Pelanggan mengeluhkan jaringan tidak stabil di area rumah.
T0001661,C001347,2026-08-10,Network,WhatsApp,22.7,Yes,Positive,Gangguan jaringan telah selesai dan layanan kembali normal.
T0001662,C001347,2026-02-16,Billing,Call Center,20.8,No,Negative,Terdapat selisih pada tagihan bulanan yang dikeluhkan pelanggan.
T0001663,C001347,2026-08-21,Network,Call Center,28.5,Yes,Negative,Pelanggan mengeluhkan jaringan tidak stabil di area rumah.
T0001664,C001347,2026-08-16,Billing,WhatsApp,26.2,No,Negative,Pelanggan keberatan dengan tagihan dan meminta penjelasan rinci.
T0001665,C001348,2025-12-06,Account,WhatsApp,20.5,No,Negative,Pelanggan kesulitan mengakses akun dan merasa proses terlalu rumit.
T0001666,C001349,2026-02-09,Network,Call Center,22.4,No,Negative,Koneksi sering terputus dan pelanggan meminta perbaikan segera.
T0001667,C001351,2025-12-12,Network,WhatsApp,20.2,Yes,Negative,Koneksi sering terputus dan pelanggan meminta perbaikan segera.
T0001668,C001352,2026-01-06,Technical Support,WhatsApp,14.2,Yes,Negative,Masalah teknis berulang meskipun sebelumnya sudah ditangani.
T0001669,C001353,2026-07-23,Network,WhatsApp,21.6,No,Negative,Koneksi sering terputus dan pelanggan meminta perbaikan segera.
T0001670,C001354,2025-11-27,Account,Call Center,20.1,Yes,Neutral,Permintaan perubahan data akun pelanggan.
T0001671,C001354,2026-05-02,Billing,Mobile App,18.9,Yes,Neutral,Pelanggan menanyakan rincian tagihan bulan berjalan.
T0001672,C001354,2026-05-25,Billing,WhatsApp,15.9,Yes,Neutral,Pelanggan menanyakan rincian tagihan bulan berjalan.
T0001673,C001355,2025-09-29,Complaint,WhatsApp,32.1,Yes,Negative,Pelanggan tidak puas dengan penyelesaian masalah sebelumnya.
T0001674,C001355,2026-07-19,Network,Call Center,21.7,No,Positive,Gangguan jaringan telah selesai dan layanan kembali normal.
T0001675,C001355,2026-06-20,Billing,Call Center,17.7,No,Negative,Pelanggan keberatan dengan tagihan dan meminta penjelasan rinci.
T0001676,C001356,2026-06-10,Billing,WhatsApp,14.0,Yes,Positive,Penjelasan tagihan diterima dan masalah dinyatakan selesai.
T0001677,C001356,2026-06-29,Technical Support,Mobile App,23.6,No,Negative,Masalah teknis berulang meskipun sebelumnya sudah ditangani.
T0001678,C001357,2026-01-15,Network,Call Center,27.5,Yes,Negative,Koneksi sering terputus dan pelanggan meminta perbaikan segera.
T0001679,C001358,2026-02-25,Technical Support,WhatsApp,0.5,Yes,Neutral,Pelanggan meminta panduan konfigurasi perangkat.
T0001680,C001358,2025-10-28,Complaint,Call Center,16.4,No,Neutral,Keluhan diteruskan untuk investigasi lanjutan.
T0001681,C001359,2026-08-31,Billing,Call Center,31.6,Yes,Negative,Pelanggan keberatan dengan tagihan dan meminta penjelasan rinci.
T0001682,C001359,2026-04-15,Network,Email,20.8,Yes,Negative,Koneksi sering terputus dan pelanggan meminta perbaikan segera.
T0001683,C001361,2026-02-22,Network,WhatsApp,18.5,Yes,Negative,Koneksi sering terputus dan pelanggan meminta perbaikan segera.
T0001684,C001362,2026-08-06,Technical Support,Call Center,30.5,Yes,Negative,Masalah teknis berulang meskipun sebelumnya sudah ditangani.
T0001685,C001362,2026-08-14,Billing,Call Center,6.6,No,Neutral,Pelanggan menanyakan rincian tagihan bulan berjalan.
T0001686,C001362,2026-08-02,Complaint,Call Center,25.3,Yes,Negative,Pelanggan tidak puas dengan penyelesaian masalah sebelumnya.
T0001687,C001362,2026-01-22,Technical Support,Call Center,15.6,No,Negative,Masalah teknis berulang meskipun sebelumnya sudah ditangani.
T0001688,C001363,2025-10-30,Network,WhatsApp,14.1,Yes,Positive,Gangguan jaringan telah selesai dan layanan kembali normal.
T0001689,C001365,2026-08-17,Complaint,Call Center,18.6,Yes,Positive,Keluhan telah ditangani dan pelanggan menerima solusi.
T0001690,C001367,2026-04-17,Complaint,Email,23.4,No,Negative,Pelanggan tidak puas dengan penyelesaian masalah sebelumnya.
T0001691,C001367,2026-01-02,Technical Support,Call Center,8.0,No,Positive,Panduan teknis berhasil dan layanan dapat digunakan kembali.
T0001692,C001368,2026-08-12,Technical Support,WhatsApp,6.7,No,Positive,Panduan teknis berhasil dan layanan dapat digunakan kembali.
T0001693,C001368,2026-01-07,Billing,Call Center,21.0,No,Negative,Terdapat selisih pada tagihan bulanan yang dikeluhkan pelanggan.
T0001694,C001369,2026-07-18,Complaint,WhatsApp,20.6,Yes,Negative,Pelanggan tidak puas dengan penyelesaian masalah sebelumnya.
T0001695,C001369,2026-02-25,Technical Support,Mobile App,16.6,No,Negative,Masalah teknis berulang meskipun sebelumnya sudah ditangani.
T0001696,C001369,2026-06-21,Complaint,WhatsApp,24.4,No,Negative,Pelanggan tidak puas dengan penyelesaian masalah sebelumnya.
T0001697,C001370,2025-11-08,Billing,WhatsApp,7.0,Yes,Neutral,Pelanggan menanyakan rincian tagihan bulan berjalan.
T0001698,C001371,2026-04-13,Network,WhatsApp,23.8,No,Negative,Koneksi sering terputus dan pelanggan meminta perbaikan segera.
T0001699,C001371,2026-05-09,Technical Support,Call Center,3.3,No,Positive,Panduan teknis berhasil dan layanan dapat digunakan kembali.
T0001700,C001373,2026-02-06,Account,Mobile App,22.5,No,Negative,Pelanggan kesulitan mengakses akun dan merasa proses terlalu rumit.
T0001701,C001375,2026-04-16,Network,Call Center,24.0,Yes,Negative,Koneksi sering terputus dan pelanggan meminta perbaikan segera.
T0001702,C001375,2026-07-08,Technical Support,Mobile App,10.3,No,Negative,Masalah teknis berulang meskipun sebelumnya sudah ditangani.
T0001703,C001376,2025-10-22,Network,Email,11.0,No,Neutral,Pelanggan menanyakan status gangguan jaringan di wilayahnya.
T0001704,C001377,2026-02-07,Technical Support,Email,18.0,Yes,Positive,Panduan teknis berhasil dan layanan dapat digunakan kembali.
T0001705,C001377,2026-02-11,Billing,WhatsApp,13.9,Yes,Negative,Terdapat selisih pada tagihan bulanan yang dikeluhkan pelanggan.
T0001706,C001378,2026-05-26,Billing,Email,21.7,No,Negative,Terdapat selisih pada tagihan bulanan yang dikeluhkan pelanggan.
T0001707,C001378,2026-01-27,Network,WhatsApp,17.4,Yes,Negative,Pelanggan mengeluhkan jaringan tidak stabil di area rumah.
T0001708,C001378,2026-03-27,Complaint,Call Center,19.8,Yes,Negative,Pelanggan tidak puas dengan penyelesaian masalah sebelumnya.
T0001709,C001380,2026-06-29,Complaint,WhatsApp,1.8,Yes,Neutral,Keluhan diteruskan untuk investigasi lanjutan.
T0001710,C001381,2025-11-15,Billing,Call Center,30.3,No,Negative,Terdapat selisih pada tagihan bulanan yang dikeluhkan pelanggan.
T0001711,C001382,2026-07-12,Complaint,Mobile App,33.4,No,Negative,Pelanggan tidak puas dengan penyelesaian masalah sebelumnya.
T0001712,C001382,2025-09-13,Network,WhatsApp,11.0,Yes,Neutral,Pelanggan menanyakan status gangguan jaringan di wilayahnya.
T0001713,C001383,2025-12-10,Billing,Mobile App,18.3,Yes,Negative,Pelanggan keberatan dengan tagihan dan meminta penjelasan rinci.
T0001714,C001384,2026-05-14,Technical Support,Call Center,17.4,Yes,Neutral,Pelanggan meminta panduan konfigurasi perangkat.
T0001715,C001387,2026-03-29,Network,Email,13.6,Yes,Negative,Koneksi sering terputus dan pelanggan meminta perbaikan segera.
T0001716,C001387,2026-08-14,Complaint,Mobile App,21.2,No,Negative,Pelanggan tidak puas dengan penyelesaian masalah sebelumnya.
T0001717,C001389,2025-09-07,Technical Support,WhatsApp,8.2,Yes,Positive,Panduan teknis berhasil dan layanan dapat digunakan kembali.
T0001718,C001389,2026-08-25,Technical Support,WhatsApp,11.5,Yes,Positive,Panduan teknis berhasil dan layanan dapat digunakan kembali.
T0001719,C001391,2026-07-17,Technical Support,WhatsApp,37.8,Yes,Negative,Masalah teknis berulang meskipun sebelumnya sudah ditangani.
T0001720,C001392,2026-02-17,Complaint,Call Center,21.8,No,Neutral,Keluhan diteruskan untuk investigasi lanjutan.
T0001721,C001393,2026-07-25,Technical Support,Email,12.6,Yes,Negative,Masalah teknis berulang meskipun sebelumnya sudah ditangani.
T0001722,C001396,2025-12-29,Billing,Mobile App,23.4,No,Negative,Pelanggan keberatan dengan tagihan dan meminta penjelasan rinci.
T0001723,C001396,2026-04-27,Billing,Mobile App,10.1,Yes,Neutral,Pelanggan menanyakan rincian tagihan bulan berjalan.
T0001724,C001397,2026-07-10,Technical Support,Call Center,25.6,No,Negative,Masalah teknis berulang meskipun sebelumnya sudah ditangani.
T0001725,C001398,2026-06-19,Network,Call Center,14.5,No,Positive,Gangguan jaringan telah selesai dan layanan kembali normal.
T0001726,C001398,2026-07-23,Technical Support,WhatsApp,0.5,No,Positive,Panduan teknis berhasil dan layanan dapat digunakan kembali.
T0001727,C001399,2026-07-03,Network,Email,18.6,Yes,Positive,Gangguan jaringan telah selesai dan layanan kembali normal.
T0001728,C001400,2026-06-06,Billing,WhatsApp,18.5,Yes,Negative,Terdapat selisih pada tagihan bulanan yang dikeluhkan pelanggan.
T0001729,C001400,2025-11-11,Complaint,Call Center,18.9,No,Positive,Keluhan telah ditangani dan pelanggan menerima solusi.
T0001730,C001401,2026-08-19,Billing,Call Center,25.9,No,Negative,Pelanggan keberatan dengan tagihan dan meminta penjelasan rinci.
T0001731,C001401,2026-07-27,Account,WhatsApp,21.8,No,Neutral,Permintaan perubahan data akun pelanggan.
T0001732,C001402,2026-01-18,Billing,WhatsApp,7.3,Yes,Neutral,Pelanggan menanyakan rincian tagihan bulan berjalan.
T0001733,C001403,2026-05-16,Complaint,Email,23.2,Yes,Negative,Pelanggan tidak puas dengan penyelesaian masalah sebelumnya.
T0001734,C001403,2026-08-13,Billing,Call Center,36.6,Yes,Negative,Terdapat selisih pada tagihan bulanan yang dikeluhkan pelanggan.
T0001735,C001404,2026-08-27,Technical Support,Call Center,16.7,Yes,Negative,Masalah teknis berulang meskipun sebelumnya sudah ditangani.
T0001736,C001404,2026-08-03,Account,Call Center,35.2,Yes,Negative,Pelanggan kesulitan mengakses akun dan merasa proses terlalu rumit.
T0001737,C001404,2026-06-13,Network,Call Center,13.8,Yes,Positive,Gangguan jaringan telah selesai dan layanan kembali normal.
T0001738,C001404,2026-07-07,Network,Call Center,14.9,Yes,Negative,Koneksi sering terputus dan pelanggan meminta perbaikan segera.
T0001739,C001405,2026-05-05,Account,WhatsApp,11.0,Yes,Neutral,Permintaan perubahan data akun pelanggan.
T0001740,C001405,2026-05-31,Technical Support,Call Center,26.2,Yes,Negative,Masalah teknis berulang meskipun sebelumnya sudah ditangani.
T0001741,C001407,2025-11-05,Technical Support,Call Center,2.3,Yes,Positive,Panduan teknis berhasil dan layanan dapat digunakan kembali.
T0001742,C001407,2026-04-28,Technical Support,WhatsApp,18.4,No,Neutral,Pelanggan meminta panduan konfigurasi perangkat.
T0001743,C001407,2026-06-16,Complaint,Mobile App,22.3,Yes,Negative,Pelanggan tidak puas dengan penyelesaian masalah sebelumnya.
T0001744,C001410,2025-10-05,Billing,Email,0.5,Yes,Neutral,Pelanggan menanyakan rincian tagihan bulan berjalan.
T0001745,C001412,2025-12-15,Network,Call Center,10.3,No,Negative,Pelanggan mengeluhkan jaringan tidak stabil di area rumah.
T0001746,C001412,2026-01-31,Technical Support,Call Center,24.3,Yes,Neutral,Pelanggan meminta panduan konfigurasi perangkat.
T0001747,C001412,2025-12-07,Billing,Call Center,30.2,No,Neutral,Pelanggan menanyakan rincian tagihan bulan berjalan.
T0001748,C001412,2026-05-18,Network,WhatsApp,19.3,No,Neutral,Pelanggan menanyakan status gangguan jaringan di wilayahnya.
T0001749,C001413,2026-07-14,Network,WhatsApp,19.2,Yes,Negative,Pelanggan mengeluhkan jaringan tidak stabil di area rumah.
T0001750,C001413,2025-12-30,Technical Support,Mobile App,30.6,No,Negative,Masalah teknis berulang meskipun sebelumnya sudah ditangani.
T0001751,C001413,2026-06-19,Billing,WhatsApp,17.9,Yes,Negative,Terdapat selisih pada tagihan bulanan yang dikeluhkan pelanggan.
T0001752,C001413,2026-07-14,Account,Call Center,27.3,No,Negative,Pelanggan kesulitan mengakses akun dan merasa proses terlalu rumit.
T0001753,C001418,2026-04-23,Technical Support,WhatsApp,15.6,Yes,Negative,Masalah teknis berulang meskipun sebelumnya sudah ditangani.
T0001754,C001418,2026-05-07,Network,Email,25.6,No,Negative,Koneksi sering terputus dan pelanggan meminta perbaikan segera.
T0001755,C001419,2026-01-07,Technical Support,Email,0.5,Yes,Positive,Panduan teknis berhasil dan layanan dapat digunakan kembali.
T0001756,C001421,2025-12-02,Billing,WhatsApp,0.5,Yes,Neutral,Pelanggan menanyakan rincian tagihan bulan berjalan.
T0001757,C001421,2026-07-19,Technical Support,WhatsApp,0.5,Yes,Neutral,Pelanggan meminta panduan konfigurasi perangkat.
T0001758,C001423,2026-06-23,Technical Support,WhatsApp,13.9,No,Negative,Masalah teknis berulang meskipun sebelumnya sudah ditangani.
T0001759,C001423,2025-11-15,Complaint,Call Center,8.6,Yes,Negative,Pelanggan tidak puas dengan penyelesaian masalah sebelumnya.
T0001760,C001423,2026-07-26,Network,Call Center,29.2,Yes,Negative,Pelanggan mengeluhkan jaringan tidak stabil di area rumah.
T0001761,C001424,2026-04-30,Technical Support,Mobile App,40.5,No,Negative,Masalah teknis berulang meskipun sebelumnya sudah ditangani.
T0001762,C001425,2025-12-28,Network,WhatsApp,24.7,Yes,Negative,Koneksi sering terputus dan pelanggan meminta perbaikan segera.
T0001763,C001425,2026-03-03,Network,WhatsApp,29.2,No,Negative,Pelanggan mengeluhkan jaringan tidak stabil di area rumah.
T0001764,C001426,2026-01-22,Billing,Call Center,22.1,Yes,Negative,Pelanggan keberatan dengan tagihan dan meminta penjelasan rinci.
T0001765,C001426,2025-10-19,Account,Email,11.6,Yes,Negative,Pelanggan kesulitan mengakses akun dan merasa proses terlalu rumit.
T0001766,C001427,2025-12-24,Network,Mobile App,16.3,Yes,Negative,Koneksi sering terputus dan pelanggan meminta perbaikan segera.
T0001767,C001429,2026-02-20,Technical Support,Mobile App,23.0,No,Negative,Masalah teknis berulang meskipun sebelumnya sudah ditangani.
T0001768,C001429,2026-01-19,Billing,WhatsApp,4.9,No,Neutral,Pelanggan menanyakan rincian tagihan bulan berjalan.
T0001769,C001430,2026-06-28,Technical Support,Call Center,22.7,No,Negative,Masalah teknis berulang meskipun sebelumnya sudah ditangani.
T0001770,C001430,2026-08-20,Technical Support,WhatsApp,18.8,No,Negative,Masalah teknis berulang meskipun sebelumnya sudah ditangani.
T0001771,C001430,2026-02-21,Account,Email,33.1,No,Negative,Pelanggan kesulitan mengakses akun dan merasa proses terlalu rumit.
T0001772,C001432,2026-04-16,Network,Call Center,23.4,No,Negative,Koneksi sering terputus dan pelanggan meminta perbaikan segera.
T0001773,C001436,2026-03-21,Billing,Call Center,7.6,Yes,Positive,Penjelasan tagihan diterima dan masalah dinyatakan selesai.
T0001774,C001437,2026-03-26,Complaint,Call Center,39.7,No,Negative,Pelanggan tidak puas dengan penyelesaian masalah sebelumnya.
T0001775,C001437,2026-05-14,Account,Call Center,15.4,Yes,Neutral,Permintaan perubahan data akun pelanggan.
T0001776,C001439,2026-02-12,Billing,Call Center,25.1,Yes,Negative,Terdapat selisih pada tagihan bulanan yang dikeluhkan pelanggan.
T0001777,C001440,2025-10-13,Network,WhatsApp,32.3,No,Negative,Koneksi sering terputus dan pelanggan meminta perbaikan segera.
T0001778,C001441,2025-11-17,Complaint,WhatsApp,10.2,Yes,Negative,Pelanggan tidak puas dengan penyelesaian masalah sebelumnya.
T0001779,C001441,2026-08-26,Network,Call Center,14.4,Yes,Neutral,Pelanggan menanyakan status gangguan jaringan di wilayahnya.
T0001780,C001443,2026-05-09,Billing,Mobile App,11.1,Yes,Positive,Penjelasan tagihan diterima dan masalah dinyatakan selesai.
T0001781,C001445,2025-12-30,Technical Support,Mobile App,25.9,No,Neutral,Pelanggan meminta panduan konfigurasi perangkat.
T0001782,C001446,2026-06-18,Technical Support,WhatsApp,11.0,No,Negative,Masalah teknis berulang meskipun sebelumnya sudah ditangani.
T0001783,C001446,2025-10-26,Billing,WhatsApp,12.1,No,Negative,Terdapat selisih pada tagihan bulanan yang dikeluhkan pelanggan.
T0001784,C001447,2026-06-16,Billing,Mobile App,10.2,Yes,Positive,Penjelasan tagihan diterima dan masalah dinyatakan selesai.
T0001785,C001447,2026-07-29,Network,WhatsApp,12.5,Yes,Neutral,Pelanggan menanyakan status gangguan jaringan di wilayahnya.
T0001786,C001447,2026-07-11,Network,Mobile App,13.2,No,Negative,Koneksi sering terputus dan pelanggan meminta perbaikan segera.
T0001787,C001450,2025-10-30,Technical Support,Mobile App,32.7,Yes,Negative,Masalah teknis berulang meskipun sebelumnya sudah ditangani.
T0001788,C001455,2025-12-09,Technical Support,Call Center,17.2,Yes,Positive,Panduan teknis berhasil dan layanan dapat digunakan kembali.
T0001789,C001455,2026-02-14,Billing,Call Center,28.0,Yes,Negative,Terdapat selisih pada tagihan bulanan yang dikeluhkan pelanggan.
T0001790,C001456,2026-02-25,Billing,Call Center,20.9,Yes,Positive,Penjelasan tagihan diterima dan masalah dinyatakan selesai.
T0001791,C001456,2026-07-11,Billing,Call Center,18.5,No,Negative,Terdapat selisih pada tagihan bulanan yang dikeluhkan pelanggan.
T0001792,C001458,2026-07-07,Account,Call Center,14.4,No,Negative,Pelanggan kesulitan mengakses akun dan merasa proses terlalu rumit.
T0001793,C001458,2025-12-06,Account,Mobile App,9.9,Yes,Neutral,Permintaan perubahan data akun pelanggan.
T0001794,C001458,2025-09-19,Technical Support,WhatsApp,13.8,No,Negative,Masalah teknis berulang meskipun sebelumnya sudah ditangani.
T0001795,C001459,2026-01-28,Network,Call Center,11.3,Yes,Neutral,Pelanggan menanyakan status gangguan jaringan di wilayahnya.
T0001796,C001463,2026-04-01,Network,Call Center,2.2,Yes,Positive,Gangguan jaringan telah selesai dan layanan kembali normal.
T0001797,C001464,2026-04-16,Technical Support,Call Center,14.5,No,Neutral,Pelanggan meminta panduan konfigurasi perangkat.
T0001798,C001467,2026-04-14,Account,Mobile App,10.7,Yes,Positive,Perubahan data akun berhasil dilakukan.
T0001799,C001467,2025-11-16,Network,Call Center,9.7,No,Negative,Pelanggan mengeluhkan jaringan tidak stabil di area rumah.
T0001800,C001468,2026-07-26,Complaint,WhatsApp,18.1,Yes,Neutral,Keluhan diteruskan untuk investigasi lanjutan.
T0001801,C001468,2026-01-25,Technical Support,Call Center,15.2,Yes,Positive,Panduan teknis berhasil dan layanan dapat digunakan kembali.
T0001802,C001468,2026-03-04,Complaint,Mobile App,23.9,No,Negative,Pelanggan tidak puas dengan penyelesaian masalah sebelumnya.
T0001803,C001470,2026-03-28,Network,WhatsApp,24.4,No,Negative,Pelanggan mengeluhkan jaringan tidak stabil di area rumah.
T0001804,C001470,2025-12-02,Billing,WhatsApp,20.4,Yes,Negative,Pelanggan keberatan dengan tagihan dan meminta penjelasan rinci.
T0001805,C001471,2025-11-18,Technical Support,Email,28.5,Yes,Negative,Masalah teknis berulang meskipun sebelumnya sudah ditangani.
T0001806,C001471,2026-01-19,Network,WhatsApp,1.7,Yes,Positive,Gangguan jaringan telah selesai dan layanan kembali normal.
T0001807,C001472,2026-02-19,Complaint,WhatsApp,21.5,No,Negative,Pelanggan tidak puas dengan penyelesaian masalah sebelumnya.
T0001808,C001472,2025-10-22,Network,WhatsApp,0.5,Yes,Neutral,Pelanggan menanyakan status gangguan jaringan di wilayahnya.
T0001809,C001473,2025-10-27,Network,WhatsApp,2.0,Yes,Neutral,Pelanggan menanyakan status gangguan jaringan di wilayahnya.
T0001810,C001474,2026-07-15,Billing,Mobile App,8.5,Yes,Positive,Penjelasan tagihan diterima dan masalah dinyatakan selesai.
T0001811,C001474,2026-01-13,Billing,Mobile App,10.6,Yes,Negative,Terdapat selisih pada tagihan bulanan yang dikeluhkan pelanggan.
T0001812,C001475,2026-08-27,Account,WhatsApp,12.3,Yes,Negative,Pelanggan kesulitan mengakses akun dan merasa proses terlalu rumit.
T0001813,C001475,2026-08-12,Account,WhatsApp,19.9,No,Negative,Pelanggan kesulitan mengakses akun dan merasa proses terlalu rumit.
T0001814,C001476,2026-03-10,Account,Mobile App,12.7,Yes,Positive,Perubahan data akun berhasil dilakukan.
T0001815,C001478,2026-07-06,Account,WhatsApp,18.5,Yes,Negative,Pelanggan kesulitan mengakses akun dan merasa proses terlalu rumit.
T0001816,C001478,2026-08-29,Account,WhatsApp,19.3,Yes,Negative,Pelanggan kesulitan mengakses akun dan merasa proses terlalu rumit.
T0001817,C001478,2026-08-16,Technical Support,Call Center,21.2,No,Negative,Masalah teknis berulang meskipun sebelumnya sudah ditangani.
T0001818,C001479,2026-04-14,Billing,Call Center,27.7,No,Negative,Pelanggan keberatan dengan tagihan dan meminta penjelasan rinci.
T0001819,C001480,2026-01-31,Billing,Email,0.5,Yes,Neutral,Pelanggan menanyakan rincian tagihan bulan berjalan.
T0001820,C001481,2026-03-20,Complaint,Call Center,24.9,Yes,Neutral,Keluhan diteruskan untuk investigasi lanjutan.
T0001821,C001482,2026-01-19,Billing,WhatsApp,17.1,No,Positive,Penjelasan tagihan diterima dan masalah dinyatakan selesai.
T0001822,C001482,2026-06-07,Billing,WhatsApp,9.6,Yes,Negative,Terdapat selisih pada tagihan bulanan yang dikeluhkan pelanggan.
T0001823,C001484,2026-07-12,Network,Mobile App,18.6,No,Positive,Gangguan jaringan telah selesai dan layanan kembali normal.
T0001824,C001485,2026-03-12,Account,Call Center,18.0,No,Neutral,Permintaan perubahan data akun pelanggan.
T0001825,C001485,2025-09-30,Network,WhatsApp,13.1,No,Positive,Gangguan jaringan telah selesai dan layanan kembali normal.
T0001826,C001487,2026-08-16,Network,Call Center,10.5,No,Negative,Koneksi sering terputus dan pelanggan meminta perbaikan segera.
T0001827,C001487,2026-07-07,Network,Call Center,14.3,No,Negative,Koneksi sering terputus dan pelanggan meminta perbaikan segera.
T0001828,C001489,2025-09-04,Billing,Call Center,10.9,Yes,Neutral,Pelanggan menanyakan rincian tagihan bulan berjalan.
T0001829,C001490,2025-09-27,Network,Call Center,11.4,Yes,Neutral,Pelanggan menanyakan status gangguan jaringan di wilayahnya.
T0001830,C001491,2026-03-13,Technical Support,Mobile App,13.6,Yes,Negative,Masalah teknis berulang meskipun sebelumnya sudah ditangani.
T0001831,C001491,2026-05-20,Technical Support,Mobile App,13.9,Yes,Positive,Panduan teknis berhasil dan layanan dapat digunakan kembali.
T0001832,C001492,2026-03-03,Billing,Email,15.7,No,Negative,Pelanggan keberatan dengan tagihan dan meminta penjelasan rinci.
T0001833,C001492,2025-12-06,Billing,WhatsApp,23.2,No,Negative,Pelanggan keberatan dengan tagihan dan meminta penjelasan rinci.
T0001834,C001493,2026-05-27,Account,Email,23.9,Yes,Negative,Pelanggan kesulitan mengakses akun dan merasa proses terlalu rumit.
T0001835,C001493,2026-06-03,Billing,WhatsApp,15.1,No,Negative,Pelanggan keberatan dengan tagihan dan meminta penjelasan rinci.
T0001836,C001494,2026-07-08,Account,Mobile App,14.7,Yes,Neutral,Permintaan perubahan data akun pelanggan.
T0001837,C001494,2026-06-22,Network,WhatsApp,22.7,No,Negative,Pelanggan mengeluhkan jaringan tidak stabil di area rumah.
T0001838,C001496,2025-09-25,Network,Call Center,27.3,No,Negative,Pelanggan mengeluhkan jaringan tidak stabil di area rumah.
T0001839,C001499,2026-03-17,Complaint,Call Center,15.4,Yes,Negative,Pelanggan tidak puas dengan penyelesaian masalah sebelumnya.
T0001840,C001500,2026-03-25,Technical Support,Call Center,22.0,Yes,Negative,Masalah teknis berulang meskipun sebelumnya sudah ditangani.
T0001841,C001506,2026-08-23,Account,Mobile App,21.6,Yes,Negative,Pelanggan kesulitan mengakses akun dan merasa proses terlalu rumit.
T0001842,C001507,2026-08-22,Network,Call Center,23.9,No,Negative,Koneksi sering terputus dan pelanggan meminta perbaikan segera.
T0001843,C001509,2026-01-28,Billing,WhatsApp,12.6,Yes,Negative,Pelanggan keberatan dengan tagihan dan meminta penjelasan rinci.
T0001844,C001510,2025-11-01,Network,Email,28.3,Yes,Negative,Pelanggan mengeluhkan jaringan tidak stabil di area rumah.
T0001845,C001510,2026-02-21,Billing,Mobile App,14.6,No,Negative,Terdapat selisih pada tagihan bulanan yang dikeluhkan pelanggan.
T0001846,C001510,2026-07-11,Billing,Email,2.0,Yes,Neutral,Pelanggan menanyakan rincian tagihan bulan berjalan.
T0001847,C001514,2026-07-03,Account,Mobile App,20.0,Yes,Negative,Pelanggan kesulitan mengakses akun dan merasa proses terlalu rumit.
T0001848,C001514,2026-08-14,Technical Support,Call Center,23.4,No,Negative,Masalah teknis berulang meskipun sebelumnya sudah ditangani.
T0001849,C001514,2026-02-23,Technical Support,Call Center,29.2,Yes,Positive,Panduan teknis berhasil dan layanan dapat digunakan kembali.
T0001850,C001515,2025-10-20,Network,Email,17.2,No,Negative,Koneksi sering terputus dan pelanggan meminta perbaikan segera.
T0001851,C001516,2026-04-26,Billing,Call Center,8.6,No,Negative,Pelanggan keberatan dengan tagihan dan meminta penjelasan rinci.
T0001852,C001516,2026-02-15,Network,Call Center,24.9,No,Negative,Pelanggan mengeluhkan jaringan tidak stabil di area rumah.
T0001853,C001517,2026-06-17,Network,WhatsApp,16.4,Yes,Negative,Koneksi sering terputus dan pelanggan meminta perbaikan segera.
T0001854,C001520,2026-07-15,Network,Call Center,10.8,Yes,Positive,Gangguan jaringan telah selesai dan layanan kembali normal.
T0001855,C001520,2026-07-02,Network,WhatsApp,18.6,Yes,Negative,Pelanggan mengeluhkan jaringan tidak stabil di area rumah.
T0001856,C001520,2025-11-17,Network,WhatsApp,10.9,No,Negative,Pelanggan mengeluhkan jaringan tidak stabil di area rumah.
T0001857,C001520,2026-04-01,Account,Call Center,9.8,Yes,Neutral,Permintaan perubahan data akun pelanggan.
T0001858,C001521,2026-04-18,Technical Support,Call Center,29.4,Yes,Negative,Masalah teknis berulang meskipun sebelumnya sudah ditangani.
T0001859,C001522,2026-07-17,Technical Support,WhatsApp,14.0,Yes,Positive,Panduan teknis berhasil dan layanan dapat digunakan kembali.
T0001860,C001524,2025-12-12,Complaint,WhatsApp,18.5,Yes,Neutral,Keluhan diteruskan untuk investigasi lanjutan.
T0001861,C001525,2026-01-12,Complaint,WhatsApp,14.9,Yes,Neutral,Keluhan diteruskan untuk investigasi lanjutan.
T0001862,C001525,2025-11-17,Account,Email,16.4,Yes,Positive,Perubahan data akun berhasil dilakukan.
T0001863,C001526,2026-06-20,Billing,Mobile App,17.0,Yes,Negative,Terdapat selisih pada tagihan bulanan yang dikeluhkan pelanggan.
T0001864,C001526,2026-02-21,Technical Support,Call Center,17.4,Yes,Negative,Masalah teknis berulang meskipun sebelumnya sudah ditangani.
T0001865,C001527,2026-08-17,Technical Support,Call Center,4.1,Yes,Positive,Panduan teknis berhasil dan layanan dapat digunakan kembali.
T0001866,C001527,2026-06-18,Technical Support,Mobile App,6.2,Yes,Negative,Masalah teknis berulang meskipun sebelumnya sudah ditangani.
T0001867,C001527,2026-08-17,Technical Support,Mobile App,19.5,No,Negative,Masalah teknis berulang meskipun sebelumnya sudah ditangani.
T0001868,C001527,2026-06-28,Network,Call Center,18.5,Yes,Negative,Pelanggan mengeluhkan jaringan tidak stabil di area rumah.
T0001869,C001527,2026-07-27,Billing,Mobile App,25.2,No,Negative,Pelanggan keberatan dengan tagihan dan meminta penjelasan rinci.
T0001870,C001528,2026-04-29,Account,Call Center,24.9,No,Negative,Pelanggan kesulitan mengakses akun dan merasa proses terlalu rumit.
T0001871,C001529,2025-11-10,Billing,WhatsApp,6.7,No,Negative,Pelanggan keberatan dengan tagihan dan meminta penjelasan rinci.
T0001872,C001529,2026-03-01,Billing,Call Center,20.1,No,Negative,Pelanggan keberatan dengan tagihan dan meminta penjelasan rinci.
T0001873,C001530,2026-04-05,Billing,WhatsApp,9.3,Yes,Positive,Penjelasan tagihan diterima dan masalah dinyatakan selesai.
T0001874,C001530,2026-06-09,Network,Email,7.3,Yes,Positive,Gangguan jaringan telah selesai dan layanan kembali normal.
T0001875,C001530,2026-01-22,Network,Mobile App,21.9,No,Negative,Koneksi sering terputus dan pelanggan meminta perbaikan segera.
T0001876,C001531,2026-08-28,Billing,WhatsApp,31.0,Yes,Positive,Penjelasan tagihan diterima dan masalah dinyatakan selesai.
T0001877,C001531,2026-03-18,Technical Support,WhatsApp,33.7,Yes,Negative,Masalah teknis berulang meskipun sebelumnya sudah ditangani.
T0001878,C001532,2025-12-06,Technical Support,Mobile App,0.5,Yes,Positive,Panduan teknis berhasil dan layanan dapat digunakan kembali.
T0001879,C001534,2026-07-16,Complaint,Email,27.7,Yes,Negative,Pelanggan tidak puas dengan penyelesaian masalah sebelumnya.
T0001880,C001535,2026-05-28,Billing,Call Center,14.3,No,Negative,Terdapat selisih pada tagihan bulanan yang dikeluhkan pelanggan.
T0001881,C001535,2026-07-22,Network,WhatsApp,25.6,Yes,Neutral,Pelanggan menanyakan status gangguan jaringan di wilayahnya.
T0001882,C001537,2025-10-11,Billing,Mobile App,30.5,Yes,Negative,Pelanggan keberatan dengan tagihan dan meminta penjelasan rinci.
T0001883,C001537,2026-04-15,Technical Support,WhatsApp,11.5,Yes,Neutral,Pelanggan meminta panduan konfigurasi perangkat.
T0001884,C001537,2026-08-06,Technical Support,WhatsApp,2.7,Yes,Neutral,Pelanggan meminta panduan konfigurasi perangkat.
T0001885,C001537,2025-11-24,Network,Call Center,11.8,Yes,Positive,Gangguan jaringan telah selesai dan layanan kembali normal.
T0001886,C001538,2026-04-06,Billing,Call Center,6.0,Yes,Neutral,Pelanggan menanyakan rincian tagihan bulan berjalan.
T0001887,C001538,2026-03-16,Network,Call Center,18.5,Yes,Negative,Koneksi sering terputus dan pelanggan meminta perbaikan segera.
T0001888,C001538,2026-02-14,Network,Call Center,25.2,Yes,Negative,Koneksi sering terputus dan pelanggan meminta perbaikan segera.
T0001889,C001541,2026-05-09,Technical Support,Mobile App,19.4,Yes,Neutral,Pelanggan meminta panduan konfigurasi perangkat.
T0001890,C001542,2025-11-01,Network,Email,10.7,Yes,Negative,Pelanggan mengeluhkan jaringan tidak stabil di area rumah.
T0001891,C001543,2025-10-20,Technical Support,Email,14.5,Yes,Negative,Masalah teknis berulang meskipun sebelumnya sudah ditangani.
T0001892,C001543,2026-08-11,Account,WhatsApp,16.2,No,Neutral,Permintaan perubahan data akun pelanggan.
T0001893,C001544,2025-11-08,Complaint,Mobile App,12.0,Yes,Positive,Keluhan telah ditangani dan pelanggan menerima solusi.
T0001894,C001547,2026-05-11,Complaint,WhatsApp,15.1,No,Negative,Pelanggan tidak puas dengan penyelesaian masalah sebelumnya.
T0001895,C001547,2026-07-10,Complaint,WhatsApp,25.5,No,Negative,Pelanggan tidak puas dengan penyelesaian masalah sebelumnya.
T0001896,C001547,2026-02-24,Complaint,Call Center,41.9,Yes,Negative,Pelanggan tidak puas dengan penyelesaian masalah sebelumnya.
T0001897,C001548,2026-02-02,Technical Support,Mobile App,4.5,Yes,Positive,Panduan teknis berhasil dan layanan dapat digunakan kembali.
T0001898,C001548,2026-06-15,Network,Mobile App,20.4,No,Neutral,Pelanggan menanyakan status gangguan jaringan di wilayahnya.
T0001899,C001550,2026-02-22,Technical Support,Call Center,16.8,No,Negative,Masalah teknis berulang meskipun sebelumnya sudah ditangani.
T0001900,C001550,2026-03-11,Network,Mobile App,26.0,No,Negative,Pelanggan mengeluhkan jaringan tidak stabil di area rumah.
T0001901,C001552,2026-02-24,Network,WhatsApp,12.3,No,Negative,Koneksi sering terputus dan pelanggan meminta perbaikan segera.
T0001902,C001552,2026-01-14,Network,Mobile App,18.4,No,Negative,Pelanggan mengeluhkan jaringan tidak stabil di area rumah.
T0001903,C001552,2026-03-12,Billing,Mobile App,16.9,Yes,Negative,Terdapat selisih pada tagihan bulanan yang dikeluhkan pelanggan.
T0001904,C001552,2026-08-19,Billing,Email,14.9,Yes,Positive,Penjelasan tagihan diterima dan masalah dinyatakan selesai.
T0001905,C001553,2026-01-18,Billing,Call Center,15.1,Yes,Neutral,Pelanggan menanyakan rincian tagihan bulan berjalan.
T0001906,C001556,2025-11-05,Network,Mobile App,21.4,Yes,Negative,Koneksi sering terputus dan pelanggan meminta perbaikan segera.
T0001907,C001558,2026-07-09,Account,Call Center,23.3,Yes,Negative,Pelanggan kesulitan mengakses akun dan merasa proses terlalu rumit.
T0001908,C001558,2026-04-26,Technical Support,Email,24.4,No,Negative,Masalah teknis berulang meskipun sebelumnya sudah ditangani.
T0001909,C001558,2026-08-28,Network,Mobile App,35.9,No,Negative,Koneksi sering terputus dan pelanggan meminta perbaikan segera.
T0001910,C001558,2026-03-28,Complaint,Mobile App,29.5,No,Negative,Pelanggan tidak puas dengan penyelesaian masalah sebelumnya.
T0001911,C001560,2026-06-03,Technical Support,Email,16.2,No,Negative,Masalah teknis berulang meskipun sebelumnya sudah ditangani.
T0001912,C001561,2026-07-04,Technical Support,Mobile App,29.6,Yes,Negative,Masalah teknis berulang meskipun sebelumnya sudah ditangani.
T0001913,C001561,2026-06-19,Technical Support,Call Center,16.8,No,Negative,Masalah teknis berulang meskipun sebelumnya sudah ditangani.
T0001914,C001562,2026-06-17,Network,Mobile App,13.2,Yes,Neutral,Pelanggan menanyakan status gangguan jaringan di wilayahnya.
T0001915,C001567,2026-04-25,Billing,Call Center,19.6,Yes,Positive,Penjelasan tagihan diterima dan masalah dinyatakan selesai.
T0001916,C001568,2026-08-04,Complaint,Email,10.9,Yes,Negative,Pelanggan tidak puas dengan penyelesaian masalah sebelumnya.
T0001917,C001569,2026-02-05,Network,Mobile App,20.6,Yes,Negative,Pelanggan mengeluhkan jaringan tidak stabil di area rumah.
T0001918,C001569,2026-08-18,Network,WhatsApp,15.6,No,Negative,Pelanggan mengeluhkan jaringan tidak stabil di area rumah.
T0001919,C001570,2025-09-26,Network,Email,9.7,Yes,Neutral,Pelanggan menanyakan status gangguan jaringan di wilayahnya.
T0001920,C001571,2026-08-16,Billing,WhatsApp,21.2,Yes,Negative,Pelanggan keberatan dengan tagihan dan meminta penjelasan rinci.
T0001921,C001571,2026-07-20,Billing,Email,12.0,Yes,Negative,Pelanggan keberatan dengan tagihan dan meminta penjelasan rinci.
T0001922,C001571,2025-11-01,Billing,WhatsApp,22.0,Yes,Positive,Penjelasan tagihan diterima dan masalah dinyatakan selesai.
T0001923,C001571,2026-07-30,Billing,Call Center,32.3,Yes,Negative,Terdapat selisih pada tagihan bulanan yang dikeluhkan pelanggan.
T0001924,C001572,2026-01-09,Technical Support,WhatsApp,17.7,No,Negative,Masalah teknis berulang meskipun sebelumnya sudah ditangani.
T0001925,C001572,2026-01-14,Technical Support,Mobile App,37.8,No,Negative,Masalah teknis berulang meskipun sebelumnya sudah ditangani.
T0001926,C001574,2026-08-02,Network,Mobile App,31.3,No,Negative,Koneksi sering terputus dan pelanggan meminta perbaikan segera.
T0001927,C001574,2026-06-05,Account,Email,25.8,No,Negative,Pelanggan kesulitan mengakses akun dan merasa proses terlalu rumit.
T0001928,C001574,2026-04-07,Billing,Call Center,5.7,Yes,Negative,Pelanggan keberatan dengan tagihan dan meminta penjelasan rinci.
T0001929,C001574,2025-10-10,Technical Support,WhatsApp,27.0,No,Negative,Masalah teknis berulang meskipun sebelumnya sudah ditangani.
T0001930,C001575,2026-06-10,Network,Mobile App,14.4,Yes,Neutral,Pelanggan menanyakan status gangguan jaringan di wilayahnya.
T0001931,C001577,2025-11-06,Technical Support,Call Center,24.4,No,Negative,Masalah teknis berulang meskipun sebelumnya sudah ditangani.
T0001932,C001577,2025-09-10,Account,Mobile App,4.6,Yes,Positive,Perubahan data akun berhasil dilakukan.
T0001933,C001577,2026-08-17,Account,Call Center,3.6,Yes,Neutral,Permintaan perubahan data akun pelanggan.
T0001934,C001578,2025-10-25,Network,Mobile App,6.0,No,Negative,Koneksi sering terputus dan pelanggan meminta perbaikan segera.
T0001935,C001579,2025-09-14,Billing,Call Center,20.8,No,Negative,Terdapat selisih pada tagihan bulanan yang dikeluhkan pelanggan.
T0001936,C001579,2026-06-05,Technical Support,Call Center,0.5,Yes,Neutral,Pelanggan meminta panduan konfigurasi perangkat.
T0001937,C001580,2026-05-01,Network,Mobile App,14.9,No,Positive,Gangguan jaringan telah selesai dan layanan kembali normal.
T0001938,C001581,2026-02-05,Complaint,WhatsApp,3.9,No,Neutral,Keluhan diteruskan untuk investigasi lanjutan.
T0001939,C001585,2026-08-09,Network,Call Center,34.5,Yes,Negative,Koneksi sering terputus dan pelanggan meminta perbaikan segera.
T0001940,C001586,2026-08-09,Account,Call Center,10.9,Yes,Positive,Perubahan data akun berhasil dilakukan.
T0001941,C001586,2026-08-10,Complaint,Call Center,19.9,No,Negative,Pelanggan tidak puas dengan penyelesaian masalah sebelumnya.
T0001942,C001586,2026-08-08,Account,WhatsApp,8.5,Yes,Negative,Pelanggan kesulitan mengakses akun dan merasa proses terlalu rumit.
T0001943,C001586,2025-11-20,Complaint,Call Center,18.8,Yes,Positive,Keluhan telah ditangani dan pelanggan menerima solusi.
T0001944,C001587,2026-01-22,Billing,Mobile App,11.4,Yes,Neutral,Pelanggan menanyakan rincian tagihan bulan berjalan.
T0001945,C001589,2026-07-28,Network,Mobile App,19.0,Yes,Negative,Koneksi sering terputus dan pelanggan meminta perbaikan segera.
T0001946,C001589,2026-07-05,Billing,Mobile App,10.5,Yes,Positive,Penjelasan tagihan diterima dan masalah dinyatakan selesai.
T0001947,C001591,2026-04-02,Complaint,Call Center,15.6,Yes,Negative,Pelanggan tidak puas dengan penyelesaian masalah sebelumnya.
T0001948,C001591,2026-02-02,Network,Mobile App,27.1,Yes,Negative,Pelanggan mengeluhkan jaringan tidak stabil di area rumah.
T0001949,C001592,2026-08-14,Network,Mobile App,18.9,Yes,Neutral,Pelanggan menanyakan status gangguan jaringan di wilayahnya.
T0001950,C001593,2026-02-12,Billing,WhatsApp,7.5,No,Positive,Penjelasan tagihan diterima dan masalah dinyatakan selesai.
T0001951,C001593,2026-03-10,Technical Support,Email,27.5,No,Negative,Masalah teknis berulang meskipun sebelumnya sudah ditangani.
T0001952,C001594,2026-06-13,Complaint,Mobile App,31.6,No,Negative,Pelanggan tidak puas dengan penyelesaian masalah sebelumnya.
T0001953,C001596,2026-07-24,Billing,Mobile App,9.0,No,Neutral,Pelanggan menanyakan rincian tagihan bulan berjalan.
T0001954,C001597,2026-04-23,Account,Email,14.1,No,Negative,Pelanggan kesulitan mengakses akun dan merasa proses terlalu rumit.
T0001955,C001597,2026-06-23,Billing,Call Center,11.9,Yes,Negative,Pelanggan keberatan dengan tagihan dan meminta penjelasan rinci.
T0001956,C001599,2025-09-03,Account,Mobile App,32.7,Yes,Negative,Pelanggan kesulitan mengakses akun dan merasa proses terlalu rumit.
T0001957,C001599,2026-08-02,Technical Support,WhatsApp,8.9,No,Neutral,Pelanggan meminta panduan konfigurasi perangkat.
T0001958,C001601,2026-05-28,Network,Call Center,0.5,No,Negative,Pelanggan mengeluhkan jaringan tidak stabil di area rumah.
T0001959,C001602,2026-06-11,Account,WhatsApp,14.9,No,Neutral,Permintaan perubahan data akun pelanggan.
T0001960,C001603,2026-07-11,Complaint,Mobile App,19.6,Yes,Negative,Pelanggan tidak puas dengan penyelesaian masalah sebelumnya.
T0001961,C001604,2026-08-23,Complaint,Call Center,16.1,No,Negative,Pelanggan tidak puas dengan penyelesaian masalah sebelumnya.
T0001962,C001604,2026-06-28,Network,Call Center,7.8,Yes,Neutral,Pelanggan menanyakan status gangguan jaringan di wilayahnya.
T0001963,C001605,2025-10-10,Technical Support,Call Center,1.0,Yes,Neutral,Pelanggan meminta panduan konfigurasi perangkat.
T0001964,C001605,2026-01-31,Network,Call Center,21.5,Yes,Negative,Koneksi sering terputus dan pelanggan meminta perbaikan segera.
T0001965,C001606,2026-06-17,Technical Support,WhatsApp,24.7,No,Negative,Masalah teknis berulang meskipun sebelumnya sudah ditangani.
T0001966,C001606,2025-12-10,Complaint,Call Center,18.4,Yes,Neutral,Keluhan diteruskan untuk investigasi lanjutan.
T0001967,C001608,2026-06-04,Account,WhatsApp,8.9,No,Neutral,Permintaan perubahan data akun pelanggan.
T0001968,C001610,2026-08-28,Technical Support,Call Center,15.4,No,Negative,Masalah teknis berulang meskipun sebelumnya sudah ditangani.
T0001969,C001610,2026-03-31,Billing,WhatsApp,20.8,Yes,Negative,Pelanggan keberatan dengan tagihan dan meminta penjelasan rinci.
T0001970,C001610,2026-08-26,Billing,WhatsApp,20.1,Yes,Negative,Pelanggan keberatan dengan tagihan dan meminta penjelasan rinci.
T0001971,C001610,2025-09-04,Complaint,Mobile App,21.7,No,Negative,Pelanggan tidak puas dengan penyelesaian masalah sebelumnya.
T0001972,C001610,2026-04-15,Account,Call Center,16.9,No,Negative,Pelanggan kesulitan mengakses akun dan merasa proses terlalu rumit.
T0001973,C001611,2025-09-11,Network,WhatsApp,23.4,No,Negative,Koneksi sering terputus dan pelanggan meminta perbaikan segera.
T0001974,C001611,2025-11-29,Billing,WhatsApp,16.5,No,Negative,Pelanggan keberatan dengan tagihan dan meminta penjelasan rinci.
T0001975,C001611,2026-02-05,Billing,WhatsApp,12.4,No,Negative,Pelanggan keberatan dengan tagihan dan meminta penjelasan rinci.
T0001976,C001612,2025-11-08,Technical Support,WhatsApp,34.8,Yes,Negative,Masalah teknis berulang meskipun sebelumnya sudah ditangani.
T0001977,C001612,2025-12-31,Network,Email,26.6,No,Negative,Koneksi sering terputus dan pelanggan meminta perbaikan segera.
T0001978,C001614,2026-07-22,Account,Email,12.4,No,Negative,Pelanggan kesulitan mengakses akun dan merasa proses terlalu rumit.
T0001979,C001616,2026-08-23,Complaint,Call Center,33.9,No,Negative,Pelanggan tidak puas dengan penyelesaian masalah sebelumnya.
T0001980,C001618,2026-04-14,Technical Support,Mobile App,9.8,Yes,Positive,Panduan teknis berhasil dan layanan dapat digunakan kembali.
T0001981,C001620,2026-03-31,Network,WhatsApp,15.2,No,Neutral,Pelanggan menanyakan status gangguan jaringan di wilayahnya.
T0001982,C001620,2025-12-09,Technical Support,Call Center,13.3,Yes,Neutral,Pelanggan meminta panduan konfigurasi perangkat.
T0001983,C001622,2026-02-26,Network,Call Center,21.4,Yes,Negative,Pelanggan mengeluhkan jaringan tidak stabil di area rumah.
T0001984,C001622,2026-03-05,Network,Call Center,29.9,Yes,Negative,Koneksi sering terputus dan pelanggan meminta perbaikan segera.
T0001985,C001623,2025-10-10,Technical Support,WhatsApp,24.0,Yes,Negative,Masalah teknis berulang meskipun sebelumnya sudah ditangani.
T0001986,C001624,2025-09-23,Complaint,Email,19.9,No,Negative,Pelanggan tidak puas dengan penyelesaian masalah sebelumnya.
T0001987,C001624,2025-11-27,Complaint,WhatsApp,25.8,No,Negative,Pelanggan tidak puas dengan penyelesaian masalah sebelumnya.
T0001988,C001625,2026-04-19,Technical Support,WhatsApp,15.3,Yes,Positive,Panduan teknis berhasil dan layanan dapat digunakan kembali.
T0001989,C001627,2025-09-13,Network,WhatsApp,17.9,Yes,Neutral,Pelanggan menanyakan status gangguan jaringan di wilayahnya.
T0001990,C001627,2026-07-05,Account,Email,7.5,Yes,Positive,Perubahan data akun berhasil dilakukan.
T0001991,C001628,2026-07-10,Technical Support,WhatsApp,19.5,Yes,Negative,Masalah teknis berulang meskipun sebelumnya sudah ditangani.
T0001992,C001628,2026-08-06,Complaint,Call Center,27.2,No,Negative,Pelanggan tidak puas dengan penyelesaian masalah sebelumnya.
T0001993,C001629,2026-08-11,Complaint,WhatsApp,20.1,No,Negative,Pelanggan tidak puas dengan penyelesaian masalah sebelumnya.
T0001994,C001629,2025-09-26,Complaint,WhatsApp,0.5,Yes,Neutral,Keluhan diteruskan untuk investigasi lanjutan.
T0001995,C001631,2026-07-25,Billing,WhatsApp,28.3,No,Negative,Pelanggan keberatan dengan tagihan dan meminta penjelasan rinci.
T0001996,C001631,2026-06-07,Technical Support,Call Center,24.9,No,Negative,Masalah teknis berulang meskipun sebelumnya sudah ditangani.
T0001997,C001632,2026-06-14,Network,Call Center,29.0,Yes,Negative,Pelanggan mengeluhkan jaringan tidak stabil di area rumah.
T0001998,C001634,2026-03-29,Technical Support,Mobile App,7.2,Yes,Neutral,Pelanggan meminta panduan konfigurasi perangkat.
T0001999,C001634,2026-05-11,Account,Call Center,22.9,Yes,Neutral,Permintaan perubahan data akun pelanggan.
T0002000,C001634,2026-07-02,Technical Support,Call Center,18.8,No,Positive,Panduan teknis berhasil dan layanan dapat digunakan kembali.
T0002001,C001634,2026-05-27,Complaint,Mobile App,13.1,Yes,Neutral,Keluhan diteruskan untuk investigasi lanjutan.
T0002002,C001635,2025-10-05,Network,WhatsApp,17.0,No,Negative,Koneksi sering terputus dan pelanggan meminta perbaikan segera.
T0002003,C001635,2025-11-25,Technical Support,Mobile App,14.6,No,Negative,Masalah teknis berulang meskipun sebelumnya sudah ditangani.
T0002004,C001635,2026-06-16,Complaint,Mobile App,20.7,Yes,Negative,Pelanggan tidak puas dengan penyelesaian masalah sebelumnya.
T0002005,C001636,2026-03-22,Account,Call Center,22.5,No,Neutral,Permintaan perubahan data akun pelanggan.
T0002006,C001638,2026-01-23,Network,Call Center,21.8,No,Positive,Gangguan jaringan telah selesai dan layanan kembali normal.
T0002007,C001640,2025-11-13,Network,WhatsApp,11.2,Yes,Positive,Gangguan jaringan telah selesai dan layanan kembali normal.
T0002008,C001641,2026-07-18,Network,WhatsApp,8.6,No,Neutral,Pelanggan menanyakan status gangguan jaringan di wilayahnya.
T0002009,C001641,2026-01-19,Complaint,Mobile App,14.4,Yes,Negative,Pelanggan tidak puas dengan penyelesaian masalah sebelumnya.
T0002010,C001642,2026-06-06,Network,Call Center,0.5,Yes,Neutral,Pelanggan menanyakan status gangguan jaringan di wilayahnya.
T0002011,C001642,2026-06-22,Network,Email,20.4,No,Neutral,Pelanggan menanyakan status gangguan jaringan di wilayahnya.
T0002012,C001643,2025-12-14,Network,Call Center,12.5,Yes,Negative,Koneksi sering terputus dan pelanggan meminta perbaikan segera.
T0002013,C001644,2026-08-05,Technical Support,Mobile App,25.8,Yes,Positive,Panduan teknis berhasil dan layanan dapat digunakan kembali.
T0002014,C001644,2026-07-09,Technical Support,Call Center,16.1,No,Negative,Masalah teknis berulang meskipun sebelumnya sudah ditangani.
T0002015,C001645,2025-12-26,Billing,Call Center,27.2,No,Negative,Terdapat selisih pada tagihan bulanan yang dikeluhkan pelanggan.
T0002016,C001645,2026-01-01,Network,Call Center,20.9,Yes,Negative,Koneksi sering terputus dan pelanggan meminta perbaikan segera.
T0002017,C001649,2025-12-19,Billing,Call Center,11.2,Yes,Positive,Penjelasan tagihan diterima dan masalah dinyatakan selesai.
T0002018,C001649,2026-07-30,Network,Call Center,8.6,Yes,Positive,Gangguan jaringan telah selesai dan layanan kembali normal.
T0002019,C001649,2026-05-26,Account,WhatsApp,12.8,Yes,Negative,Pelanggan kesulitan mengakses akun dan merasa proses terlalu rumit.
T0002020,C001650,2025-10-07,Billing,Email,4.9,Yes,Neutral,Pelanggan menanyakan rincian tagihan bulan berjalan.
T0002021,C001650,2026-07-02,Account,WhatsApp,2.2,Yes,Neutral,Permintaan perubahan data akun pelanggan.
T0002022,C001651,2026-01-02,Billing,Call Center,19.1,No,Neutral,Pelanggan menanyakan rincian tagihan bulan berjalan.
T0002023,C001652,2026-02-04,Complaint,WhatsApp,12.0,Yes,Neutral,Keluhan diteruskan untuk investigasi lanjutan.
T0002024,C001652,2026-01-27,Billing,Mobile App,0.5,Yes,Neutral,Pelanggan menanyakan rincian tagihan bulan berjalan.
T0002025,C001653,2026-01-09,Technical Support,Mobile App,20.7,Yes,Neutral,Pelanggan meminta panduan konfigurasi perangkat.
T0002026,C001655,2026-08-08,Account,WhatsApp,26.5,No,Negative,Pelanggan kesulitan mengakses akun dan merasa proses terlalu rumit.
T0002027,C001655,2026-04-19,Complaint,Email,16.3,No,Positive,Keluhan telah ditangani dan pelanggan menerima solusi.
T0002028,C001657,2025-10-20,Account,Call Center,0.5,Yes,Neutral,Permintaan perubahan data akun pelanggan.
T0002029,C001657,2025-10-01,Technical Support,WhatsApp,13.5,Yes,Negative,Masalah teknis berulang meskipun sebelumnya sudah ditangani.
T0002030,C001657,2026-04-09,Network,WhatsApp,25.3,Yes,Negative,Koneksi sering terputus dan pelanggan meminta perbaikan segera.
T0002031,C001657,2026-06-26,Technical Support,Mobile App,3.1,No,Neutral,Pelanggan meminta panduan konfigurasi perangkat.
T0002032,C001658,2025-09-29,Billing,Call Center,23.2,Yes,Neutral,Pelanggan menanyakan rincian tagihan bulan berjalan.
T0002033,C001659,2026-08-20,Billing,Call Center,28.2,Yes,Negative,Terdapat selisih pada tagihan bulanan yang dikeluhkan pelanggan.
T0002034,C001659,2026-08-03,Complaint,Mobile App,12.0,No,Negative,Pelanggan tidak puas dengan penyelesaian masalah sebelumnya.
T0002035,C001659,2026-05-02,Network,Call Center,20.5,No,Negative,Koneksi sering terputus dan pelanggan meminta perbaikan segera.
T0002036,C001659,2026-06-22,Network,Mobile App,33.2,No,Negative,Koneksi sering terputus dan pelanggan meminta perbaikan segera.
T0002037,C001659,2025-11-18,Technical Support,Call Center,24.9,Yes,Negative,Masalah teknis berulang meskipun sebelumnya sudah ditangani.
T0002038,C001660,2026-06-12,Billing,Call Center,28.5,No,Negative,Pelanggan keberatan dengan tagihan dan meminta penjelasan rinci.
T0002039,C001662,2026-06-05,Complaint,Call Center,14.3,Yes,Positive,Keluhan telah ditangani dan pelanggan menerima solusi.
T0002040,C001664,2026-02-25,Network,Mobile App,16.5,No,Negative,Pelanggan mengeluhkan jaringan tidak stabil di area rumah.
T0002041,C001665,2026-02-27,Technical Support,Mobile App,23.3,No,Negative,Masalah teknis berulang meskipun sebelumnya sudah ditangani.
T0002042,C001665,2025-10-18,Billing,Call Center,23.2,Yes,Negative,Terdapat selisih pada tagihan bulanan yang dikeluhkan pelanggan.
T0002043,C001666,2026-08-02,Billing,Call Center,19.3,Yes,Negative,Pelanggan keberatan dengan tagihan dan meminta penjelasan rinci.
T0002044,C001668,2026-05-01,Technical Support,Mobile App,17.3,Yes,Negative,Masalah teknis berulang meskipun sebelumnya sudah ditangani.
T0002045,C001669,2025-11-24,Network,Email,25.5,No,Negative,Koneksi sering terputus dan pelanggan meminta perbaikan segera.
T0002046,C001669,2026-07-03,Technical Support,Call Center,20.3,No,Negative,Masalah teknis berulang meskipun sebelumnya sudah ditangani.
T0002047,C001671,2026-08-26,Technical Support,Call Center,10.2,No,Negative,Masalah teknis berulang meskipun sebelumnya sudah ditangani.
T0002048,C001672,2026-03-26,Network,WhatsApp,12.7,Yes,Positive,Gangguan jaringan telah selesai dan layanan kembali normal.
T0002049,C001673,2026-03-13,Billing,Email,22.7,No,Negative,Pelanggan keberatan dengan tagihan dan meminta penjelasan rinci.
T0002050,C001673,2025-09-17,Network,Mobile App,5.8,Yes,Positive,Gangguan jaringan telah selesai dan layanan kembali normal.
T0002051,C001673,2026-02-08,Network,Call Center,11.6,Yes,Positive,Gangguan jaringan telah selesai dan layanan kembali normal.
T0002052,C001674,2026-02-11,Complaint,Mobile App,32.8,No,Negative,Pelanggan tidak puas dengan penyelesaian masalah sebelumnya.
T0002053,C001675,2026-01-26,Technical Support,Call Center,41.1,No,Negative,Masalah teknis berulang meskipun sebelumnya sudah ditangani.
T0002054,C001676,2026-05-29,Account,WhatsApp,16.0,Yes,Neutral,Permintaan perubahan data akun pelanggan.
T0002055,C001677,2025-11-28,Billing,Mobile App,23.4,No,Negative,Terdapat selisih pada tagihan bulanan yang dikeluhkan pelanggan.
T0002056,C001677,2026-03-10,Technical Support,Call Center,19.5,Yes,Neutral,Pelanggan meminta panduan konfigurasi perangkat.
T0002057,C001677,2026-03-07,Account,Mobile App,18.5,No,Negative,Pelanggan kesulitan mengakses akun dan merasa proses terlalu rumit.
T0002058,C001678,2025-11-30,Technical Support,WhatsApp,18.7,No,Neutral,Pelanggan meminta panduan konfigurasi perangkat.
T0002059,C001678,2026-05-11,Account,Call Center,15.4,Yes,Positive,Perubahan data akun berhasil dilakukan.
T0002060,C001680,2026-08-29,Network,Call Center,34.6,No,Negative,Pelanggan mengeluhkan jaringan tidak stabil di area rumah.
T0002061,C001680,2025-10-15,Account,Email,0.5,No,Negative,Pelanggan kesulitan mengakses akun dan merasa proses terlalu rumit.
T0002062,C001680,2026-08-25,Billing,WhatsApp,8.1,Yes,Negative,Terdapat selisih pada tagihan bulanan yang dikeluhkan pelanggan.
T0002063,C001682,2026-06-09,Account,Call Center,17.0,No,Negative,Pelanggan kesulitan mengakses akun dan merasa proses terlalu rumit.
T0002064,C001683,2026-01-07,Network,Call Center,27.3,Yes,Negative,Pelanggan mengeluhkan jaringan tidak stabil di area rumah.
T0002065,C001685,2026-08-13,Billing,Email,24.7,Yes,Negative,Terdapat selisih pada tagihan bulanan yang dikeluhkan pelanggan.
T0002066,C001686,2026-06-30,Billing,Call Center,19.4,Yes,Negative,Pelanggan keberatan dengan tagihan dan meminta penjelasan rinci.
T0002067,C001686,2026-02-12,Billing,Email,23.3,No,Negative,Pelanggan keberatan dengan tagihan dan meminta penjelasan rinci.
T0002068,C001687,2026-04-08,Complaint,Call Center,30.5,No,Negative,Pelanggan tidak puas dengan penyelesaian masalah sebelumnya.
T0002069,C001688,2026-05-16,Billing,WhatsApp,24.6,Yes,Negative,Terdapat selisih pada tagihan bulanan yang dikeluhkan pelanggan.
T0002070,C001688,2025-10-24,Technical Support,Email,26.4,No,Negative,Masalah teknis berulang meskipun sebelumnya sudah ditangani.
T0002071,C001688,2026-07-03,Network,Call Center,22.0,No,Negative,Pelanggan mengeluhkan jaringan tidak stabil di area rumah.
T0002072,C001689,2026-08-14,Network,Mobile App,17.5,Yes,Negative,Pelanggan mengeluhkan jaringan tidak stabil di area rumah.
T0002073,C001689,2026-02-25,Billing,Mobile App,18.6,No,Negative,Pelanggan keberatan dengan tagihan dan meminta penjelasan rinci.
T0002074,C001690,2025-11-07,Technical Support,Mobile App,13.8,No,Negative,Masalah teknis berulang meskipun sebelumnya sudah ditangani.
T0002075,C001690,2026-08-29,Network,Mobile App,2.6,Yes,Neutral,Pelanggan menanyakan status gangguan jaringan di wilayahnya.
T0002076,C001690,2026-07-27,Technical Support,Call Center,19.9,Yes,Positive,Panduan teknis berhasil dan layanan dapat digunakan kembali.
T0002077,C001692,2025-09-11,Network,Mobile App,8.8,No,Neutral,Pelanggan menanyakan status gangguan jaringan di wilayahnya.
T0002078,C001693,2026-02-13,Complaint,WhatsApp,43.0,No,Negative,Pelanggan tidak puas dengan penyelesaian masalah sebelumnya.
T0002079,C001693,2025-11-10,Account,Call Center,26.1,Yes,Negative,Pelanggan kesulitan mengakses akun dan merasa proses terlalu rumit.
T0002080,C001693,2026-01-02,Technical Support,Call Center,3.7,Yes,Negative,Masalah teknis berulang meskipun sebelumnya sudah ditangani.
T0002081,C001695,2025-10-30,Technical Support,WhatsApp,21.8,Yes,Negative,Masalah teknis berulang meskipun sebelumnya sudah ditangani.
T0002082,C001695,2025-09-04,Complaint,Call Center,19.9,Yes,Negative,Pelanggan tidak puas dengan penyelesaian masalah sebelumnya.
T0002083,C001697,2025-09-23,Technical Support,WhatsApp,21.8,Yes,Negative,Masalah teknis berulang meskipun sebelumnya sudah ditangani.
T0002084,C001697,2026-04-30,Billing,Email,13.9,Yes,Negative,Terdapat selisih pada tagihan bulanan yang dikeluhkan pelanggan.
T0002085,C001699,2026-01-07,Network,Mobile App,23.0,No,Negative,Pelanggan mengeluhkan jaringan tidak stabil di area rumah.
T0002086,C001700,2026-04-01,Network,Mobile App,9.2,Yes,Neutral,Pelanggan menanyakan status gangguan jaringan di wilayahnya.
T0002087,C001700,2026-08-30,Billing,Email,9.4,Yes,Neutral,Pelanggan menanyakan rincian tagihan bulan berjalan.
T0002088,C001701,2025-09-27,Billing,WhatsApp,21.0,No,Negative,Pelanggan keberatan dengan tagihan dan meminta penjelasan rinci.
T0002089,C001701,2026-01-22,Billing,Mobile App,16.7,No,Negative,Terdapat selisih pada tagihan bulanan yang dikeluhkan pelanggan.
T0002090,C001702,2026-06-24,Billing,WhatsApp,7.0,Yes,Positive,Penjelasan tagihan diterima dan masalah dinyatakan selesai.
T0002091,C001702,2026-04-18,Account,WhatsApp,16.1,No,Negative,Pelanggan kesulitan mengakses akun dan merasa proses terlalu rumit.
T0002092,C001704,2026-03-14,Network,Call Center,29.4,No,Negative,Koneksi sering terputus dan pelanggan meminta perbaikan segera.
T0002093,C001704,2025-09-27,Network,Call Center,15.3,Yes,Neutral,Pelanggan menanyakan status gangguan jaringan di wilayahnya.
T0002094,C001704,2026-07-26,Account,Call Center,11.2,Yes,Neutral,Permintaan perubahan data akun pelanggan.
T0002095,C001705,2026-07-16,Billing,Mobile App,15.4,Yes,Neutral,Pelanggan menanyakan rincian tagihan bulan berjalan.
T0002096,C001706,2025-12-16,Network,Call Center,34.0,Yes,Negative,Koneksi sering terputus dan pelanggan meminta perbaikan segera.
T0002097,C001708,2025-12-16,Network,Call Center,0.5,Yes,Positive,Gangguan jaringan telah selesai dan layanan kembali normal.
T0002098,C001709,2026-06-15,Billing,Email,22.8,Yes,Negative,Pelanggan keberatan dengan tagihan dan meminta penjelasan rinci.
T0002099,C001709,2026-07-17,Complaint,Email,14.5,Yes,Positive,Keluhan telah ditangani dan pelanggan menerima solusi.
T0002100,C001710,2025-10-28,Complaint,WhatsApp,27.5,Yes,Negative,Pelanggan tidak puas dengan penyelesaian masalah sebelumnya.
T0002101,C001713,2026-02-16,Network,Mobile App,24.5,Yes,Negative,Pelanggan mengeluhkan jaringan tidak stabil di area rumah.
T0002102,C001716,2026-07-10,Billing,WhatsApp,0.5,Yes,Positive,Penjelasan tagihan diterima dan masalah dinyatakan selesai.
T0002103,C001716,2026-04-12,Billing,WhatsApp,26.0,No,Positive,Penjelasan tagihan diterima dan masalah dinyatakan selesai.
T0002104,C001718,2026-01-12,Account,WhatsApp,0.5,No,Neutral,Permintaan perubahan data akun pelanggan.
T0002105,C001719,2025-12-10,Billing,Call Center,25.8,Yes,Negative,Pelanggan keberatan dengan tagihan dan meminta penjelasan rinci.
T0002106,C001719,2026-02-23,Complaint,WhatsApp,19.4,Yes,Negative,Pelanggan tidak puas dengan penyelesaian masalah sebelumnya.
T0002107,C001720,2026-03-07,Network,Call Center,24.3,No,Negative,Pelanggan mengeluhkan jaringan tidak stabil di area rumah.
T0002108,C001721,2026-05-10,Network,Call Center,28.0,No,Negative,Pelanggan mengeluhkan jaringan tidak stabil di area rumah.
T0002109,C001721,2026-04-24,Complaint,WhatsApp,28.1,No,Negative,Pelanggan tidak puas dengan penyelesaian masalah sebelumnya.
T0002110,C001721,2025-11-18,Network,Mobile App,30.6,No,Negative,Pelanggan mengeluhkan jaringan tidak stabil di area rumah.
T0002111,C001722,2025-10-05,Complaint,WhatsApp,15.5,No,Positive,Keluhan telah ditangani dan pelanggan menerima solusi.
T0002112,C001722,2025-11-20,Billing,Mobile App,12.1,No,Positive,Penjelasan tagihan diterima dan masalah dinyatakan selesai.
T0002113,C001722,2026-06-12,Account,Mobile App,11.1,Yes,Negative,Pelanggan kesulitan mengakses akun dan merasa proses terlalu rumit.
T0002114,C001725,2026-04-19,Account,Call Center,6.2,No,Positive,Perubahan data akun berhasil dilakukan.
T0002115,C001725,2026-01-19,Network,Mobile App,9.8,No,Negative,Pelanggan mengeluhkan jaringan tidak stabil di area rumah.
T0002116,C001727,2025-09-19,Technical Support,WhatsApp,28.5,Yes,Negative,Masalah teknis berulang meskipun sebelumnya sudah ditangani.
T0002117,C001727,2026-02-18,Billing,Call Center,29.5,Yes,Negative,Pelanggan keberatan dengan tagihan dan meminta penjelasan rinci.
T0002118,C001728,2026-02-01,Network,Email,10.2,No,Positive,Gangguan jaringan telah selesai dan layanan kembali normal.
T0002119,C001729,2025-09-12,Technical Support,Email,14.2,No,Neutral,Pelanggan meminta panduan konfigurasi perangkat.
T0002120,C001730,2026-08-14,Account,WhatsApp,16.1,No,Negative,Pelanggan kesulitan mengakses akun dan merasa proses terlalu rumit.
T0002121,C001731,2026-04-25,Billing,Call Center,26.3,No,Negative,Pelanggan keberatan dengan tagihan dan meminta penjelasan rinci.
T0002122,C001731,2025-11-22,Network,Call Center,25.6,Yes,Negative,Pelanggan mengeluhkan jaringan tidak stabil di area rumah.
T0002123,C001731,2026-03-17,Account,Call Center,20.2,No,Negative,Pelanggan kesulitan mengakses akun dan merasa proses terlalu rumit.
T0002124,C001732,2026-05-22,Billing,Mobile App,15.4,No,Neutral,Pelanggan menanyakan rincian tagihan bulan berjalan.
T0002125,C001732,2026-03-14,Network,Call Center,11.9,No,Negative,Koneksi sering terputus dan pelanggan meminta perbaikan segera.
T0002126,C001733,2025-11-19,Complaint,Mobile App,3.8,Yes,Positive,Keluhan telah ditangani dan pelanggan menerima solusi.
T0002127,C001734,2025-10-09,Technical Support,Call Center,24.2,No,Negative,Masalah teknis berulang meskipun sebelumnya sudah ditangani.
T0002128,C001735,2025-12-12,Billing,WhatsApp,33.1,Yes,Negative,Terdapat selisih pada tagihan bulanan yang dikeluhkan pelanggan.
T0002129,C001736,2026-08-16,Technical Support,Mobile App,12.6,No,Negative,Masalah teknis berulang meskipun sebelumnya sudah ditangani.
T0002130,C001737,2026-06-11,Account,Email,19.0,No,Negative,Pelanggan kesulitan mengakses akun dan merasa proses terlalu rumit.
T0002131,C001738,2026-06-06,Complaint,Mobile App,24.6,No,Negative,Pelanggan tidak puas dengan penyelesaian masalah sebelumnya.
T0002132,C001739,2025-11-30,Complaint,WhatsApp,0.5,Yes,Positive,Keluhan telah ditangani dan pelanggan menerima solusi.
T0002133,C001740,2025-12-09,Billing,Call Center,11.2,Yes,Negative,Pelanggan keberatan dengan tagihan dan meminta penjelasan rinci.
T0002134,C001741,2025-11-12,Account,Mobile App,2.2,Yes,Neutral,Permintaan perubahan data akun pelanggan.
T0002135,C001742,2026-05-16,Account,Call Center,5.3,No,Neutral,Permintaan perubahan data akun pelanggan.
T0002136,C001742,2026-06-26,Network,Call Center,15.8,Yes,Negative,Koneksi sering terputus dan pelanggan meminta perbaikan segera.
T0002137,C001745,2026-08-16,Billing,WhatsApp,21.3,No,Negative,Pelanggan keberatan dengan tagihan dan meminta penjelasan rinci.
T0002138,C001746,2026-08-12,Account,Call Center,22.2,No,Negative,Pelanggan kesulitan mengakses akun dan merasa proses terlalu rumit.
T0002139,C001746,2026-04-16,Billing,Call Center,21.0,Yes,Negative,Pelanggan keberatan dengan tagihan dan meminta penjelasan rinci.
T0002140,C001747,2025-09-10,Network,WhatsApp,17.7,Yes,Neutral,Pelanggan menanyakan status gangguan jaringan di wilayahnya.
T0002141,C001747,2025-09-22,Billing,WhatsApp,18.9,Yes,Negative,Pelanggan keberatan dengan tagihan dan meminta penjelasan rinci.
T0002142,C001747,2026-08-18,Network,WhatsApp,11.1,No,Negative,Pelanggan mengeluhkan jaringan tidak stabil di area rumah.
T0002143,C001748,2026-02-01,Billing,Call Center,14.7,No,Negative,Pelanggan keberatan dengan tagihan dan meminta penjelasan rinci.
T0002144,C001748,2025-12-04,Billing,Mobile App,19.9,Yes,Negative,Terdapat selisih pada tagihan bulanan yang dikeluhkan pelanggan.
T0002145,C001750,2025-11-14,Complaint,Email,17.9,Yes,Negative,Pelanggan tidak puas dengan penyelesaian masalah sebelumnya.
T0002146,C001750,2025-10-16,Network,Call Center,29.8,No,Negative,Koneksi sering terputus dan pelanggan meminta perbaikan segera.
T0002147,C001751,2026-05-10,Network,Call Center,21.9,Yes,Negative,Koneksi sering terputus dan pelanggan meminta perbaikan segera.
T0002148,C001752,2025-09-30,Complaint,Mobile App,33.0,No,Negative,Pelanggan tidak puas dengan penyelesaian masalah sebelumnya.
T0002149,C001752,2026-01-24,Account,WhatsApp,29.5,Yes,Negative,Pelanggan kesulitan mengakses akun dan merasa proses terlalu rumit.
T0002150,C001753,2025-09-12,Billing,Call Center,18.3,No,Negative,Terdapat selisih pada tagihan bulanan yang dikeluhkan pelanggan.
T0002151,C001753,2026-07-28,Complaint,Mobile App,11.5,Yes,Negative,Pelanggan tidak puas dengan penyelesaian masalah sebelumnya.
T0002152,C001753,2026-01-17,Complaint,Call Center,26.6,No,Negative,Pelanggan tidak puas dengan penyelesaian masalah sebelumnya.
T0002153,C001756,2026-01-25,Network,Email,20.2,Yes,Negative,Pelanggan mengeluhkan jaringan tidak stabil di area rumah.
T0002154,C001756,2025-10-10,Network,Mobile App,21.7,Yes,Negative,Koneksi sering terputus dan pelanggan meminta perbaikan segera.
T0002155,C001756,2025-12-12,Network,Call Center,16.1,No,Neutral,Pelanggan menanyakan status gangguan jaringan di wilayahnya.
T0002156,C001758,2025-12-29,Network,WhatsApp,16.4,Yes,Neutral,Pelanggan menanyakan status gangguan jaringan di wilayahnya.
T0002157,C001758,2026-01-04,Network,Mobile App,1.9,Yes,Neutral,Pelanggan menanyakan status gangguan jaringan di wilayahnya.
T0002158,C001759,2025-10-14,Billing,Call Center,15.9,No,Neutral,Pelanggan menanyakan rincian tagihan bulan berjalan.
T0002159,C001759,2026-06-01,Account,WhatsApp,3.7,Yes,Neutral,Permintaan perubahan data akun pelanggan.
T0002160,C001760,2026-08-19,Account,WhatsApp,0.5,Yes,Negative,Pelanggan kesulitan mengakses akun dan merasa proses terlalu rumit.
T0002161,C001760,2026-08-18,Network,Call Center,25.6,Yes,Neutral,Pelanggan menanyakan status gangguan jaringan di wilayahnya.
T0002162,C001761,2026-07-12,Technical Support,Mobile App,16.6,No,Negative,Masalah teknis berulang meskipun sebelumnya sudah ditangani.
T0002163,C001762,2025-12-16,Complaint,Call Center,10.5,Yes,Neutral,Keluhan diteruskan untuk investigasi lanjutan.
T0002164,C001762,2026-08-19,Technical Support,Call Center,9.9,Yes,Positive,Panduan teknis berhasil dan layanan dapat digunakan kembali.
T0002165,C001764,2026-01-07,Billing,Call Center,13.7,Yes,Neutral,Pelanggan menanyakan rincian tagihan bulan berjalan.
T0002166,C001764,2025-11-26,Network,Email,6.7,Yes,Neutral,Pelanggan menanyakan status gangguan jaringan di wilayahnya.
T0002167,C001764,2025-12-12,Technical Support,WhatsApp,6.2,Yes,Positive,Panduan teknis berhasil dan layanan dapat digunakan kembali.
T0002168,C001764,2026-07-25,Account,Email,11.7,Yes,Negative,Pelanggan kesulitan mengakses akun dan merasa proses terlalu rumit.
T0002169,C001765,2026-06-22,Technical Support,Email,38.0,No,Negative,Masalah teknis berulang meskipun sebelumnya sudah ditangani.
T0002170,C001765,2026-06-07,Network,Mobile App,19.4,Yes,Negative,Koneksi sering terputus dan pelanggan meminta perbaikan segera.
T0002171,C001765,2026-08-27,Account,Call Center,11.2,Yes,Neutral,Permintaan perubahan data akun pelanggan.
T0002172,C001766,2026-04-19,Network,Mobile App,10.4,No,Negative,Koneksi sering terputus dan pelanggan meminta perbaikan segera.
T0002173,C001767,2026-05-03,Network,Call Center,17.1,No,Negative,Pelanggan mengeluhkan jaringan tidak stabil di area rumah.
T0002174,C001767,2025-09-18,Complaint,Email,13.4,Yes,Negative,Pelanggan tidak puas dengan penyelesaian masalah sebelumnya.
T0002175,C001767,2026-02-09,Complaint,Call Center,27.4,No,Negative,Pelanggan tidak puas dengan penyelesaian masalah sebelumnya.
T0002176,C001767,2026-07-18,Billing,WhatsApp,21.9,No,Neutral,Pelanggan menanyakan rincian tagihan bulan berjalan.
T0002177,C001768,2025-10-17,Billing,Email,17.6,No,Positive,Penjelasan tagihan diterima dan masalah dinyatakan selesai.
T0002178,C001771,2026-03-26,Network,WhatsApp,9.8,No,Negative,Koneksi sering terputus dan pelanggan meminta perbaikan segera.
T0002179,C001771,2026-03-05,Account,Call Center,15.7,Yes,Negative,Pelanggan kesulitan mengakses akun dan merasa proses terlalu rumit.
T0002180,C001771,2026-03-09,Billing,WhatsApp,24.6,No,Negative,Terdapat selisih pada tagihan bulanan yang dikeluhkan pelanggan.
T0002181,C001773,2026-01-18,Technical Support,WhatsApp,11.2,Yes,Neutral,Pelanggan meminta panduan konfigurasi perangkat.
T0002182,C001774,2025-09-09,Complaint,Call Center,30.1,Yes,Negative,Pelanggan tidak puas dengan penyelesaian masalah sebelumnya.
T0002183,C001774,2026-05-23,Complaint,Email,13.2,Yes,Positive,Keluhan telah ditangani dan pelanggan menerima solusi.
T0002184,C001776,2025-11-27,Network,Call Center,11.2,Yes,Negative,Koneksi sering terputus dan pelanggan meminta perbaikan segera.
T0002185,C001776,2025-10-31,Network,Mobile App,9.8,Yes,Negative,Pelanggan mengeluhkan jaringan tidak stabil di area rumah.
T0002186,C001778,2026-07-04,Network,Call Center,11.3,No,Negative,Pelanggan mengeluhkan jaringan tidak stabil di area rumah.
T0002187,C001778,2026-01-30,Billing,Call Center,17.7,No,Negative,Pelanggan keberatan dengan tagihan dan meminta penjelasan rinci.
T0002188,C001778,2026-05-29,Billing,WhatsApp,26.8,Yes,Negative,Pelanggan keberatan dengan tagihan dan meminta penjelasan rinci.
T0002189,C001779,2026-05-27,Account,WhatsApp,17.4,Yes,Negative,Pelanggan kesulitan mengakses akun dan merasa proses terlalu rumit.
T0002190,C001779,2026-06-10,Network,Email,25.8,No,Negative,Pelanggan mengeluhkan jaringan tidak stabil di area rumah.
T0002191,C001779,2025-12-20,Technical Support,Email,11.0,Yes,Negative,Masalah teknis berulang meskipun sebelumnya sudah ditangani.
T0002192,C001779,2026-08-13,Network,Call Center,10.3,Yes,Negative,Koneksi sering terputus dan pelanggan meminta perbaikan segera.
T0002193,C001782,2026-03-01,Complaint,Mobile App,14.5,Yes,Positive,Keluhan telah ditangani dan pelanggan menerima solusi.
T0002194,C001782,2026-06-25,Network,Call Center,24.2,No,Negative,Pelanggan mengeluhkan jaringan tidak stabil di area rumah.
T0002195,C001783,2026-02-22,Billing,Mobile App,10.9,No,Negative,Terdapat selisih pada tagihan bulanan yang dikeluhkan pelanggan.
T0002196,C001784,2026-07-30,Billing,WhatsApp,19.4,No,Positive,Penjelasan tagihan diterima dan masalah dinyatakan selesai.
T0002197,C001785,2026-07-19,Complaint,WhatsApp,19.2,No,Negative,Pelanggan tidak puas dengan penyelesaian masalah sebelumnya.
T0002198,C001785,2026-06-25,Network,Email,26.9,Yes,Negative,Koneksi sering terputus dan pelanggan meminta perbaikan segera.
T0002199,C001788,2026-07-30,Billing,WhatsApp,24.2,No,Negative,Terdapat selisih pada tagihan bulanan yang dikeluhkan pelanggan.
T0002200,C001789,2026-06-21,Billing,Email,0.5,Yes,Positive,Penjelasan tagihan diterima dan masalah dinyatakan selesai.
T0002201,C001790,2025-12-06,Billing,WhatsApp,8.9,Yes,Neutral,Pelanggan menanyakan rincian tagihan bulan berjalan.
T0002202,C001793,2026-01-18,Complaint,WhatsApp,9.7,No,Positive,Keluhan telah ditangani dan pelanggan menerima solusi.
T0002203,C001795,2025-10-24,Billing,Email,5.3,Yes,Neutral,Pelanggan menanyakan rincian tagihan bulan berjalan.
T0002204,C001798,2026-01-12,Complaint,Mobile App,22.7,Yes,Neutral,Keluhan diteruskan untuk investigasi lanjutan.
T0002205,C001798,2025-11-08,Technical Support,Email,18.5,No,Positive,Panduan teknis berhasil dan layanan dapat digunakan kembali.
T0002206,C001799,2026-04-27,Billing,WhatsApp,6.6,Yes,Negative,Terdapat selisih pada tagihan bulanan yang dikeluhkan pelanggan.
T0002207,C001800,2026-08-13,Technical Support,WhatsApp,21.0,Yes,Negative,Masalah teknis berulang meskipun sebelumnya sudah ditangani.
T0002208,C001801,2026-07-20,Technical Support,Call Center,23.1,No,Negative,Masalah teknis berulang meskipun sebelumnya sudah ditangani.
T0002209,C001801,2026-02-04,Network,Email,9.7,No,Positive,Gangguan jaringan telah selesai dan layanan kembali normal.
T0002210,C001802,2026-01-24,Complaint,Mobile App,5.1,No,Neutral,Keluhan diteruskan untuk investigasi lanjutan.
T0002211,C001804,2025-11-26,Billing,Call Center,29.6,Yes,Negative,Terdapat selisih pada tagihan bulanan yang dikeluhkan pelanggan.
T0002212,C001805,2026-06-18,Complaint,WhatsApp,3.7,No,Positive,Keluhan telah ditangani dan pelanggan menerima solusi.
T0002213,C001807,2026-08-17,Technical Support,Call Center,16.3,No,Neutral,Pelanggan meminta panduan konfigurasi perangkat.
T0002214,C001811,2026-06-01,Complaint,Call Center,21.3,No,Negative,Pelanggan tidak puas dengan penyelesaian masalah sebelumnya.
T0002215,C001811,2026-05-07,Billing,Call Center,13.1,No,Positive,Penjelasan tagihan diterima dan masalah dinyatakan selesai.
T0002216,C001812,2026-07-08,Network,WhatsApp,24.1,Yes,Negative,Pelanggan mengeluhkan jaringan tidak stabil di area rumah.
T0002217,C001816,2025-10-21,Billing,WhatsApp,4.8,Yes,Positive,Penjelasan tagihan diterima dan masalah dinyatakan selesai.
T0002218,C001817,2026-05-15,Network,Call Center,14.0,Yes,Negative,Koneksi sering terputus dan pelanggan meminta perbaikan segera.
T0002219,C001817,2026-08-12,Network,WhatsApp,13.5,Yes,Negative,Koneksi sering terputus dan pelanggan meminta perbaikan segera.
T0002220,C001818,2026-06-27,Network,Call Center,14.3,No,Negative,Pelanggan mengeluhkan jaringan tidak stabil di area rumah.
T0002221,C001819,2026-05-05,Technical Support,Mobile App,20.2,Yes,Negative,Masalah teknis berulang meskipun sebelumnya sudah ditangani.
T0002222,C001821,2026-07-03,Billing,Email,15.0,No,Negative,Pelanggan keberatan dengan tagihan dan meminta penjelasan rinci.
T0002223,C001822,2025-10-05,Network,Email,13.5,No,Negative,Pelanggan mengeluhkan jaringan tidak stabil di area rumah.
T0002224,C001823,2026-05-10,Complaint,Call Center,31.1,Yes,Negative,Pelanggan tidak puas dengan penyelesaian masalah sebelumnya.
T0002225,C001827,2026-07-05,Technical Support,WhatsApp,18.1,Yes,Negative,Masalah teknis berulang meskipun sebelumnya sudah ditangani.
T0002226,C001827,2025-10-15,Complaint,Call Center,15.6,Yes,Positive,Keluhan telah ditangani dan pelanggan menerima solusi.
T0002227,C001828,2026-06-24,Network,Mobile App,6.3,No,Neutral,Pelanggan menanyakan status gangguan jaringan di wilayahnya.
T0002228,C001830,2025-09-21,Complaint,Call Center,29.9,No,Negative,Pelanggan tidak puas dengan penyelesaian masalah sebelumnya.
T0002229,C001831,2026-05-16,Network,Call Center,37.6,No,Negative,Pelanggan mengeluhkan jaringan tidak stabil di area rumah.
T0002230,C001831,2026-06-22,Technical Support,Mobile App,18.8,Yes,Positive,Panduan teknis berhasil dan layanan dapat digunakan kembali.
T0002231,C001832,2026-01-03,Network,WhatsApp,37.8,No,Negative,Pelanggan mengeluhkan jaringan tidak stabil di area rumah.
T0002232,C001832,2026-03-19,Network,WhatsApp,24.8,Yes,Negative,Pelanggan mengeluhkan jaringan tidak stabil di area rumah.
T0002233,C001834,2025-11-05,Network,WhatsApp,10.6,Yes,Neutral,Pelanggan menanyakan status gangguan jaringan di wilayahnya.
T0002234,C001834,2025-10-11,Complaint,WhatsApp,2.6,Yes,Neutral,Keluhan diteruskan untuk investigasi lanjutan.
T0002235,C001836,2026-07-07,Billing,WhatsApp,18.1,No,Negative,Terdapat selisih pada tagihan bulanan yang dikeluhkan pelanggan.
T0002236,C001837,2026-08-26,Billing,Mobile App,13.8,Yes,Positive,Penjelasan tagihan diterima dan masalah dinyatakan selesai.
T0002237,C001837,2026-04-04,Billing,Email,27.7,No,Negative,Pelanggan keberatan dengan tagihan dan meminta penjelasan rinci.
T0002238,C001837,2026-08-05,Technical Support,WhatsApp,9.7,No,Neutral,Pelanggan meminta panduan konfigurasi perangkat.
T0002239,C001837,2025-10-28,Network,Call Center,16.1,Yes,Positive,Gangguan jaringan telah selesai dan layanan kembali normal.
T0002240,C001837,2026-01-05,Network,WhatsApp,26.4,No,Negative,Pelanggan mengeluhkan jaringan tidak stabil di area rumah.
T0002241,C001839,2026-01-01,Billing,WhatsApp,28.4,Yes,Positive,Penjelasan tagihan diterima dan masalah dinyatakan selesai.
T0002242,C001841,2026-06-03,Billing,Email,5.8,Yes,Negative,Terdapat selisih pada tagihan bulanan yang dikeluhkan pelanggan.
T0002243,C001841,2026-08-04,Network,WhatsApp,30.5,No,Negative,Koneksi sering terputus dan pelanggan meminta perbaikan segera.
T0002244,C001841,2026-06-08,Complaint,Mobile App,28.4,No,Negative,Pelanggan tidak puas dengan penyelesaian masalah sebelumnya.
T0002245,C001843,2025-11-08,Billing,Call Center,15.4,No,Negative,Pelanggan keberatan dengan tagihan dan meminta penjelasan rinci.
T0002246,C001844,2026-08-24,Complaint,Mobile App,18.1,No,Negative,Pelanggan tidak puas dengan penyelesaian masalah sebelumnya.
T0002247,C001846,2026-06-02,Billing,WhatsApp,8.6,No,Neutral,Pelanggan menanyakan rincian tagihan bulan berjalan.
T0002248,C001847,2026-03-20,Billing,Email,16.9,Yes,Negative,Pelanggan keberatan dengan tagihan dan meminta penjelasan rinci.
T0002249,C001849,2025-12-02,Account,Call Center,10.3,No,Positive,Perubahan data akun berhasil dilakukan.
T0002250,C001849,2026-07-25,Complaint,Mobile App,7.7,Yes,Neutral,Keluhan diteruskan untuk investigasi lanjutan.
T0002251,C001849,2026-06-26,Billing,Email,22.5,Yes,Negative,Pelanggan keberatan dengan tagihan dan meminta penjelasan rinci.
T0002252,C001850,2026-08-01,Network,Email,12.4,Yes,Neutral,Pelanggan menanyakan status gangguan jaringan di wilayahnya.
T0002253,C001851,2026-01-18,Network,Mobile App,17.5,Yes,Positive,Gangguan jaringan telah selesai dan layanan kembali normal.
T0002254,C001851,2025-09-08,Billing,Mobile App,13.7,Yes,Positive,Penjelasan tagihan diterima dan masalah dinyatakan selesai.
T0002255,C001852,2026-02-22,Account,Call Center,27.0,No,Negative,Pelanggan kesulitan mengakses akun dan merasa proses terlalu rumit.
T0002256,C001852,2026-06-23,Network,WhatsApp,11.7,No,Neutral,Pelanggan menanyakan status gangguan jaringan di wilayahnya.
T0002257,C001854,2026-05-17,Billing,Mobile App,10.7,Yes,Negative,Terdapat selisih pada tagihan bulanan yang dikeluhkan pelanggan.
T0002258,C001854,2026-08-07,Network,Call Center,12.3,No,Neutral,Pelanggan menanyakan status gangguan jaringan di wilayahnya.
T0002259,C001855,2026-05-05,Network,Mobile App,26.5,No,Negative,Koneksi sering terputus dan pelanggan meminta perbaikan segera.
T0002260,C001855,2026-08-04,Network,Mobile App,26.6,Yes,Negative,Pelanggan mengeluhkan jaringan tidak stabil di area rumah.
T0002261,C001858,2026-07-12,Complaint,Mobile App,14.9,Yes,Neutral,Keluhan diteruskan untuk investigasi lanjutan.
T0002262,C001859,2026-07-23,Technical Support,Call Center,18.4,Yes,Negative,Masalah teknis berulang meskipun sebelumnya sudah ditangani.
T0002263,C001861,2026-05-22,Billing,Email,21.6,Yes,Negative,Pelanggan keberatan dengan tagihan dan meminta penjelasan rinci.
T0002264,C001861,2025-09-08,Complaint,Mobile App,18.4,No,Neutral,Keluhan diteruskan untuk investigasi lanjutan.
T0002265,C001861,2026-06-14,Network,Call Center,19.8,Yes,Negative,Koneksi sering terputus dan pelanggan meminta perbaikan segera.
T0002266,C001862,2026-01-06,Network,Call Center,12.2,No,Negative,Koneksi sering terputus dan pelanggan meminta perbaikan segera.
T0002267,C001862,2026-06-08,Technical Support,WhatsApp,20.1,Yes,Positive,Panduan teknis berhasil dan layanan dapat digunakan kembali.
T0002268,C001863,2026-06-22,Complaint,Email,21.7,No,Neutral,Keluhan diteruskan untuk investigasi lanjutan.
T0002269,C001863,2025-10-30,Network,Call Center,24.2,Yes,Negative,Pelanggan mengeluhkan jaringan tidak stabil di area rumah.
T0002270,C001863,2026-02-23,Network,WhatsApp,26.6,Yes,Neutral,Pelanggan menanyakan status gangguan jaringan di wilayahnya.
T0002271,C001865,2026-01-26,Technical Support,WhatsApp,16.8,Yes,Negative,Masalah teknis berulang meskipun sebelumnya sudah ditangani.
T0002272,C001865,2026-06-25,Network,WhatsApp,25.8,Yes,Positive,Gangguan jaringan telah selesai dan layanan kembali normal.
T0002273,C001865,2026-07-10,Complaint,Call Center,23.5,Yes,Neutral,Keluhan diteruskan untuk investigasi lanjutan.
T0002274,C001865,2026-06-29,Network,Email,0.5,Yes,Neutral,Pelanggan menanyakan status gangguan jaringan di wilayahnya.
T0002275,C001867,2026-01-04,Billing,Call Center,10.8,Yes,Neutral,Pelanggan menanyakan rincian tagihan bulan berjalan.
T0002276,C001868,2025-12-22,Network,Mobile App,30.4,Yes,Negative,Koneksi sering terputus dan pelanggan meminta perbaikan segera.
T0002277,C001868,2026-06-03,Complaint,WhatsApp,13.5,Yes,Positive,Keluhan telah ditangani dan pelanggan menerima solusi.
T0002278,C001870,2026-04-10,Network,Call Center,24.4,Yes,Negative,Koneksi sering terputus dan pelanggan meminta perbaikan segera.
T0002279,C001871,2025-12-14,Technical Support,Email,8.5,Yes,Neutral,Pelanggan meminta panduan konfigurasi perangkat.
T0002280,C001871,2025-10-23,Billing,Email,11.6,Yes,Negative,Pelanggan keberatan dengan tagihan dan meminta penjelasan rinci.
T0002281,C001872,2026-08-06,Technical Support,Mobile App,20.7,Yes,Negative,Masalah teknis berulang meskipun sebelumnya sudah ditangani.
T0002282,C001872,2025-10-12,Technical Support,WhatsApp,19.7,No,Negative,Masalah teknis berulang meskipun sebelumnya sudah ditangani.
T0002283,C001873,2025-12-16,Network,Mobile App,16.5,Yes,Negative,Pelanggan mengeluhkan jaringan tidak stabil di area rumah.
T0002284,C001874,2026-02-19,Technical Support,Mobile App,16.5,Yes,Positive,Panduan teknis berhasil dan layanan dapat digunakan kembali.
T0002285,C001875,2026-08-05,Technical Support,Call Center,3.4,No,Negative,Masalah teknis berulang meskipun sebelumnya sudah ditangani.
T0002286,C001876,2025-09-01,Complaint,Call Center,22.7,No,Neutral,Keluhan diteruskan untuk investigasi lanjutan.
T0002287,C001876,2026-05-02,Network,WhatsApp,11.2,Yes,Neutral,Pelanggan menanyakan status gangguan jaringan di wilayahnya.
T0002288,C001876,2025-09-06,Technical Support,Call Center,19.1,No,Neutral,Pelanggan meminta panduan konfigurasi perangkat.
T0002289,C001877,2025-12-29,Complaint,Email,27.7,No,Negative,Pelanggan tidak puas dengan penyelesaian masalah sebelumnya.
T0002290,C001877,2026-01-20,Technical Support,Call Center,24.8,Yes,Neutral,Pelanggan meminta panduan konfigurasi perangkat.
T0002291,C001879,2026-06-05,Account,Mobile App,30.0,No,Negative,Pelanggan kesulitan mengakses akun dan merasa proses terlalu rumit.
T0002292,C001879,2026-07-22,Billing,Call Center,0.9,Yes,Positive,Penjelasan tagihan diterima dan masalah dinyatakan selesai.
T0002293,C001881,2026-04-01,Billing,WhatsApp,8.1,Yes,Neutral,Pelanggan menanyakan rincian tagihan bulan berjalan.
T0002294,C001882,2026-03-19,Technical Support,Call Center,0.5,Yes,Neutral,Pelanggan meminta panduan konfigurasi perangkat.
T0002295,C001884,2025-11-03,Network,Mobile App,25.8,Yes,Neutral,Pelanggan menanyakan status gangguan jaringan di wilayahnya.
T0002296,C001884,2026-05-04,Network,WhatsApp,12.7,Yes,Negative,Koneksi sering terputus dan pelanggan meminta perbaikan segera.
T0002297,C001885,2026-05-21,Billing,WhatsApp,12.3,Yes,Negative,Terdapat selisih pada tagihan bulanan yang dikeluhkan pelanggan.
T0002298,C001885,2026-08-13,Billing,Call Center,16.1,Yes,Negative,Terdapat selisih pada tagihan bulanan yang dikeluhkan pelanggan.
T0002299,C001886,2025-10-14,Technical Support,Mobile App,10.9,Yes,Neutral,Pelanggan meminta panduan konfigurasi perangkat.
T0002300,C001886,2026-07-12,Technical Support,Call Center,25.8,Yes,Negative,Masalah teknis berulang meskipun sebelumnya sudah ditangani.
T0002301,C001887,2026-01-16,Account,Mobile App,26.9,Yes,Negative,Pelanggan kesulitan mengakses akun dan merasa proses terlalu rumit.
T0002302,C001887,2026-01-03,Technical Support,WhatsApp,15.0,Yes,Negative,Masalah teknis berulang meskipun sebelumnya sudah ditangani.
T0002303,C001888,2026-02-03,Network,Call Center,26.9,No,Neutral,Pelanggan menanyakan status gangguan jaringan di wilayahnya.
T0002304,C001889,2026-08-31,Technical Support,Call Center,19.7,Yes,Positive,Panduan teknis berhasil dan layanan dapat digunakan kembali.
T0002305,C001889,2026-03-02,Technical Support,Call Center,20.6,No,Negative,Masalah teknis berulang meskipun sebelumnya sudah ditangani.
T0002306,C001891,2026-06-21,Network,Mobile App,34.7,Yes,Negative,Koneksi sering terputus dan pelanggan meminta perbaikan segera.
T0002307,C001896,2026-06-24,Billing,WhatsApp,0.5,Yes,Negative,Terdapat selisih pada tagihan bulanan yang dikeluhkan pelanggan.
T0002308,C001896,2026-07-08,Network,Email,0.5,Yes,Positive,Gangguan jaringan telah selesai dan layanan kembali normal.
T0002309,C001896,2026-03-23,Billing,Call Center,18.2,No,Negative,Pelanggan keberatan dengan tagihan dan meminta penjelasan rinci.
T0002310,C001897,2026-03-26,Technical Support,Call Center,3.8,Yes,Positive,Panduan teknis berhasil dan layanan dapat digunakan kembali.
T0002311,C001898,2026-05-21,Technical Support,Call Center,19.0,Yes,Negative,Masalah teknis berulang meskipun sebelumnya sudah ditangani.
T0002312,C001899,2026-07-19,Network,Call Center,17.6,No,Negative,Pelanggan mengeluhkan jaringan tidak stabil di area rumah.
T0002313,C001899,2026-01-05,Network,Call Center,0.7,Yes,Neutral,Pelanggan menanyakan status gangguan jaringan di wilayahnya.
T0002314,C001899,2026-06-11,Complaint,Mobile App,35.3,No,Negative,Pelanggan tidak puas dengan penyelesaian masalah sebelumnya.
T0002315,C001899,2025-10-15,Network,Call Center,2.3,Yes,Neutral,Pelanggan menanyakan status gangguan jaringan di wilayahnya.
T0002316,C001900,2025-09-19,Network,Email,19.8,No,Neutral,Pelanggan menanyakan status gangguan jaringan di wilayahnya.
T0002317,C001901,2026-03-16,Network,WhatsApp,14.6,Yes,Negative,Koneksi sering terputus dan pelanggan meminta perbaikan segera.
T0002318,C001901,2025-12-23,Network,Call Center,7.1,Yes,Neutral,Pelanggan menanyakan status gangguan jaringan di wilayahnya.
T0002319,C001903,2026-01-10,Technical Support,WhatsApp,0.6,No,Neutral,Pelanggan meminta panduan konfigurasi perangkat.
T0002320,C001903,2025-09-26,Technical Support,Call Center,21.1,Yes,Negative,Masalah teknis berulang meskipun sebelumnya sudah ditangani.
T0002321,C001904,2026-05-09,Account,Mobile App,2.7,No,Positive,Perubahan data akun berhasil dilakukan.
T0002322,C001906,2026-03-15,Account,Call Center,11.4,Yes,Positive,Perubahan data akun berhasil dilakukan.
T0002323,C001906,2026-04-02,Complaint,Mobile App,18.7,No,Positive,Keluhan telah ditangani dan pelanggan menerima solusi.
T0002324,C001906,2026-07-03,Network,Call Center,27.6,No,Positive,Gangguan jaringan telah selesai dan layanan kembali normal.
T0002325,C001907,2025-12-31,Complaint,Email,26.6,Yes,Negative,Pelanggan tidak puas dengan penyelesaian masalah sebelumnya.
T0002326,C001908,2026-04-23,Billing,WhatsApp,28.2,Yes,Negative,Pelanggan keberatan dengan tagihan dan meminta penjelasan rinci.
T0002327,C001908,2026-08-10,Network,Mobile App,11.1,Yes,Negative,Pelanggan mengeluhkan jaringan tidak stabil di area rumah.
T0002328,C001908,2026-07-01,Network,WhatsApp,24.2,Yes,Negative,Pelanggan mengeluhkan jaringan tidak stabil di area rumah.
T0002329,C001909,2026-04-14,Technical Support,Mobile App,11.0,No,Neutral,Pelanggan meminta panduan konfigurasi perangkat.
T0002330,C001914,2026-04-13,Billing,Mobile App,19.2,No,Negative,Terdapat selisih pada tagihan bulanan yang dikeluhkan pelanggan.
T0002331,C001914,2025-09-24,Complaint,WhatsApp,19.0,Yes,Negative,Pelanggan tidak puas dengan penyelesaian masalah sebelumnya.
T0002332,C001914,2025-11-10,Technical Support,Call Center,20.8,Yes,Neutral,Pelanggan meminta panduan konfigurasi perangkat.
T0002333,C001914,2026-07-08,Billing,Call Center,13.9,No,Negative,Terdapat selisih pada tagihan bulanan yang dikeluhkan pelanggan.
T0002334,C001916,2025-11-01,Account,WhatsApp,6.8,Yes,Neutral,Permintaan perubahan data akun pelanggan.
T0002335,C001917,2026-06-14,Technical Support,Mobile App,26.7,No,Negative,Masalah teknis berulang meskipun sebelumnya sudah ditangani.
T0002336,C001917,2026-07-14,Network,Mobile App,23.1,Yes,Negative,Pelanggan mengeluhkan jaringan tidak stabil di area rumah.
T0002337,C001917,2026-03-15,Network,Call Center,19.7,No,Negative,Koneksi sering terputus dan pelanggan meminta perbaikan segera.
T0002338,C001917,2025-12-18,Billing,Call Center,26.5,No,Negative,Pelanggan keberatan dengan tagihan dan meminta penjelasan rinci.
T0002339,C001919,2026-05-24,Network,Email,5.2,No,Neutral,Pelanggan menanyakan status gangguan jaringan di wilayahnya.
T0002340,C001919,2026-02-17,Complaint,WhatsApp,22.3,Yes,Negative,Pelanggan tidak puas dengan penyelesaian masalah sebelumnya.
T0002341,C001919,2026-01-27,Network,Mobile App,9.7,No,Neutral,Pelanggan menanyakan status gangguan jaringan di wilayahnya.
T0002342,C001920,2026-06-18,Billing,WhatsApp,20.0,Yes,Negative,Terdapat selisih pada tagihan bulanan yang dikeluhkan pelanggan.
T0002343,C001921,2026-06-01,Network,Call Center,18.1,Yes,Negative,Pelanggan mengeluhkan jaringan tidak stabil di area rumah.
T0002344,C001921,2026-06-19,Technical Support,Call Center,11.5,No,Negative,Masalah teknis berulang meskipun sebelumnya sudah ditangani.
T0002345,C001921,2025-11-04,Complaint,Call Center,31.7,No,Negative,Pelanggan tidak puas dengan penyelesaian masalah sebelumnya.
T0002346,C001921,2026-05-28,Billing,WhatsApp,22.3,No,Negative,Terdapat selisih pada tagihan bulanan yang dikeluhkan pelanggan.
T0002347,C001922,2025-12-12,Network,Email,12.9,No,Positive,Gangguan jaringan telah selesai dan layanan kembali normal.
T0002348,C001924,2025-11-16,Account,Email,1.3,Yes,Neutral,Permintaan perubahan data akun pelanggan.
T0002349,C001925,2025-09-14,Network,Call Center,12.7,Yes,Negative,Pelanggan mengeluhkan jaringan tidak stabil di area rumah.
T0002350,C001925,2026-05-08,Network,Call Center,3.2,No,Negative,Pelanggan mengeluhkan jaringan tidak stabil di area rumah.
T0002351,C001927,2026-03-01,Network,Email,24.8,Yes,Negative,Pelanggan mengeluhkan jaringan tidak stabil di area rumah.
T0002352,C001927,2026-06-10,Network,Call Center,15.2,Yes,Neutral,Pelanggan menanyakan status gangguan jaringan di wilayahnya.
T0002353,C001927,2026-06-12,Billing,WhatsApp,21.3,Yes,Positive,Penjelasan tagihan diterima dan masalah dinyatakan selesai.
T0002354,C001927,2026-07-05,Technical Support,Call Center,3.0,Yes,Neutral,Pelanggan meminta panduan konfigurasi perangkat.
T0002355,C001928,2026-07-24,Network,WhatsApp,12.7,Yes,Neutral,Pelanggan menanyakan status gangguan jaringan di wilayahnya.
T0002356,C001928,2026-03-11,Billing,Call Center,0.5,Yes,Positive,Penjelasan tagihan diterima dan masalah dinyatakan selesai.
T0002357,C001930,2026-05-28,Account,Call Center,16.5,No,Negative,Pelanggan kesulitan mengakses akun dan merasa proses terlalu rumit.
T0002358,C001931,2026-04-18,Technical Support,Call Center,26.0,Yes,Negative,Masalah teknis berulang meskipun sebelumnya sudah ditangani.
T0002359,C001934,2025-10-27,Billing,WhatsApp,18.7,Yes,Negative,Pelanggan keberatan dengan tagihan dan meminta penjelasan rinci.
T0002360,C001936,2026-08-19,Account,WhatsApp,15.0,Yes,Negative,Pelanggan kesulitan mengakses akun dan merasa proses terlalu rumit.
T0002361,C001936,2026-06-02,Billing,Call Center,14.7,No,Negative,Pelanggan keberatan dengan tagihan dan meminta penjelasan rinci.
T0002362,C001938,2026-08-16,Technical Support,WhatsApp,11.0,Yes,Negative,Masalah teknis berulang meskipun sebelumnya sudah ditangani.
T0002363,C001938,2026-06-12,Network,WhatsApp,22.1,Yes,Negative,Koneksi sering terputus dan pelanggan meminta perbaikan segera.
T0002364,C001938,2026-07-31,Billing,WhatsApp,15.5,Yes,Negative,Terdapat selisih pada tagihan bulanan yang dikeluhkan pelanggan.
T0002365,C001939,2025-12-08,Network,Call Center,29.5,Yes,Negative,Koneksi sering terputus dan pelanggan meminta perbaikan segera.
T0002366,C001940,2026-01-29,Billing,Email,24.8,No,Negative,Pelanggan keberatan dengan tagihan dan meminta penjelasan rinci.
T0002367,C001940,2026-02-01,Technical Support,Call Center,9.3,No,Negative,Masalah teknis berulang meskipun sebelumnya sudah ditangani.
T0002368,C001940,2025-11-18,Technical Support,WhatsApp,0.5,Yes,Positive,Panduan teknis berhasil dan layanan dapat digunakan kembali.
T0002369,C001941,2026-06-08,Technical Support,WhatsApp,19.4,No,Negative,Masalah teknis berulang meskipun sebelumnya sudah ditangani.
T0002370,C001942,2026-02-06,Network,WhatsApp,24.0,Yes,Negative,Pelanggan mengeluhkan jaringan tidak stabil di area rumah.
T0002371,C001944,2025-09-04,Technical Support,WhatsApp,19.1,No,Negative,Masalah teknis berulang meskipun sebelumnya sudah ditangani.
T0002372,C001945,2025-09-09,Complaint,Call Center,33.6,Yes,Negative,Pelanggan tidak puas dengan penyelesaian masalah sebelumnya.
T0002373,C001946,2026-08-30,Network,Call Center,14.8,Yes,Negative,Pelanggan mengeluhkan jaringan tidak stabil di area rumah.
T0002374,C001946,2026-06-04,Technical Support,WhatsApp,31.9,No,Negative,Masalah teknis berulang meskipun sebelumnya sudah ditangani.
T0002375,C001947,2026-03-01,Billing,Mobile App,26.7,No,Negative,Terdapat selisih pada tagihan bulanan yang dikeluhkan pelanggan.
T0002376,C001948,2026-06-09,Technical Support,WhatsApp,0.9,Yes,Positive,Panduan teknis berhasil dan layanan dapat digunakan kembali.
T0002377,C001950,2026-04-10,Billing,Call Center,0.5,No,Negative,Terdapat selisih pada tagihan bulanan yang dikeluhkan pelanggan.
T0002378,C001950,2025-11-30,Network,Call Center,3.9,Yes,Neutral,Pelanggan menanyakan status gangguan jaringan di wilayahnya.
T0002379,C001951,2026-07-25,Complaint,WhatsApp,9.7,No,Neutral,Keluhan diteruskan untuk investigasi lanjutan.
T0002380,C001952,2026-02-03,Complaint,WhatsApp,19.6,Yes,Positive,Keluhan telah ditangani dan pelanggan menerima solusi.
T0002381,C001953,2026-07-30,Technical Support,WhatsApp,16.7,No,Negative,Masalah teknis berulang meskipun sebelumnya sudah ditangani.
T0002382,C001953,2025-09-17,Billing,WhatsApp,17.5,Yes,Neutral,Pelanggan menanyakan rincian tagihan bulan berjalan.
T0002383,C001955,2026-03-24,Network,Call Center,13.9,Yes,Neutral,Pelanggan menanyakan status gangguan jaringan di wilayahnya.
T0002384,C001959,2026-06-17,Account,WhatsApp,36.9,No,Negative,Pelanggan kesulitan mengakses akun dan merasa proses terlalu rumit.
T0002385,C001959,2026-07-01,Billing,WhatsApp,1.0,Yes,Neutral,Pelanggan menanyakan rincian tagihan bulan berjalan.
T0002386,C001961,2025-09-22,Technical Support,Email,12.0,No,Neutral,Pelanggan meminta panduan konfigurasi perangkat.
T0002387,C001961,2026-05-10,Network,Mobile App,11.1,Yes,Positive,Gangguan jaringan telah selesai dan layanan kembali normal.
T0002388,C001962,2025-11-12,Billing,Mobile App,29.8,Yes,Negative,Pelanggan keberatan dengan tagihan dan meminta penjelasan rinci.
T0002389,C001962,2025-12-18,Complaint,Call Center,13.1,Yes,Neutral,Keluhan diteruskan untuk investigasi lanjutan.
T0002390,C001962,2026-08-07,Billing,WhatsApp,34.9,Yes,Negative,Terdapat selisih pada tagihan bulanan yang dikeluhkan pelanggan.
T0002391,C001962,2026-05-25,Account,WhatsApp,30.1,Yes,Negative,Pelanggan kesulitan mengakses akun dan merasa proses terlalu rumit.
T0002392,C001963,2025-09-21,Complaint,Email,20.0,Yes,Neutral,Keluhan diteruskan untuk investigasi lanjutan.
T0002393,C001964,2026-04-30,Billing,Call Center,0.5,Yes,Positive,Penjelasan tagihan diterima dan masalah dinyatakan selesai.
T0002394,C001964,2026-08-10,Complaint,WhatsApp,21.8,No,Negative,Pelanggan tidak puas dengan penyelesaian masalah sebelumnya.
T0002395,C001964,2025-12-19,Billing,WhatsApp,19.4,Yes,Positive,Penjelasan tagihan diterima dan masalah dinyatakan selesai.
T0002396,C001965,2025-09-17,Network,Mobile App,25.1,Yes,Negative,Koneksi sering terputus dan pelanggan meminta perbaikan segera.
T0002397,C001967,2026-05-13,Network,WhatsApp,28.0,Yes,Negative,Koneksi sering terputus dan pelanggan meminta perbaikan segera.
T0002398,C001968,2025-11-14,Network,Call Center,12.1,Yes,Positive,Gangguan jaringan telah selesai dan layanan kembali normal.
T0002399,C001970,2026-07-23,Technical Support,Call Center,18.6,Yes,Positive,Panduan teknis berhasil dan layanan dapat digunakan kembali.
T0002400,C001970,2026-06-20,Technical Support,Call Center,14.6,Yes,Neutral,Pelanggan meminta panduan konfigurasi perangkat.
T0002401,C001971,2026-02-14,Billing,Email,25.2,No,Negative,Terdapat selisih pada tagihan bulanan yang dikeluhkan pelanggan.
T0002402,C001971,2025-09-29,Network,WhatsApp,26.0,No,Positive,Gangguan jaringan telah selesai dan layanan kembali normal.
T0002403,C001975,2026-08-05,Complaint,Email,28.9,No,Negative,Pelanggan tidak puas dengan penyelesaian masalah sebelumnya.
T0002404,C001976,2026-06-09,Network,Mobile App,9.2,Yes,Neutral,Pelanggan menanyakan status gangguan jaringan di wilayahnya.
T0002405,C001976,2025-12-15,Technical Support,Mobile App,22.2,Yes,Negative,Masalah teknis berulang meskipun sebelumnya sudah ditangani.
T0002406,C001977,2025-09-23,Network,Email,4.3,No,Neutral,Pelanggan menanyakan status gangguan jaringan di wilayahnya.
T0002407,C001978,2025-09-06,Billing,Mobile App,23.6,Yes,Neutral,Pelanggan menanyakan rincian tagihan bulan berjalan.
T0002408,C001980,2026-08-27,Technical Support,WhatsApp,15.2,Yes,Neutral,Pelanggan meminta panduan konfigurasi perangkat.
T0002409,C001980,2025-09-06,Billing,Call Center,19.8,No,Negative,Pelanggan keberatan dengan tagihan dan meminta penjelasan rinci.
T0002410,C001981,2026-07-20,Network,Call Center,30.0,No,Negative,Koneksi sering terputus dan pelanggan meminta perbaikan segera.
T0002411,C001981,2026-08-28,Billing,Email,31.0,Yes,Negative,Terdapat selisih pada tagihan bulanan yang dikeluhkan pelanggan.
T0002412,C001981,2026-06-30,Billing,Call Center,31.5,No,Negative,Terdapat selisih pada tagihan bulanan yang dikeluhkan pelanggan.
T0002413,C001982,2026-06-19,Account,WhatsApp,23.0,Yes,Negative,Pelanggan kesulitan mengakses akun dan merasa proses terlalu rumit.
T0002414,C001983,2026-06-06,Complaint,Call Center,20.0,No,Negative,Pelanggan tidak puas dengan penyelesaian masalah sebelumnya.
T0002415,C001983,2026-03-03,Billing,WhatsApp,28.9,No,Negative,Pelanggan keberatan dengan tagihan dan meminta penjelasan rinci.
T0002416,C001983,2026-06-26,Technical Support,Email,20.7,Yes,Negative,Masalah teknis berulang meskipun sebelumnya sudah ditangani.
T0002417,C001985,2026-02-06,Technical Support,Email,12.9,Yes,Neutral,Pelanggan meminta panduan konfigurasi perangkat.
T0002418,C001985,2025-12-26,Technical Support,Email,20.8,Yes,Negative,Masalah teknis berulang meskipun sebelumnya sudah ditangani.
T0002419,C001985,2026-03-21,Account,WhatsApp,26.4,Yes,Negative,Pelanggan kesulitan mengakses akun dan merasa proses terlalu rumit.
T0002420,C001986,2025-11-18,Complaint,Call Center,27.5,Yes,Negative,Pelanggan tidak puas dengan penyelesaian masalah sebelumnya.
T0002421,C001986,2026-05-29,Billing,Call Center,21.0,No,Positive,Penjelasan tagihan diterima dan masalah dinyatakan selesai.
T0002422,C001987,2026-04-08,Billing,Email,17.5,Yes,Negative,Terdapat selisih pada tagihan bulanan yang dikeluhkan pelanggan.
T0002423,C001987,2026-05-31,Account,Email,11.9,Yes,Negative,Pelanggan kesulitan mengakses akun dan merasa proses terlalu rumit.
T0002424,C001988,2025-12-09,Technical Support,WhatsApp,10.1,Yes,Neutral,Pelanggan meminta panduan konfigurasi perangkat.
T0002425,C001990,2025-09-26,Billing,Call Center,3.4,Yes,Positive,Penjelasan tagihan diterima dan masalah dinyatakan selesai.
T0002426,C001991,2026-02-24,Complaint,Mobile App,20.1,Yes,Negative,Pelanggan tidak puas dengan penyelesaian masalah sebelumnya.
T0002427,C001991,2025-11-27,Technical Support,WhatsApp,22.8,Yes,Neutral,Pelanggan meminta panduan konfigurasi perangkat.
T0002428,C001992,2026-05-03,Network,Email,10.5,Yes,Neutral,Pelanggan menanyakan status gangguan jaringan di wilayahnya.
T0002429,C001992,2025-10-11,Network,Mobile App,19.9,Yes,Negative,Koneksi sering terputus dan pelanggan meminta perbaikan segera.
T0002430,C001992,2025-10-24,Account,Call Center,19.6,Yes,Neutral,Permintaan perubahan data akun pelanggan.
T0002431,C001992,2026-04-11,Technical Support,WhatsApp,21.3,No,Negative,Masalah teknis berulang meskipun sebelumnya sudah ditangani.
T0002432,C001993,2026-06-19,Complaint,Call Center,5.3,No,Neutral,Keluhan diteruskan untuk investigasi lanjutan.
T0002433,C001993,2026-05-30,Account,Call Center,11.9,Yes,Negative,Pelanggan kesulitan mengakses akun dan merasa proses terlalu rumit.
T0002434,C001995,2025-10-26,Account,Mobile App,21.2,Yes,Positive,Perubahan data akun berhasil dilakukan.
T0002435,C001997,2026-02-24,Billing,WhatsApp,4.3,Yes,Neutral,Pelanggan menanyakan rincian tagihan bulan berjalan.
T0002436,C001997,2025-09-25,Network,Call Center,15.8,No,Negative,Pelanggan mengeluhkan jaringan tidak stabil di area rumah.
T0002437,C001998,2026-03-15,Technical Support,WhatsApp,21.7,Yes,Negative,Masalah teknis berulang meskipun sebelumnya sudah ditangani.
T0002438,C001998,2026-04-21,Technical Support,Mobile App,17.9,Yes,Negative,Masalah teknis berulang meskipun sebelumnya sudah ditangani.
T0002439,C001998,2026-07-05,Technical Support,WhatsApp,22.8,Yes,Negative,Masalah teknis berulang meskipun sebelumnya sudah ditangani.
T0002440,C001999,2026-07-31,Technical Support,Call Center,7.3,Yes,Neutral,Pelanggan meminta panduan konfigurasi perangkat.
