customer_id,gender,age,region,tenure_months,contract_type,plan_tier,internet_service,phone_service,multiple_lines,online_security,tech_support,streaming_tv,streaming_movies,cloud_storage,device_protection,paperless_billing,payment_method,auto_pay,monthly_charge,total_charge,avg_monthly_gb,support_calls_3m,complaints_3m,late_payments_6m,satisfaction_score,referrals,last_login_days,promo_discount_pct,num_services,service_basket,historical_customer_value,churn_next_30d
C001432,Female,25,Jawa Timur,50,Two year,Standard,None,Yes,No,No,No,No,No,No,No,Yes,E-wallet,No,44.79,1999.21,,1,0,1,3.0,2,5,10,1,Phone,2041.21,No
C001868,Male,70,Jawa Barat,10,One year,Premium,Fiber optic,Yes,No,No,Yes,Yes,Yes,No,No,Yes,Credit card (auto),Yes,130.49,1016.35,174.4,1,1,1,3.3,1,14,20,5,Phone;Fiber optic;Tech Support;Streaming TV;Streaming Movies,1021.35,No
C001529,Female,36,Jabodetabek,39,Two year,Premium,Fiber optic,Yes,No,No,No,No,Yes,Yes,No,Yes,E-wallet,No,119.58,4217.78,196.9,0,1,1,3.4,1,5,10,4,Phone;Fiber optic;Streaming Movies;Cloud Storage,4230.78,No
C001235,Male,40,Bali-Nusa Tenggara,26,One year,Standard,None,Yes,No,No,No,No,No,No,No,No,E-wallet,No,49.34,1299.94,,0,0,2,1.8,0,7,0,1,Phone,1299.94,No
C000158,Female,50,Jabodetabek,45,Month-to-month,Standard,None,Yes,No,No,No,No,No,No,No,Yes,Virtual account,No,40.25,1800.28,,2,1,2,2.8,0,15,0,1,Phone,1772.28,No
C001622,Female,33,Sulawesi,36,Two year,Premium,Fixed wireless,Yes,Yes,Yes,No,Yes,No,No,No,Yes,E-wallet,No,108.04,3556.73,184.4,0,1,1,,0,6,10,5,Phone;Multiple Lines;Fixed wireless;Online Security;Streaming TV,3544.73,No
C001793,Female,40,Kalimantan,15,Two year,Standard,Fixed wireless,Yes,No,Yes,No,No,No,No,No,Yes,Credit card (auto),Yes,73.22,991.32,103.6,2,0,0,,2,4,10,3,Phone;Fixed wireless;Online Security,1025.32,No
C001825,Male,26,Jabodetabek,27,One year,Basic,Fiber optic,Yes,No,Yes,No,No,Yes,Yes,No,Yes,Cash/retail outlet,No,72.2,1821.36,46.6,0,0,1,4.3,3,3,5,5,Phone;Fiber optic;Online Security;Streaming Movies;Cloud Storage,1896.36,No
C000414,Male,24,Jawa Barat,18,Month-to-month,Basic,DSL,Yes,No,Yes,No,No,No,No,No,Yes,Virtual account,No,55.82,983.27,74.0,0,0,0,2.8,2,5,0,3,Phone;DSL;Online Security,1033.27,No
C001282,Male,35,Sumatera,17,One year,Standard,Fiber optic,Yes,No,No,No,Yes,Yes,No,No,No,Virtual account,No,92.06,1539.49,163.0,1,0,2,,1,9,0,4,Phone;Fiber optic;Streaming TV;Streaming Movies,1556.49,No
C000944,Male,54,Kalimantan,27,Month-to-month,Premium,Fiber optic,Yes,Yes,No,Yes,Yes,No,Yes,No,Yes,Bank transfer (auto),Yes,130.53,3443.65,164.6,0,1,0,2.6,1,20,0,6,Phone;Multiple Lines;Fiber optic;Tech Support;Streaming TV;Cloud Storage,3456.65,Yes
C000526,Female,41,Jawa Timur,54,Month-to-month,Standard,Fixed wireless,Yes,Yes,Yes,No,Yes,No,Yes,No,Yes,Credit card (auto),Yes,100.18,5456.34,105.9,0,0,0,,3,4,0,6,Phone;Multiple Lines;Fixed wireless;Online Security;Streaming TV;Cloud Storage,5531.34,No
C001604,Female,52,Sumatera,42,Month-to-month,Premium,Fixed wireless,Yes,No,No,No,No,Yes,No,Yes,Yes,Bank transfer (auto),Yes,99.08,3930.29,193.6,3,1,0,1.1,0,9,5,4,Phone;Fixed wireless;Streaming Movies;Device Protection,3894.29,Yes
C001208,Female,64,Jabodetabek,54,One year,Standard,DSL,Yes,Yes,Yes,No,No,No,No,No,Yes,Bank transfer (auto),Yes,76.54,4132.07,94.2,2,0,1,3.5,4,3,0,4,Phone;Multiple Lines;DSL;Online Security,4216.07,No
C000908,Female,40,Jabodetabek,25,Month-to-month,Basic,DSL,Yes,No,No,No,No,Yes,No,No,No,Bank transfer (auto),Yes,45.23,947.08,56.5,0,0,0,4.0,1,3,15,3,Phone;DSL;Streaming Movies,972.08,No
C000649,Male,37,Jabodetabek,28,One year,Premium,DSL,Yes,No,No,No,Yes,Yes,No,Yes,Yes,Credit card (auto),Yes,112.71,2699.88,151.4,1,0,2,3.4,1,3,15,5,Phone;DSL;Streaming TV;Streaming Movies;Device Protection,2716.88,No
C000881,Male,32,Kalimantan,10,Month-to-month,Basic,Fiber optic,Yes,Yes,Yes,No,Yes,No,Yes,No,Yes,Cash/retail outlet,No,82.93,770.58,55.7,2,2,2,2.5,0,8,5,6,Phone;Multiple Lines;Fiber optic;Online Security;Streaming TV;Cloud Storage,730.58,Yes
C001637,Female,61,Jabodetabek,27,One year,Standard,DSL,Yes,No,No,Yes,Yes,No,No,No,Yes,Virtual account,No,82.37,2162.36,100.3,1,0,0,3.1,2,13,0,4,Phone;DSL;Tech Support;Streaming TV,2204.36,No
C000365,Male,28,Jawa Tengah,21,Month-to-month,Standard,Fixed wireless,Yes,No,No,Yes,No,No,No,No,Yes,Bank transfer (auto),Yes,80.11,1306.16,125.3,0,1,0,,2,8,20,3,Phone;Fixed wireless;Tech Support,1344.16,No
C000814,Male,29,Bali-Nusa Tenggara,44,Month-to-month,Standard,DSL,Yes,No,No,No,Yes,No,No,No,No,E-wallet,No,81.25,3429.46,96.4,1,0,2,3.2,3,5,5,3,Phone;DSL;Streaming TV,3496.46,No
C000942,Male,67,Jawa Barat,6,Two year,Premium,None,Yes,Yes,No,No,No,No,No,No,No,Bank transfer (auto),Yes,77.81,415.25,,0,1,0,,0,4,10,2,Phone;Multiple Lines,403.25,No
C001201,Female,30,Kalimantan,14,Two year,Standard,DSL,Yes,No,No,No,No,No,Yes,No,No,Virtual account,No,70.89,889.2,95.2,3,0,2,1.3,0,17,10,3,Phone;DSL;Cloud Storage,865.2,No
C001594,Female,31,Jawa Tengah,16,One year,Premium,DSL,Yes,Yes,No,Yes,No,No,No,No,Yes,Bank transfer (auto),Yes,102.75,1666.28,120.8,1,0,0,,1,3,0,4,Phone;Multiple Lines;DSL;Tech Support,1683.28,No
C000036,Female,34,Jabodetabek,4,Month-to-month,Basic,DSL,Yes,Yes,No,Yes,Yes,No,No,No,Yes,Bank transfer (auto),Yes,68.04,248.61,60.2,1,0,2,3.5,0,8,10,5,Phone;Multiple Lines;DSL;Tech Support;Streaming TV,240.61,No
C000095,Female,69,Jawa Timur,4,Month-to-month,Premium,DSL,Yes,No,No,Yes,Yes,Yes,No,No,Yes,Bank transfer (auto),Yes,111.1,428.04,214.1,1,0,0,3.3,2,3,5,5,Phone;DSL;Tech Support;Streaming TV;Streaming Movies,470.04,No
C001336,Male,36,Jabodetabek,24,Month-to-month,Standard,Fiber optic,Yes,Yes,No,No,No,No,No,No,Yes,Credit card (auto),Yes,82.28,1968.57,80.0,1,1,2,2.0,1,6,0,3,Phone;Multiple Lines;Fiber optic,1973.57,No
C000802,Male,67,Jabodetabek,4,Month-to-month,Standard,Fiber optic,Yes,Yes,Yes,No,No,No,Yes,No,Yes,Virtual account,No,93.09,339.59,73.2,1,1,0,2.4,0,11,10,5,Phone;Multiple Lines;Fiber optic;Online Security;Cloud Storage,319.59,Yes
C000352,Male,52,Sulawesi,30,Month-to-month,Standard,Fixed wireless,Yes,No,Yes,No,No,No,No,Yes,Yes,Virtual account,No,81.99,2282.9,94.1,1,1,1,1.8,0,6,5,4,Phone;Fixed wireless;Online Security;Device Protection,2262.9,No
C000358,Female,32,Jawa Barat,47,Month-to-month,Basic,Fiber optic,Yes,No,No,Yes,No,Yes,No,No,No,Credit card (auto),Yes,74.41,3600.76,59.8,0,0,1,2.9,2,3,0,4,Phone;Fiber optic;Tech Support;Streaming Movies,3650.76,No
C000313,Male,25,Jabodetabek,25,Month-to-month,Standard,Fixed wireless,Yes,No,Yes,No,Yes,No,No,Yes,No,E-wallet,No,84.5,2052.23,125.8,0,1,2,3.2,2,9,0,5,Phone;Fixed wireless;Online Security;Streaming TV;Device Protection,2090.23,No
C000734,Female,50,Sulawesi,53,One year,Premium,Fiber optic,Yes,No,Yes,No,No,Yes,Yes,Yes,Yes,Virtual account,No,126.35,5909.27,149.4,1,1,0,2.7,2,10,10,6,Phone;Fiber optic;Online Security;Streaming Movies;Cloud Storage;Device Protection,5939.27,No
C001306,Female,38,Jabodetabek,17,One year,Basic,DSL,Yes,No,No,No,No,No,Yes,No,No,Cash/retail outlet,No,47.48,801.95,30.9,1,1,1,3.0,2,10,0,3,Phone;DSL;Cloud Storage,831.95,No
C001814,Male,38,Jabodetabek,31,Month-to-month,Standard,Fixed wireless,Yes,Yes,No,Yes,No,No,No,Yes,No,Bank transfer (auto),Yes,90.88,2351.91,96.2,1,1,0,2.7,1,11,15,5,Phone;Multiple Lines;Fixed wireless;Tech Support;Device Protection,2356.91,Yes
C000231,Male,51,Sulawesi,15,Month-to-month,Standard,Fiber optic,Yes,No,No,No,Yes,No,No,Yes,Yes,Cash/retail outlet,No,85.39,1283.07,83.0,0,0,0,,2,5,0,4,Phone;Fiber optic;Streaming TV;Device Protection,1333.07,No
C000185,Female,42,Jabodetabek,40,Two year,Premium,DSL,Yes,Yes,Yes,Yes,No,Yes,Yes,No,No,Virtual account,No,120.83,4442.53,189.1,2,1,1,2.8,3,17,10,7,Phone;Multiple Lines;DSL;Online Security;Tech Support;Streaming Movies;Cloud Storage,4489.53,Yes
C001509,Female,60,Jawa Barat,20,Month-to-month,Standard,Fixed wireless,Yes,Yes,No,No,Yes,No,No,No,Yes,Bank transfer (auto),Yes,86.08,1470.45,152.5,1,0,1,4.3,3,3,15,4,Phone;Multiple Lines;Fixed wireless;Streaming TV,1537.45,No
C000360,Female,70,Sulawesi,33,Two year,Basic,Fiber optic,Yes,Yes,No,No,No,No,Yes,No,Yes,Bank transfer (auto),Yes,64.72,1927.7,60.7,1,0,2,2.9,3,4,10,4,Phone;Multiple Lines;Fiber optic;Cloud Storage,1994.7,No
C001487,Female,38,Jawa Barat,8,Month-to-month,Basic,Fixed wireless,Yes,No,No,No,Yes,Yes,Yes,No,Yes,E-wallet,No,75.69,604.5,127.8,2,2,4,1.9,0,9,0,5,Phone;Fixed wireless;Streaming TV;Streaming Movies;Cloud Storage,564.5,Yes
C000241,Female,33,Jabodetabek,46,Two year,Premium,Fiber optic,Yes,No,No,No,No,Yes,Yes,Yes,No,Bank transfer (auto),Yes,123.73,5009.73,126.2,0,0,0,3.7,3,8,10,5,Phone;Fiber optic;Streaming Movies;Cloud Storage;Device Protection,5084.73,No
C000852,Male,34,Jawa Tengah,50,Two year,Basic,Fiber optic,Yes,No,No,Yes,No,No,No,Yes,Yes,Credit card (auto),Yes,64.21,2572.38,69.0,1,1,0,2.8,2,7,20,4,Phone;Fiber optic;Tech Support;Device Protection,2602.38,No
C001831,Male,47,Sulawesi,15,Month-to-month,Premium,Fiber optic,Yes,No,Yes,Yes,Yes,No,No,Yes,Yes,Credit card (auto),Yes,128.24,1939.12,187.6,1,1,0,2.4,2,5,0,6,Phone;Fiber optic;Online Security;Tech Support;Streaming TV;Device Protection,1969.12,Yes
C000813,Female,28,Jabodetabek,55,One year,Basic,Fixed wireless,Yes,No,No,Yes,No,No,Yes,Yes,No,E-wallet,No,70.42,3825.3,58.2,0,1,0,5,6,3,0,5,Phone;Fixed wireless;Tech Support;Cloud Storage;Device Protection,3963.3,No
C001305,Male,27,Jabodetabek,52,Month-to-month,Standard,Fiber optic,Yes,No,No,No,No,No,Yes,No,Yes,E-wallet,No,77.93,3738.2,40.3,0,0,0,5,5,1,10,3,Phone;Fiber optic;Cloud Storage,3863.2,No
C001224,Female,33,Jawa Barat,54,Two year,Premium,Fixed wireless,No,No,Yes,Yes,Yes,Yes,No,No,Yes,Bank transfer (auto),Yes,118.77,5832.75,180.2,0,1,0,3.4,3,5,10,5,Fixed wireless;Online Security;Tech Support;Streaming TV;Streaming Movies,5895.75,No
C001213,Male,37,Jabodetabek,23,One year,Basic,DSL,Yes,Yes,Yes,No,No,No,Yes,No,No,Bank transfer (auto),Yes,65.73,1428.81,33.5,4,0,2,,1,13,5,5,Phone;Multiple Lines;DSL;Online Security;Cloud Storage,1421.81,No
C000685,Male,63,Jawa Timur,60,Two year,Basic,Fixed wireless,Yes,No,No,Yes,No,No,Yes,No,Yes,E-wallet,No,63.64,3403.89,72.1,2,2,3,1.3,0,9,10,4,Phone;Fixed wireless;Tech Support;Cloud Storage,3363.89,No
C000851,Male,39,Jawa Barat,44,One year,Standard,Fixed wireless,Yes,Yes,No,No,No,No,No,No,Yes,Virtual account,No,70.19,3073.72,57.4,1,0,3,3.1,1,3,0,3,Phone;Multiple Lines;Fixed wireless,3090.72,No
C000856,Male,30,Jawa Tengah,9,Two year,Basic,Fiber optic,Yes,No,Yes,No,Yes,No,Yes,Yes,Yes,Virtual account,No,79.9,646.99,97.2,1,1,1,2.9,1,12,10,6,Phone;Fiber optic;Online Security;Streaming TV;Cloud Storage;Device Protection,651.99,No
C001496,Male,30,Jawa Barat,19,Month-to-month,Standard,None,Yes,Yes,No,No,No,No,No,No,No,Cash/retail outlet,No,57.83,1067.67,,1,0,1,3.1,1,32,0,2,Phone;Multiple Lines,1084.67,No
C000032,Female,39,Jawa Tengah,24,One year,Standard,Fiber optic,Yes,No,No,Yes,No,Yes,No,Yes,Yes,E-wallet,No,95.33,2134.23,120.0,1,1,0,,2,10,5,5,Phone;Fiber optic;Tech Support;Streaming Movies;Device Protection,2164.23,No
C001217,Male,38,Sulawesi,16,Month-to-month,Standard,Fiber optic,Yes,No,No,No,No,No,No,No,No,E-wallet,No,80.75,1143.02,60.6,1,1,0,3.0,1,6,10,2,Phone;Fiber optic,1148.02,No
C001909,Male,38,Jabodetabek,26,One year,Basic,Fiber optic,Yes,No,No,No,No,No,No,Yes,No,Virtual account,No,60.99,1257.27,4.3,1,0,1,,3,15,20,3,Phone;Fiber optic;Device Protection,1324.27,No
C000504,Female,48,Sulawesi,39,One year,Standard,Fiber optic,No,No,No,No,No,No,No,Yes,No,Cash/retail outlet,No,81.44,3240.54,77.5,1,0,2,2.9,3,6,0,2,Fiber optic;Device Protection,3307.54,No
C000433,Female,48,Jawa Barat,46,One year,Basic,DSL,Yes,No,No,No,Yes,No,No,No,No,Bank transfer (auto),Yes,54.3,2407.89,42.8,0,0,0,3.7,2,9,5,3,Phone;DSL;Streaming TV,2457.89,No
C000406,Male,48,Jawa Timur,30,One year,Premium,Fixed wireless,Yes,Yes,Yes,Yes,No,No,No,No,Yes,Virtual account,No,111.79,3276.11,191.0,1,1,1,2.5,1,10,5,5,Phone;Multiple Lines;Fixed wireless;Online Security;Tech Support,3281.11,No
C001369,Female,39,Jawa Barat,25,One year,Basic,DSL,Yes,Yes,Yes,Yes,Yes,Yes,Yes,No,No,Cash/retail outlet,No,91.56,2355.93,77.6,3,2,4,1.5,0,8,0,8,Phone;Multiple Lines;DSL;Online Security;Tech Support;Streaming TV;Streaming Movies;Cloud Storage,2307.93,No
C000160,Female,27,Kalimantan,26,One year,Standard,Fiber optic,Yes,Yes,Yes,Yes,No,Yes,No,No,Yes,Credit card (auto),Yes,100.45,2685.62,113.3,1,0,1,4.2,1,8,0,6,Phone;Multiple Lines;Fiber optic;Online Security;Tech Support;Streaming Movies,2702.62,No
C000227,Female,58,Jabodetabek,25,Month-to-month,Basic,DSL,Yes,Yes,No,Yes,Yes,No,No,No,Yes,E-wallet,No,67.51,1692.04,58.1,1,2,2,1.9,0,8,0,5,Phone;Multiple Lines;DSL;Tech Support;Streaming TV,1660.04,No
C000907,Male,35,Sumatera,44,Two year,Standard,Fixed wireless,Yes,Yes,Yes,No,No,No,No,No,No,Virtual account,No,82.96,3195.21,78.9,0,0,2,4.5,4,10,15,4,Phone;Multiple Lines;Fixed wireless;Online Security,3295.21,No
C000846,Male,39,Jawa Tengah,33,One year,Standard,Fixed wireless,Yes,No,Yes,No,Yes,Yes,Yes,Yes,No,E-wallet,No,96.3,3222.03,137.5,0,0,2,3.3,1,4,0,7,Phone;Fixed wireless;Online Security;Streaming TV;Streaming Movies;Cloud Storage;Device Protection,3247.03,No
C001404,Male,43,Sumatera,28,Two year,Premium,Fiber optic,Yes,Yes,No,No,Yes,No,No,No,Yes,E-wallet,No,113.04,2827.81,196.4,4,2,3,1.1,3,16,10,4,Phone;Multiple Lines;Fiber optic;Streaming TV,2846.81,Yes
C000230,Male,41,Jawa Barat,5,Month-to-month,Premium,DSL,Yes,Yes,Yes,No,Yes,No,No,No,Yes,Virtual account,No,105.5,481.93,145.5,2,0,2,,2,12,10,5,Phone;Multiple Lines;DSL;Online Security;Streaming TV,515.93,Yes
C000969,Female,40,Sumatera,29,Two year,Standard,Fiber optic,Yes,No,No,No,No,Yes,Yes,No,Yes,Bank transfer (auto),Yes,89.57,2053.39,93.4,1,1,1,2.6,1,7,20,4,Phone;Fiber optic;Streaming Movies;Cloud Storage,2058.39,No
C000815,Male,39,Jawa Timur,22,Month-to-month,Basic,Fiber optic,Yes,Yes,Yes,No,Yes,No,No,Yes,No,E-wallet,No,79.04,1568.31,83.1,3,2,2,1,0,12,10,6,Phone;Multiple Lines;Fiber optic;Online Security;Streaming TV;Device Protection,1520.31,Yes
C000543,Female,43,Jawa Timur,27,Month-to-month,Premium,DSL,Yes,No,No,No,Yes,No,Yes,No,Yes,Virtual account,No,107.26,2407.0,143.2,2,0,0,3.4,3,4,15,4,Phone;DSL;Streaming TV;Cloud Storage,2466.0,No
C001044,Female,30,Jabodetabek,10,Month-to-month,Standard,Fiber optic,Yes,Yes,Yes,No,No,No,Yes,No,Yes,E-wallet,No,90.91,900.58,117.7,2,1,0,1.5,0,13,0,5,Phone;Multiple Lines;Fiber optic;Online Security;Cloud Storage,872.58,Yes
C001861,Male,36,Kalimantan,15,Month-to-month,Standard,Fiber optic,Yes,Yes,No,No,Yes,Yes,Yes,No,No,Bank transfer (auto),Yes,108.83,1527.54,100.8,1,1,1,2.3,0,19,5,6,Phone;Multiple Lines;Fiber optic;Streaming TV;Streaming Movies;Cloud Storage,1507.54,Yes
C001644,Male,46,Jabodetabek,44,One year,Basic,DSL,Yes,Yes,No,Yes,No,Yes,No,No,Yes,E-wallet,No,70.63,2904.88,82.7,3,1,2,2.9,3,5,5,5,Phone;Multiple Lines;DSL;Tech Support;Streaming Movies,2943.88,No
C000524,Female,26,Jabodetabek,22,Month-to-month,Standard,Fiber optic,Yes,Yes,No,Yes,Yes,No,No,Yes,Yes,Virtual account,No,96.48,2169.5,116.0,0,1,2,2.8,0,8,0,6,Phone;Multiple Lines;Fiber optic;Tech Support;Streaming TV;Device Protection,2157.5,Yes
C001999,Male,22,Jabodetabek,18,Month-to-month,Standard,Fixed wireless,No,No,No,Yes,Yes,No,No,No,Yes,Credit card (auto),Yes,84.53,1481.45,136.1,2,0,0,2.6,2,5,0,3,Fixed wireless;Tech Support;Streaming TV,1515.45,Yes
C000026,Male,39,Sumatera,32,Month-to-month,Basic,Fixed wireless,Yes,Yes,Yes,Yes,Yes,No,No,No,Yes,Virtual account,No,77.38,2405.94,25.9,0,1,2,3.0,2,11,0,6,Phone;Multiple Lines;Fixed wireless;Online Security;Tech Support;Streaming TV,2443.94,No
C001560,Male,42,Jabodetabek,23,Month-to-month,Premium,Fiber optic,Yes,No,Yes,No,Yes,Yes,No,No,Yes,E-wallet,No,126.75,2847.91,148.2,2,1,2,2.8,0,12,0,5,Phone;Fiber optic;Online Security;Streaming TV;Streaming Movies,2819.91,No
C000372,Female,62,Jabodetabek,41,One year,Basic,None,Yes,No,No,No,No,No,No,No,No,Virtual account,No,22.61,923.83,,0,1,1,4.2,4,5,0,1,Phone,1011.83,No
C000872,Male,32,Jawa Timur,51,One year,Standard,Fixed wireless,Yes,No,No,Yes,No,No,No,No,No,Virtual account,No,77.74,3774.49,95.3,0,1,2,4.0,3,13,5,3,Phone;Fixed wireless;Tech Support,3837.49,No
C000347,Female,47,Jabodetabek,43,Month-to-month,Standard,DSL,Yes,No,No,No,No,No,No,No,No,Cash/retail outlet,No,55.04,2193.98,120.8,0,1,2,,1,9,5,2,Phone;DSL,2206.98,Yes
C000616,Male,54,Jawa Barat,23,One year,Basic,Fiber optic,Yes,No,No,Yes,No,Yes,No,No,Yes,Virtual account,No,67.69,1441.57,88.2,0,0,1,4.8,3,10,10,4,Phone;Fiber optic;Tech Support;Streaming Movies,1516.57,No
C000775,Male,61,Jawa Tengah,20,Month-to-month,Standard,Fiber optic,Yes,No,No,Yes,No,Yes,No,No,Yes,,Yes,86.92,1748.47,122.0,3,1,1,3.0,1,5,0,4,Phone;Fiber optic;Tech Support;Streaming Movies,1737.47,No
C000843,Female,55,Jawa Barat,37,Month-to-month,Basic,DSL,Yes,No,No,No,No,Yes,No,No,Yes,Bank transfer (auto),Yes,48.1,1703.48,57.6,0,0,1,4.2,4,9,5,3,Phone;DSL;Streaming Movies,1803.48,No
C000397,Female,37,Jabodetabek,8,Two year,Standard,DSL,Yes,No,No,No,Yes,No,No,Yes,Yes,E-wallet,No,82.29,606.65,112.2,0,1,2,3.4,2,6,10,4,Phone;DSL;Streaming TV;Device Protection,644.65,No
C001576,Female,36,Jawa Barat,26,Month-to-month,Standard,DSL,Yes,No,No,No,No,Yes,No,No,Yes,E-wallet,No,73.89,1592.1,87.1,0,0,1,4.2,3,3,15,3,Phone;DSL;Streaming Movies,1667.1,No
C000130,Male,35,Jawa Timur,42,Month-to-month,Standard,Fixed wireless,Yes,Yes,No,No,No,No,No,Yes,Yes,Cash/retail outlet,No,86.93,3289.44,74.6,0,0,1,4.7,4,5,10,4,Phone;Multiple Lines;Fixed wireless;Device Protection,3389.44,No
C000615,Female,42,Kalimantan,9,Month-to-month,Standard,DSL,Yes,No,Yes,No,No,Yes,No,No,Yes,Virtual account,No,76.93,690.09,98.7,2,0,0,2.5,2,5,0,4,Phone;DSL;Online Security;Streaming Movies,724.09,No
C000190,Male,40,Sulawesi,57,One year,Basic,Fixed wireless,No,No,Yes,No,Yes,Yes,Yes,No,No,Virtual account,No,74.51,4127.57,74.8,0,0,2,4.7,5,4,0,5,Fixed wireless;Online Security;Streaming TV;Streaming Movies;Cloud Storage,4252.57,No
C000818,Male,33,Jabodetabek,10,One year,Basic,Fiber optic,Yes,No,Yes,No,No,Yes,Yes,No,Yes,Bank transfer (auto),Yes,72.37,745.3,79.2,2,1,2,2.1,0,8,0,5,Phone;Fiber optic;Online Security;Streaming Movies;Cloud Storage,717.3,No
C000686,Female,53,Jabodetabek,21,Month-to-month,Standard,Fixed wireless,Yes,No,Yes,No,No,Yes,No,No,No,Cash/retail outlet,No,88.2,1757.58,169.7,2,0,3,2.3,0,11,5,4,Phone;Fixed wireless;Online Security;Streaming Movies,1741.58,Yes
C001334,Male,43,Sumatera,22,Month-to-month,Standard,Fixed wireless,Yes,Yes,No,No,No,No,No,No,No,Credit card (auto),Yes,76.2,1517.79,72.0,0,0,0,4.2,4,3,10,3,Phone;Multiple Lines;Fixed wireless,1617.79,No
C001281,Male,28,Jabodetabek,19,Month-to-month,Standard,DSL,Yes,No,No,No,Yes,Yes,Yes,No,Yes,E-wallet,No,84.36,1582.23,119.3,0,1,2,2.6,0,5,0,5,Phone;DSL;Streaming TV;Streaming Movies;Cloud Storage,1570.23,Yes
C001678,Male,43,Jawa Barat,19,Month-to-month,Premium,None,Yes,Yes,No,No,No,No,No,No,Yes,E-wallet,No,78.54,1347.56,,1,0,1,2.5,0,7,10,2,Phone;Multiple Lines,1339.56,Yes
C001119,Female,44,Jabodetabek,14,Two year,Standard,DSL,Yes,No,Yes,Yes,Yes,No,No,No,No,E-wallet,No,90.03,1000.6,102.9,2,1,2,2.0,0,6,20,5,Phone;DSL;Online Security;Tech Support;Streaming TV,972.6,No
C000817,Female,25,Jawa Timur,18,Month-to-month,Standard,Fiber optic,Yes,No,No,No,No,No,Yes,No,Yes,Credit card (auto),Yes,71.18,1295.69,103.0,1,0,1,,2,2,0,3,Phone;Fiber optic;Cloud Storage,1337.69,Yes
C001021,Female,37,Jabodetabek,48,One year,Basic,Fiber optic,Yes,No,No,No,No,Yes,No,Yes,Yes,Cash/retail outlet,No,66.29,3262.66,88.9,1,0,1,3.6,2,5,0,4,Phone;Fiber optic;Streaming Movies;Device Protection,3304.66,Yes
C000247,Male,33,Jawa Timur,13,Month-to-month,Basic,Fixed wireless,No,No,No,No,Yes,No,No,Yes,Yes,Bank transfer (auto),Yes,61.58,662.87,61.9,2,1,1,2.5,2,9,15,3,Fixed wireless;Streaming TV;Device Protection,684.87,No
C001542,Male,32,Sulawesi,27,Two year,Standard,DSL,Yes,Yes,No,No,No,No,No,No,Yes,Credit card (auto),Yes,77.77,1912.22,134.4,0,0,0,3.6,4,9,10,3,Phone;Multiple Lines;DSL,2012.22,No
C000495,Male,39,Jawa Barat,39,One year,Basic,Fiber optic,Yes,No,No,Yes,No,No,No,No,Yes,Credit card (auto),Yes,55.41,2069.73,95.9,1,0,0,3.3,1,9,5,3,Phone;Fiber optic;Tech Support,2086.73,No
C000318,Female,56,Jawa Timur,33,Month-to-month,Premium,DSL,Yes,No,Yes,Yes,Yes,No,Yes,Yes,Yes,Credit card (auto),Yes,115.95,3529.76,164.7,1,0,1,,1,4,5,7,Phone;DSL;Online Security;Tech Support;Streaming TV;Cloud Storage;Device Protection,3546.76,No
C001756,Male,69,Jawa Barat,30,Month-to-month,Basic,Fiber optic,No,No,No,Yes,No,No,Yes,No,No,Virtual account,No,77.17,2335.51,33.8,3,0,0,,3,4,0,3,Fiber optic;Tech Support;Cloud Storage,2386.51,No
C000264,Male,55,Jabodetabek,39,One year,Basic,DSL,Yes,Yes,Yes,No,No,No,No,No,No,Virtual account,No,61.02,2178.31,35.7,1,0,2,3.5,2,17,10,4,Phone;Multiple Lines;DSL;Online Security,2220.31,No
C000047,Male,53,Jabodetabek,61,One year,Standard,Fiber optic,Yes,Yes,No,Yes,No,No,No,No,No,Virtual account,No,87.86,4691.1,117.7,2,2,1,2.5,3,7,15,4,Phone;Multiple Lines;Fiber optic;Tech Support,4726.1,No
C001535,Female,45,Jawa Tengah,37,Two year,Basic,None,Yes,No,No,No,No,No,No,No,No,E-wallet,No,28.22,906.85,,3,0,2,,1,5,15,1,Phone,907.85,No
C001494,Female,51,Jawa Tengah,53,Month-to-month,Premium,Fiber optic,Yes,Yes,No,Yes,No,No,No,No,No,E-wallet,No,116.72,5453.9,130.6,0,1,1,3.5,5,9,10,4,Phone;Multiple Lines;Fiber optic;Tech Support,5566.9,Yes
C001090,Female,43,Sumatera,43,One year,Standard,Fiber optic,No,No,Yes,No,Yes,No,No,No,No,Credit card (auto),Yes,92.29,3438.34,125.0,2,1,1,,2,7,15,3,Fiber optic;Online Security;Streaming TV,3460.34,No
C000477,Male,65,Jabodetabek,21,Month-to-month,Standard,Fixed wireless,Yes,Yes,Yes,No,No,No,No,No,Yes,Virtual account,No,71.72,1502.08,91.4,1,0,1,1.8,1,8,0,4,Phone;Multiple Lines;Fixed wireless;Online Security,1519.08,Yes
C000805,Male,51,Jawa Barat,29,Two year,Basic,Fiber optic,Yes,No,Yes,Yes,Yes,No,No,No,No,E-wallet,No,77.52,,48.8,0,0,0,3.8,1,3,20,5,Phone;Fiber optic;Online Security;Tech Support;Streaming TV,1811.58,No
C001126,Female,63,Jawa Barat,53,Month-to-month,Premium,Fiber optic,Yes,Yes,Yes,Yes,Yes,Yes,Yes,Yes,No,Virtual account,No,148.41,7993.51,183.4,2,0,0,1.8,1,12,0,9,Phone;Multiple Lines;Fiber optic;Online Security;Tech Support;Streaming TV;Streaming Movies;Cloud Storage;Device Protection,8002.51,No
C000855,Female,29,Jawa Barat,18,Month-to-month,Standard,Fiber optic,No,No,No,No,No,No,No,No,No,E-wallet,No,74.48,1316.49,114.7,1,1,2,3.7,2,7,0,1,Fiber optic,1346.49,No
C000998,Female,43,Kalimantan,33,Two year,Basic,Fixed wireless,Yes,No,No,No,No,Yes,No,No,Yes,Cash/retail outlet,No,61.69,1789.84,78.7,2,1,1,3.1,4,13,10,3,Phone;Fixed wireless;Streaming Movies,1861.84,No
C000194,Male,52,Jawa Barat,17,Two year,Standard,DSL,No,No,No,Yes,Yes,Yes,Yes,No,No,Credit card (auto),Yes,89.63,1357.98,157.2,0,0,0,4.2,3,20,10,5,DSL;Tech Support;Streaming TV;Streaming Movies;Cloud Storage,1432.98,No
C000149,Male,51,Sulawesi,35,Month-to-month,Basic,Fiber optic,Yes,No,No,No,Yes,No,No,No,Yes,Credit card (auto),Yes,57.21,2056.58,84.1,4,1,0,1.1,1,8,0,3,Phone;Fiber optic;Streaming TV,2037.58,No
C000978,Male,34,Bali-Nusa Tenggara,61,Two year,Premium,Fixed wireless,Yes,Yes,No,No,No,No,No,No,Yes,Virtual account,No,102.25,5534.46,144.1,0,1,3,2.3,2,12,10,3,Phone;Multiple Lines;Fixed wireless,5572.46,No
C000127,Male,28,Jawa Barat,9,Month-to-month,Basic,None,Yes,Yes,No,No,No,No,No,No,Yes,Virtual account,No,32.01,280.55,,0,1,1,4.2,3,3,5,2,Phone;Multiple Lines,343.55,No
C001094,Male,31,Jawa Timur,19,Month-to-month,Basic,Fiber optic,Yes,No,No,Yes,Yes,Yes,No,No,Yes,Credit card (auto),Yes,77.22,1398.24,92.8,0,0,0,,3,4,5,5,Phone;Fiber optic;Tech Support;Streaming TV;Streaming Movies,1473.24,No
C000754,Female,27,Jawa Barat,30,Two year,Standard,Fiber optic,No,No,Yes,No,No,Yes,No,No,No,Bank transfer (auto),Yes,83.26,2272.97,91.2,2,0,1,2.7,2,6,10,3,Fiber optic;Online Security;Streaming Movies,2306.97,No
C001621,Male,44,Jawa Timur,19,One year,Standard,Fiber optic,Yes,No,No,Yes,No,No,Yes,No,No,Bank transfer (auto),Yes,86.61,1489.38,92.6,0,1,0,3.6,1,7,10,4,Phone;Fiber optic;Tech Support;Cloud Storage,1502.38,No
C000087,Male,51,Jabodetabek,10,Two year,Standard,Fiber optic,Yes,No,No,No,No,Yes,No,No,Yes,Credit card (auto),Yes,82.94,764.23,113.3,0,0,1,4.4,4,2,10,3,Phone;Fiber optic;Streaming Movies,864.23,No
C000746,Female,33,Jawa Barat,26,Month-to-month,Standard,DSL,Yes,No,No,No,No,No,Yes,No,No,Credit card (auto),Yes,64.11,1692.63,60.8,1,0,1,3.5,2,8,0,3,Phone;DSL;Cloud Storage,1734.63,No
C001081,Male,64,Sulawesi,26,Month-to-month,Standard,Fiber optic,Yes,No,No,Yes,No,No,No,Yes,Yes,E-wallet,No,83.35,2146.8,88.4,1,1,1,2.7,0,6,0,4,Phone;Fiber optic;Tech Support;Device Protection,2126.8,Yes
C001209,Male,52,Jabodetabek,46,Month-to-month,Basic,DSL,Yes,No,Yes,No,Yes,No,Yes,No,Yes,Virtual account,No,62.02,2542.3,62.4,2,0,0,,3,10,10,5,Phone;DSL;Online Security;Streaming TV;Cloud Storage,2601.3,No
C001102,Female,51,Jabodetabek,36,Month-to-month,Premium,Fixed wireless,Yes,No,Yes,No,Yes,Yes,Yes,Yes,Yes,Cash/retail outlet,No,133.63,4407.64,183.6,0,1,1,3.7,1,4,10,7,Phone;Fixed wireless;Online Security;Streaming TV;Streaming Movies;Cloud Storage;Device Protection,4420.64,No
C001533,Female,44,Sumatera,24,Two year,Standard,Fiber optic,Yes,Yes,Yes,No,No,No,No,No,No,E-wallet,No,84.57,1575.31,74.1,0,0,1,3.9,3,7,20,4,Phone;Multiple Lines;Fiber optic;Online Security,1650.31,No
C000559,Male,34,Jawa Barat,16,One year,Basic,Fiber optic,Yes,Yes,Yes,Yes,Yes,No,No,No,No,Virtual account,No,85.16,1124.26,49.1,2,2,1,1,0,16,15,6,Phone;Multiple Lines;Fiber optic;Online Security;Tech Support;Streaming TV,1084.26,Yes
C000357,Male,60,Kalimantan,29,Month-to-month,Standard,Fixed wireless,Yes,Yes,No,No,Yes,Yes,No,No,No,Bank transfer (auto),Yes,89.59,2045.59,149.6,0,1,1,2.8,3,9,20,5,Phone;Multiple Lines;Fixed wireless;Streaming TV;Streaming Movies,2108.59,No
C001784,Male,34,Jabodetabek,27,One year,Basic,None,Yes,No,No,No,No,No,No,No,Yes,E-wallet,No,18,411.5,,2,0,1,3.3,4,7,15,1,Phone,495.5,No
C000833,Male,35,Jawa Barat,37,Month-to-month,Standard,Fiber optic,Yes,No,No,No,No,Yes,No,No,Yes,Credit card (auto),Yes,86.01,2555.96,119.0,2,1,0,,1,8,20,3,Phone;Fiber optic;Streaming Movies,2552.96,No
C000304,Male,51,Jawa Barat,45,Two year,Standard,Fiber optic,Yes,Yes,Yes,No,No,No,Yes,No,Yes,Bank transfer (auto),Yes,97.46,3940.7,24.4,1,1,3,,0,16,10,5,Phone;Multiple Lines;Fiber optic;Online Security;Cloud Storage,3920.7,No
C000731,Female,61,Jabodetabek,25,One year,Basic,Fiber optic,Yes,No,No,No,No,No,No,No,Yes,Virtual account,No,62.23,1218.36,44.4,2,0,1,2.2,0,20,20,2,Phone;Fiber optic,1202.36,No
C000298,Female,44,Sumatera,30,Month-to-month,Standard,Fiber optic,Yes,No,Yes,Yes,No,No,Yes,No,Yes,Virtual account,No,92.08,2491.93,80.3,3,0,2,2.3,1,10,10,5,Phone;Fiber optic;Online Security;Tech Support;Cloud Storage,2492.93,No
C001088,Female,45,Jabodetabek,54,Month-to-month,Standard,Fixed wireless,Yes,Yes,No,No,Yes,No,Yes,Yes,Yes,Virtual account,No,90.7,4741.15,85.4,2,0,1,1.7,0,11,5,6,Phone;Multiple Lines;Fixed wireless;Streaming TV;Cloud Storage;Device Protection,4725.15,Yes
C001391,Male,35,Jabodetabek,8,Month-to-month,Premium,Fiber optic,Yes,Yes,Yes,Yes,No,No,No,No,Yes,E-wallet,No,116.87,896.05,123.5,1,0,2,2.7,1,10,5,5,Phone;Multiple Lines;Fiber optic;Online Security;Tech Support,913.05,Yes
C001070,Male,45,Sulawesi,15,Month-to-month,Standard,Fiber optic,Yes,Yes,No,No,No,No,No,Yes,Yes,Credit card (auto),Yes,90.36,1238.64,75.6,0,1,2,2.8,1,9,10,4,Phone;Multiple Lines;Fiber optic;Device Protection,1251.64,Yes
C001583,Female,57,Jawa Barat,9,One year,Basic,Fiber optic,Yes,Yes,Yes,No,No,Yes,Yes,No,Yes,Bank transfer (auto),Yes,81.8,719.24,39.9,0,0,0,,2,5,0,6,Phone;Multiple Lines;Fiber optic;Online Security;Streaming Movies;Cloud Storage,769.24,No
C001860,Male,54,Sumatera,27,One year,Basic,Fiber optic,No,No,Yes,Yes,No,No,No,No,Yes,Credit card (auto),Yes,64.5,1611.8,32.9,0,0,1,4.4,3,3,10,3,Fiber optic;Online Security;Tech Support,1686.8,No
C001918,Male,53,Kalimantan,30,One year,Standard,Fiber optic,Yes,No,Yes,No,No,No,Yes,No,Yes,Virtual account,No,91.39,2555.46,62.0,1,0,1,2.7,1,4,5,4,Phone;Fiber optic;Online Security;Cloud Storage,2572.46,No
C000725,Female,35,Jawa Barat,7,Month-to-month,Standard,DSL,Yes,No,No,Yes,Yes,No,No,Yes,No,E-wallet,No,81.3,525.55,94.1,2,0,1,1.5,0,7,5,5,Phone;DSL;Tech Support;Streaming TV;Device Protection,509.55,No
C001745,Male,58,Bali-Nusa Tenggara,19,Month-to-month,Standard,DSL,Yes,Yes,No,No,No,No,No,No,No,Credit card (auto),Yes,69.31,1171.49,94.7,0,1,1,2.3,0,5,10,3,Phone;Multiple Lines;DSL,1159.49,No
C001180,Female,38,Jawa Tengah,30,Month-to-month,Premium,DSL,Yes,Yes,Yes,No,Yes,No,Yes,Yes,Yes,Virtual account,No,113.12,3127.27,187.6,0,0,1,3.0,1,6,10,7,Phone;Multiple Lines;DSL;Online Security;Streaming TV;Cloud Storage;Device Protection,3152.27,No
C001578,Female,65,Jabodetabek,18,One year,Standard,Fiber optic,Yes,No,Yes,Yes,No,No,No,Yes,No,E-wallet,No,91.91,1528.98,112.3,2,1,1,1.4,1,9,10,5,Phone;Fiber optic;Online Security;Tech Support;Device Protection,1525.98,No
C000777,Female,42,Jawa Timur,61,One year,Standard,Fiber optic,Yes,No,Yes,No,No,Yes,No,No,Yes,E-wallet,No,89.62,5346.25,123.1,3,0,3,2.5,1,4,0,4,Phone;Fiber optic;Online Security;Streaming Movies,5347.25,Yes
C000546,Female,42,Jabodetabek,15,One year,Standard,DSL,Yes,Yes,No,Yes,No,Yes,No,No,No,Bank transfer (auto),Yes,81.86,1263.65,155.4,0,0,1,3.4,3,11,0,5,Phone;Multiple Lines;DSL;Tech Support;Streaming Movies,1338.65,No
C001196,Female,62,Jawa Tengah,19,One year,Standard,Fixed wireless,No,No,No,Yes,Yes,Yes,No,No,Yes,Bank transfer (auto),Yes,84.12,1561.14,148.0,0,1,1,3.0,1,8,5,4,Fixed wireless;Tech Support;Streaming TV;Streaming Movies,1574.14,No
C001382,Female,51,Jawa Tengah,42,Month-to-month,Standard,None,Yes,No,No,No,No,No,No,No,Yes,Virtual account,No,46.34,1813.01,,4,0,2,1.7,1,8,5,1,Phone,1806.01,No
C000610,Female,30,Sulawesi,39,One year,Basic,DSL,Yes,Yes,Yes,Yes,No,Yes,No,No,No,E-wallet,No,69.15,2093.3,89.3,1,1,0,2.3,0,5,20,6,Phone;Multiple Lines;DSL;Online Security;Tech Support;Streaming Movies,2073.3,No
C001670,Male,64,Jabodetabek,37,Month-to-month,Standard,Fiber optic,Yes,No,No,Yes,No,No,Yes,No,Yes,E-wallet,No,89.29,2889.81,97.4,0,1,3,3.4,1,4,10,4,Phone;Fiber optic;Tech Support;Cloud Storage,2902.81,No
C001846,Male,65,Jawa Barat,11,Month-to-month,Standard,Fixed wireless,Yes,No,No,No,No,Yes,No,No,No,Credit card (auto),Yes,70.49,782.59,80.5,1,0,1,2.4,0,4,0,3,Phone;Fixed wireless;Streaming Movies,774.59,No
C000776,Female,48,Kalimantan,25,Two year,Standard,Fixed wireless,Yes,No,No,No,No,No,No,No,Yes,E-wallet,No,70.8,1419.16,75.4,0,1,2,2.5,2,10,20,2,Phone;Fixed wireless,1457.16,No
C001403,Male,60,Jabodetabek,24,One year,Basic,Fiber optic,Yes,No,No,No,Yes,No,No,Yes,Yes,Credit card (auto),Yes,73.88,1809.79,72.3,2,1,1,,0,5,0,4,Phone;Fiber optic;Streaming TV;Device Protection,1781.79,Yes
C000169,Male,48,Jawa Barat,54,One year,Basic,Fiber optic,No,No,Yes,No,No,No,No,No,Yes,E-wallet,No,61.14,3092.2,64.6,2,0,1,2.3,2,5,5,2,Fiber optic;Online Security,3126.2,No
C000796,Male,19,Jawa Tengah,25,Month-to-month,Standard,DSL,Yes,Yes,No,No,Yes,Yes,No,No,Yes,Credit card (auto),Yes,83.24,1909.24,99.3,0,0,0,3.3,1,6,10,5,Phone;Multiple Lines;DSL;Streaming TV;Streaming Movies,1934.24,No
C001774,Male,27,Jawa Timur,31,Two year,Premium,Fiber optic,Yes,Yes,Yes,No,No,Yes,Yes,No,Yes,E-wallet,No,123.03,3365.8,187.5,0,0,3,3.3,4,9,10,6,Phone;Multiple Lines;Fiber optic;Online Security;Streaming Movies;Cloud Storage,3465.8,No
C001193,Female,20,Sumatera,57,Month-to-month,Basic,Fiber optic,Yes,No,No,Yes,Yes,Yes,No,No,Yes,Cash/retail outlet,No,81.89,4216.09,51.4,0,0,2,3.1,2,9,10,5,Phone;Fiber optic;Tech Support;Streaming TV;Streaming Movies,4266.09,No
C001843,Female,30,Jabodetabek,44,Two year,Standard,Fiber optic,Yes,Yes,No,No,No,No,Yes,No,No,Credit card (auto),Yes,87.88,3459.24,94.7,1,1,1,2.6,2,6,10,4,Phone;Multiple Lines;Fiber optic;Cloud Storage,3489.24,No
C001250,Male,26,Jawa Timur,27,One year,Standard,Fixed wireless,Yes,Yes,Yes,Yes,No,No,Yes,No,No,Virtual account,No,94.63,2283.75,101.5,1,0,3,2.5,1,12,10,6,Phone;Multiple Lines;Fixed wireless;Online Security;Tech Support;Cloud Storage,2300.75,No
C000325,Female,39,Jabodetabek,22,Month-to-month,Basic,DSL,Yes,Yes,Yes,No,Yes,Yes,No,No,No,Bank transfer (auto),Yes,75.79,1466.77,78.3,2,0,1,,2,7,10,6,Phone;Multiple Lines;DSL;Online Security;Streaming TV;Streaming Movies,1500.77,No
C000766,Male,57,Jawa Tengah,28,One year,Premium,DSL,No,No,Yes,No,Yes,No,Yes,No,Yes,Credit card (auto),Yes,108.55,2988.83,198.4,0,0,2,3.0,2,4,0,4,DSL;Online Security;Streaming TV;Cloud Storage,3038.83,No
C000250,Female,36,Jawa Tengah,21,Month-to-month,Standard,Fiber optic,Yes,No,No,No,No,No,No,No,No,Credit card (auto),Yes,79.76,1544.34,102.3,0,0,1,3.2,2,10,5,2,Phone;Fiber optic,1594.34,No
C001523,Male,58,Jawa Timur,25,One year,Premium,DSL,Yes,No,No,No,No,Yes,Yes,No,Yes,Cash/retail outlet,No,103.94,2347.58,173.9,2,1,0,1.8,1,8,10,4,Phone;DSL;Streaming Movies;Cloud Storage,2344.58,No
C001715,Male,35,Sulawesi,63,Month-to-month,Basic,Fiber optic,Yes,No,Yes,No,No,Yes,No,No,Yes,Cash/retail outlet,No,73.52,4528.33,54.8,0,0,1,5.0,5,5,0,4,Phone;Fiber optic;Online Security;Streaming Movies,4653.33,No
C000580,Male,31,Jawa Timur,29,Month-to-month,Standard,Fiber optic,No,No,Yes,Yes,No,No,No,No,Yes,Virtual account,No,86.73,2386.05,101.9,4,2,1,1.2,0,9,5,3,Fiber optic;Online Security;Tech Support,2330.05,Yes
C001515,Male,68,Jawa Barat,33,Two year,Basic,Fiber optic,Yes,No,No,No,Yes,No,No,Yes,Yes,Virtual account,No,71.61,,53.2,2,0,0,3.1,2,3,20,4,Phone;Fiber optic;Streaming TV;Device Protection,1898.31,No
C000471,Female,32,Jawa Barat,18,Month-to-month,Basic,Fiber optic,Yes,No,No,Yes,Yes,No,Yes,No,Yes,Virtual account,No,85.68,1465.81,23.4,0,1,1,,1,6,5,5,Phone;Fiber optic;Tech Support;Streaming TV;Cloud Storage,1478.81,No
C001851,Male,46,Jawa Timur,38,One year,Basic,Fiber optic,Yes,Yes,Yes,No,No,No,Yes,No,No,E-wallet,No,72.91,2851.84,62.5,1,0,2,,4,4,0,5,Phone;Multiple Lines;Fiber optic;Online Security;Cloud Storage,2943.84,No
C000644,Male,54,Jabodetabek,27,Month-to-month,Standard,Fiber optic,Yes,Yes,Yes,Yes,No,No,No,No,Yes,Bank transfer (auto),Yes,89.95,2372.63,39.2,0,1,2,3.9,2,3,5,5,Phone;Multiple Lines;Fiber optic;Online Security;Tech Support,2410.63,No
C001778,Male,62,Jawa Timur,45,One year,Standard,Fixed wireless,Yes,No,No,No,No,No,No,No,Yes,Bank transfer (auto),Yes,68.18,3084.58,55.9,2,2,1,2.4,1,8,0,2,Phone;Fixed wireless,3069.58,No
C000989,Male,38,Jawa Barat,23,One year,Premium,DSL,Yes,No,Yes,No,No,Yes,No,Yes,Yes,Credit card (auto),Yes,114.16,2364.86,225.9,2,1,1,2.2,0,7,10,5,Phone;DSL;Online Security;Streaming Movies;Device Protection,2336.86,No
C000531,Female,29,Jawa Barat,23,One year,Standard,Fiber optic,Yes,No,No,No,No,Yes,No,No,Yes,Bank transfer (auto),Yes,83.5,1972.24,98.5,0,0,0,4.1,2,2,0,3,Phone;Fiber optic;Streaming Movies,2022.24,No
C000078,Male,46,Bali-Nusa Tenggara,10,One year,Standard,Fixed wireless,Yes,No,No,No,No,No,No,No,Yes,E-wallet,No,73.07,644.96,118.7,1,1,2,2.1,0,9,10,2,Phone;Fixed wireless,624.96,Yes
C001764,Female,30,Jabodetabek,38,One year,Basic,Fiber optic,Yes,Yes,No,No,Yes,No,Yes,No,No,E-wallet,No,75.8,2887.51,63.1,1,1,2,3.1,2,11,0,5,Phone;Multiple Lines;Fiber optic;Streaming TV;Cloud Storage,2917.51,No
C001357,Male,43,Bali-Nusa Tenggara,30,One year,Standard,Fiber optic,Yes,Yes,Yes,No,Yes,No,No,Yes,No,E-wallet,No,105.29,2991.3,95.0,3,1,1,1,0,13,5,6,Phone;Multiple Lines;Fiber optic;Online Security;Streaming TV;Device Protection,2955.3,No
C001558,Female,37,Jabodetabek,25,One year,Standard,Fiber optic,Yes,No,No,No,Yes,No,Yes,No,No,Credit card (auto),Yes,90.57,2207.62,101.8,3,3,2,1,2,20,5,4,Phone;Fiber optic;Streaming TV;Cloud Storage,2197.62,Yes
C000972,Male,21,Jawa Barat,33,Month-to-month,Basic,Fixed wireless,Yes,Yes,Yes,No,No,No,No,No,Yes,Bank transfer (auto),Yes,64.39,1794.33,74.4,0,0,0,4.6,4,11,15,4,Phone;Multiple Lines;Fixed wireless;Online Security,1894.33,No
C000991,Female,40,Jawa Barat,61,One year,Premium,Fixed wireless,Yes,Yes,Yes,No,No,No,No,No,Yes,Bank transfer (auto),Yes,104.82,5717.73,121.1,2,0,1,2.6,2,9,10,4,Phone;Multiple Lines;Fixed wireless;Online Security,5751.73,No
C000112,Male,21,Jawa Timur,14,One year,Standard,Fiber optic,Yes,Yes,Yes,No,Yes,No,Yes,No,Yes,E-wallet,No,99.07,1398.59,147.8,0,0,1,,1,3,0,6,Phone;Multiple Lines;Fiber optic;Online Security;Streaming TV;Cloud Storage,1423.59,No
C000808,Male,29,Jabodetabek,18,One year,Standard,DSL,Yes,Yes,No,No,Yes,No,Yes,No,Yes,Virtual account,No,85.65,1307.03,91.9,2,1,1,2.9,0,6,15,5,Phone;Multiple Lines;DSL;Streaming TV;Cloud Storage,1279.03,No
C000028,Male,38,Bali-Nusa Tenggara,25,One year,Premium,Fiber optic,Yes,No,No,No,No,Yes,No,No,No,Cash/retail outlet,No,109.22,2333.13,156.6,2,1,1,2.6,0,8,15,3,Phone;Fiber optic;Streaming Movies,2305.13,Yes
C000131,Male,45,Jabodetabek,39,One year,Premium,Fiber optic,Yes,No,Yes,Yes,No,Yes,No,No,Yes,Virtual account,No,124.19,4290.23,143.8,3,2,2,1.4,0,12,10,5,Phone;Fiber optic;Online Security;Tech Support;Streaming Movies,4242.23,Yes
C001093,Female,42,Jabodetabek,29,Two year,Standard,DSL,Yes,No,Yes,No,Yes,No,Yes,No,Yes,E-wallet,No,88.94,2336.37,95.0,2,0,2,2.9,1,7,10,5,Phone;DSL;Online Security;Streaming TV;Cloud Storage,2345.37,No
C000687,Female,70,Jabodetabek,40,Month-to-month,Standard,Fiber optic,Yes,No,No,No,No,No,No,Yes,No,Bank transfer (auto),Yes,79.36,3239.9,56.9,2,2,0,2.4,3,11,0,3,Phone;Fiber optic;Device Protection,3274.9,No
C001513,Female,26,Jawa Timur,5,One year,Premium,Fiber optic,Yes,Yes,Yes,No,No,No,Yes,No,Yes,Credit card (auto),Yes,117.91,546.6,99.0,1,0,0,3.3,1,6,5,5,Phone;Multiple Lines;Fiber optic;Online Security;Cloud Storage,563.6,No
C001591,Female,33,Jabodetabek,38,Month-to-month,Standard,DSL,Yes,No,No,No,Yes,No,No,Yes,Yes,E-wallet,No,76.02,2826.5,116.1,1,1,1,2.8,1,21,0,4,Phone;DSL;Streaming TV;Device Protection,2831.5,No
C000619,Male,54,Sumatera,51,Month-to-month,Basic,Fiber optic,Yes,Yes,No,No,No,Yes,No,Yes,No,E-wallet,No,77.13,3289.12,82.1,2,1,0,2.2,2,9,15,5,Phone;Multiple Lines;Fiber optic;Streaming Movies;Device Protection,3311.12,No
C000355,Male,55,Jawa Barat,58,Two year,Premium,Fixed wireless,Yes,No,No,No,No,Yes,No,Yes,No,E-wallet,No,106.23,5114.55,221.0,1,1,2,3.8,4,10,15,4,Phone;Fixed wireless;Streaming Movies;Device Protection,5194.55,No
C001107,Male,46,Kalimantan,11,Month-to-month,Premium,DSL,Yes,No,Yes,Yes,No,Yes,No,No,No,Bank transfer (auto),Yes,112.95,1135.45,146.3,0,0,1,4.9,2,1,10,5,Phone;DSL;Online Security;Tech Support;Streaming Movies,1185.45,No
C000429,Female,42,Jabodetabek,7,Month-to-month,Premium,Fiber optic,Yes,No,No,Yes,No,Yes,No,Yes,Yes,Virtual account,No,119.84,748.02,134.5,1,1,2,,1,4,10,5,Phone;Fiber optic;Tech Support;Streaming Movies;Device Protection,753.02,Yes
C001875,Female,35,Jabodetabek,55,Two year,Basic,Fixed wireless,Yes,Yes,No,No,Yes,Yes,No,No,Yes,Virtual account,No,79.23,3922.01,59.1,0,0,1,3.7,3,13,10,5,Phone;Multiple Lines;Fixed wireless;Streaming TV;Streaming Movies,3997.01,No
C001636,Male,43,Jawa Barat,52,Month-to-month,Standard,Fixed wireless,Yes,No,No,Yes,No,Yes,No,No,Yes,E-wallet,No,88.09,4685.41,101.9,1,0,2,3.2,3,4,0,4,Phone;Fixed wireless;Tech Support;Streaming Movies,4752.41,No
C000101,Male,35,Jawa Timur,23,Two year,Basic,Fiber optic,Yes,Yes,No,Yes,Yes,Yes,Yes,No,Yes,Bank transfer (auto),Yes,94.86,1862.18,52.5,3,1,1,1.3,0,13,15,7,Phone;Multiple Lines;Fiber optic;Tech Support;Streaming TV;Streaming Movies;Cloud Storage,1826.18,No
C001481,Male,42,Kalimantan,57,One year,Basic,DSL,Yes,Yes,Yes,Yes,Yes,No,No,No,No,Bank transfer (auto),Yes,68.79,3481.43,76.7,0,0,0,3.7,3,4,10,6,Phone;Multiple Lines;DSL;Online Security;Tech Support;Streaming TV,3556.43,No
C001713,Female,38,Jabodetabek,54,Month-to-month,Premium,Fiber optic,Yes,Yes,No,Yes,Yes,Yes,Yes,Yes,No,Bank transfer (auto),Yes,134.6,,186.4,3,1,0,,1,5,20,8,Phone;Multiple Lines;Fiber optic;Tech Support;Streaming TV;Streaming Movies;Cloud Storage;Device Protection,5666.6,No
C000336,Male,45,Jabodetabek,43,One year,Basic,Fixed wireless,Yes,Yes,Yes,No,No,Yes,No,Yes,Yes,E-wallet,No,69.27,2908.8,84.3,0,1,2,3.1,1,6,0,6,Phone;Multiple Lines;Fixed wireless;Online Security;Streaming Movies;Device Protection,2921.8,No
C001301,Female,46,Jabodetabek,48,Month-to-month,Standard,None,Yes,No,No,No,No,No,No,No,Yes,Bank transfer (auto),Yes,41.89,1956.75,,1,1,1,2.8,2,5,5,1,Phone,1986.75,No
C001950,Female,44,Jabodetabek,5,Month-to-month,Standard,Fiber optic,Yes,Yes,Yes,Yes,Yes,Yes,No,Yes,No,Bank transfer (auto),Yes,118.39,506.4,165.0,2,1,0,2.6,0,9,15,8,Phone;Multiple Lines;Fiber optic;Online Security;Tech Support;Streaming TV;Streaming Movies;Device Protection,478.4,No
C001183,Female,38,Kalimantan,24,One year,Premium,Fiber optic,Yes,No,Yes,No,No,Yes,No,No,Yes,Virtual account,No,116.78,2770.79,161.8,1,1,0,3.9,4,15,0,4,Phone;Fiber optic;Online Security;Streaming Movies,2850.79,No
C001643,Male,46,Jabodetabek,59,Month-to-month,Basic,Fiber optic,Yes,No,Yes,Yes,No,Yes,Yes,Yes,Yes,Virtual account,No,85.62,4463.91,73.8,2,0,1,3.3,3,14,10,7,Phone;Fiber optic;Online Security;Tech Support;Streaming Movies;Cloud Storage;Device Protection,4522.91,No
C000924,Male,30,Sumatera,23,Two year,Basic,Fiber optic,Yes,No,No,No,No,No,Yes,No,No,E-wallet,No,67.96,1369.96,39.2,2,1,1,2.8,0,15,10,3,Phone;Fiber optic;Cloud Storage,1341.96,Yes
C001254,Female,22,Jabodetabek,52,One year,Standard,Fixed wireless,Yes,No,No,No,No,No,No,No,Yes,Credit card (auto),Yes,72.52,3128.12,91.8,1,0,1,3.6,5,8,15,2,Phone;Fixed wireless,3245.12,No
C001069,Male,47,Jawa Tengah,37,Month-to-month,Standard,Fiber optic,Yes,No,No,No,No,No,No,No,No,E-wallet,No,76.72,2624.95,84.0,2,1,1,2.2,1,6,5,2,Phone;Fiber optic,2621.95,No
C001779,Male,39,Jabodetabek,33,Month-to-month,Standard,Fiber optic,Yes,No,Yes,Yes,No,No,No,No,Yes,E-wallet,No,85.79,2627.25,80.4,2,1,1,2.1,1,23,5,4,Phone;Fiber optic;Online Security;Tech Support,2624.25,Yes
C001620,Female,46,Bali-Nusa Tenggara,42,One year,Standard,Fiber optic,Yes,No,Yes,No,No,No,No,No,Yes,Bank transfer (auto),Yes,79.41,3241.99,103.8,3,0,3,2.3,2,13,0,3,Phone;Fiber optic;Online Security,3267.99,No
C000609,Male,39,Jawa Barat,5,Month-to-month,Standard,Fiber optic,Yes,No,Yes,No,No,Yes,No,Yes,No,Virtual account,No,95.66,475.35,99.3,2,2,2,1,0,12,0,5,Phone;Fiber optic;Online Security;Streaming Movies;Device Protection,435.35,Yes
C000073,Male,66,Jawa Barat,42,One year,Basic,DSL,Yes,No,No,No,No,No,No,Yes,Yes,Credit card (auto),Yes,52.12,2009.84,92.8,0,0,1,,2,5,10,3,Phone;DSL;Device Protection,2059.84,No
C001776,Male,36,Kalimantan,16,One year,Standard,DSL,Yes,Yes,Yes,No,Yes,Yes,No,Yes,No,E-wallet,No,100.28,1250.41,96.0,2,2,0,1.3,0,11,20,7,Phone;Multiple Lines;DSL;Online Security;Streaming TV;Streaming Movies;Device Protection,1210.41,No
C001911,Female,58,Jawa Timur,14,One year,Standard,Fiber optic,Yes,No,No,No,Yes,No,No,Yes,Yes,Bank transfer (auto),Yes,93.32,1080.61,116.2,0,0,1,1.9,0,19,15,4,Phone;Fiber optic;Streaming TV;Device Protection,1080.61,No
C000951,Female,56,Jawa Timur,44,One year,Basic,Fiber optic,No,No,No,No,No,No,No,Yes,Yes,Virtual account,No,60.16,2489.91,45.7,1,0,1,2.6,0,5,5,2,Fiber optic;Device Protection,2481.91,No
C000952,Male,53,Jabodetabek,24,One year,Standard,Fixed wireless,Yes,Yes,No,No,No,Yes,Yes,No,No,Bank transfer (auto),Yes,82.58,1987.17,107.8,1,0,0,4.1,2,6,0,5,Phone;Multiple Lines;Fixed wireless;Streaming Movies;Cloud Storage,2029.17,No
C000749,Female,51,Bali-Nusa Tenggara,39,One year,Standard,DSL,Yes,Yes,No,No,No,No,Yes,Yes,Yes,E-wallet,No,73.19,2408.2,77.4,2,1,1,3.1,1,8,15,5,Phone;Multiple Lines;DSL;Cloud Storage;Device Protection,2405.2,No
C001852,Male,61,Sumatera,61,One year,Standard,Fiber optic,Yes,Yes,No,Yes,Yes,No,Yes,No,Yes,E-wallet,No,105.82,6497.88,86.5,3,1,3,1.7,2,8,0,6,Phone;Multiple Lines;Fiber optic;Tech Support;Streaming TV;Cloud Storage,6511.88,Yes
C001714,Male,20,Jawa Barat,14,One year,Standard,DSL,No,No,No,Yes,No,Yes,Yes,No,Yes,Credit card (auto),Yes,85.09,1162.53,104.4,1,0,0,3.5,1,21,0,4,DSL;Tech Support;Streaming Movies;Cloud Storage,1179.53,No
C000736,Male,65,Jawa Tengah,43,Month-to-month,Standard,Fixed wireless,Yes,Yes,Yes,Yes,Yes,Yes,No,No,No,Credit card (auto),Yes,109.0,4508.47,137.0,1,1,1,3.1,4,8,5,7,Phone;Multiple Lines;Fixed wireless;Online Security;Tech Support;Streaming TV;Streaming Movies,4588.47,No
C001597,Male,20,Jawa Timur,65,Month-to-month,Basic,DSL,Yes,No,Yes,Yes,No,Yes,Yes,No,No,E-wallet,No,72.45,4730.41,55.2,1,2,0,2.0,3,10,0,6,Phone;DSL;Online Security;Tech Support;Streaming Movies;Cloud Storage,4773.41,No
C000315,Male,33,Jawa Barat,41,Month-to-month,Standard,Fiber optic,Yes,Yes,No,No,No,Yes,No,No,Yes,E-wallet,No,86.54,3647.53,68.3,2,1,2,2.7,3,5,0,4,Phone;Multiple Lines;Fiber optic;Streaming Movies,3694.53,Yes
C000915,Male,28,Jawa Tengah,41,Two year,Standard,Fiber optic,Yes,No,No,Yes,No,No,No,No,Yes,Virtual account,No,79.97,2844.36,107.6,2,1,3,1.9,0,6,15,3,Phone;Fiber optic;Tech Support,2816.36,No
C000319,Male,41,Sulawesi,29,Month-to-month,Premium,Fiber optic,Yes,Yes,Yes,No,Yes,Yes,No,No,Yes,Credit card (auto),Yes,135.27,3114.77,219.3,0,1,0,3.2,1,5,20,6,Phone;Multiple Lines;Fiber optic;Online Security;Streaming TV;Streaming Movies,3127.77,No
C001135,Male,58,Jabodetabek,35,Month-to-month,Premium,DSL,Yes,No,No,Yes,No,No,No,Yes,No,Bank transfer (auto),Yes,95.2,3150.19,166.3,1,1,0,2.5,0,14,5,4,Phone;DSL;Tech Support;Device Protection,3130.19,No
C001603,Female,37,Jawa Tengah,6,Month-to-month,Premium,DSL,Yes,Yes,Yes,Yes,Yes,Yes,Yes,No,Yes,Bank transfer (auto),Yes,127.2,765.76,187.7,0,1,0,2.4,0,6,0,8,Phone;Multiple Lines;DSL;Online Security;Tech Support;Streaming TV;Streaming Movies;Cloud Storage,753.76,No
C000029,Male,70,Jabodetabek,30,One year,Standard,Fiber optic,Yes,No,No,No,No,Yes,Yes,No,No,Cash/retail outlet,No,88.52,2554.7,132.2,1,0,2,2.4,1,7,5,4,Phone;Fiber optic;Streaming Movies;Cloud Storage,2571.7,No
C000296,Male,31,Kalimantan,38,One year,Premium,Fixed wireless,Yes,Yes,No,No,No,No,No,Yes,Yes,E-wallet,No,104.49,3095.73,117.2,2,1,1,,1,12,20,4,Phone;Multiple Lines;Fixed wireless;Device Protection,3092.73,No
C000715,Male,52,Bali-Nusa Tenggara,4,Month-to-month,Standard,Fixed wireless,Yes,No,No,Yes,No,Yes,No,No,No,Credit card (auto),Yes,93.35,372.38,109.1,0,0,0,4.8,1,2,0,4,Phone;Fixed wireless;Tech Support;Streaming Movies,397.38,No
C000713,Male,50,Jawa Tengah,27,Month-to-month,Basic,DSL,Yes,No,No,No,No,No,No,No,Yes,Credit card (auto),Yes,46.41,1184.34,16.9,0,1,2,2.5,1,13,5,2,Phone;DSL,1197.34,No
C001457,Female,54,Jabodetabek,21,Month-to-month,Premium,Fixed wireless,Yes,Yes,No,No,No,Yes,No,No,No,Bank transfer (auto),Yes,106.6,2108.86,139.6,0,0,1,4.0,3,9,5,4,Phone;Multiple Lines;Fixed wireless;Streaming Movies,2183.86,No
C001630,Male,72,Jawa Barat,19,Month-to-month,Standard,Fiber optic,No,No,No,No,No,Yes,No,No,Yes,Bank transfer (auto),Yes,79.68,1501.99,116.3,0,1,0,3.0,1,5,0,2,Fiber optic;Streaming Movies,1514.99,No
C000606,Female,29,Jabodetabek,35,Two year,Standard,Fiber optic,Yes,No,No,No,No,No,No,Yes,Yes,Virtual account,No,73.77,2368.01,95.0,1,0,1,4.4,5,2,10,3,Phone;Fiber optic;Device Protection,2485.01,No
C000782,Male,31,Sumatera,20,One year,Standard,Fiber optic,Yes,No,Yes,No,Yes,No,No,Yes,Yes,E-wallet,No,98.81,1872.01,71.5,0,1,1,3.3,2,4,5,5,Phone;Fiber optic;Online Security;Streaming TV;Device Protection,1910.01,No
C001139,Female,35,Sulawesi,16,Month-to-month,Premium,Fiber optic,Yes,No,Yes,No,Yes,Yes,No,Yes,Yes,Credit card (auto),Yes,128.24,2001.66,178.0,2,1,1,,0,11,0,6,Phone;Fiber optic;Online Security;Streaming TV;Streaming Movies;Device Protection,1973.66,Yes
C000216,Male,28,Sulawesi,29,Two year,Standard,Fiber optic,Yes,No,Yes,No,No,Yes,Yes,No,Yes,Credit card (auto),Yes,96.04,2516.3,77.7,0,0,0,3.9,3,3,10,5,Phone;Fiber optic;Online Security;Streaming Movies;Cloud Storage,2591.3,No
C000937,Male,21,Sumatera,23,Month-to-month,Standard,Fiber optic,Yes,No,No,Yes,No,Yes,No,No,Yes,Virtual account,No,88.47,1997.48,116.2,2,0,1,3.9,2,8,0,4,Phone;Fiber optic;Tech Support;Streaming Movies,2031.48,No
C001127,Male,46,Kalimantan,12,Month-to-month,Basic,Fixed wireless,Yes,Yes,No,No,No,No,Yes,No,Yes,E-wallet,No,59.72,670.56,28.2,2,1,0,2.7,2,5,5,4,Phone;Multiple Lines;Fixed wireless;Cloud Storage,692.56,No
C000973,Male,55,Jabodetabek,29,Month-to-month,Standard,Fiber optic,Yes,No,No,No,Yes,No,No,No,Yes,Cash/retail outlet,No,83.7,2258.17,128.5,0,0,1,3.7,3,9,5,3,Phone;Fiber optic;Streaming TV,2333.17,No
C001474,Male,45,Jawa Tengah,33,Two year,Standard,Fixed wireless,No,No,No,Yes,Yes,No,No,No,Yes,E-wallet,No,77.99,2264.88,74.9,0,0,2,3.1,2,3,10,3,Fixed wireless;Tech Support;Streaming TV,2314.88,No
C001112,Male,30,Jawa Barat,23,Month-to-month,Basic,None,Yes,No,No,No,No,No,No,No,Yes,E-wallet,No,27.43,558.96,,0,0,1,3.9,2,4,10,1,Phone,608.96,No
C001016,Male,30,Jawa Barat,15,Month-to-month,Premium,Fiber optic,Yes,No,Yes,No,Yes,No,No,No,Yes,Bank transfer (auto),Yes,112.42,1612.73,142.4,2,1,0,2.8,0,8,5,4,Phone;Fiber optic;Online Security;Streaming TV,1584.73,No
C000941,Male,35,Jawa Barat,48,One year,Basic,DSL,Yes,Yes,Yes,Yes,No,Yes,No,No,Yes,Credit card (auto),Yes,62.23,2813.48,65.6,4,2,2,1,0,8,5,6,Phone;Multiple Lines;DSL;Online Security;Tech Support;Streaming Movies,2757.48,Yes
C000044,Female,30,Jawa Tengah,35,One year,Basic,None,Yes,No,No,No,No,No,No,No,Yes,Credit card (auto),Yes,19.28,694.87,,1,0,0,4.6,4,11,0,1,Phone,786.87,No
C001539,Male,32,Jawa Barat,18,Month-to-month,Basic,DSL,Yes,No,Yes,Yes,No,No,Yes,No,Yes,Bank transfer (auto),Yes,63.42,1130.9,48.3,1,0,0,3.4,0,15,0,5,Phone;DSL;Online Security;Tech Support;Cloud Storage,1122.9,No
C000094,Male,33,Kalimantan,12,Month-to-month,Standard,Fiber optic,Yes,Yes,No,No,Yes,No,No,No,No,E-wallet,No,85.98,1020.1,92.5,3,2,2,1.9,1,7,0,4,Phone;Multiple Lines;Fiber optic;Streaming TV,997.1,Yes
C001694,Male,56,Jawa Timur,40,One year,Premium,DSL,Yes,No,Yes,No,No,Yes,No,No,Yes,E-wallet,No,105.68,4134.8,135.5,1,0,1,3.2,3,10,0,4,Phone;DSL;Online Security;Streaming Movies,4201.8,No
C000428,Female,36,Sumatera,31,Month-to-month,Premium,DSL,Yes,No,Yes,Yes,Yes,No,No,Yes,Yes,Credit card (auto),Yes,116.82,3611.79,147.1,2,0,1,,2,8,0,6,Phone;DSL;Online Security;Tech Support;Streaming TV;Device Protection,3645.79,No
C000353,Female,53,Jabodetabek,20,Month-to-month,Standard,DSL,Yes,Yes,No,No,No,Yes,No,No,Yes,E-wallet,No,83.88,1726.67,103.9,0,1,1,3.5,1,8,0,4,Phone;Multiple Lines;DSL;Streaming Movies,1739.67,Yes
C001472,Male,30,Bali-Nusa Tenggara,41,Month-to-month,Premium,Fiber optic,Yes,No,Yes,Yes,Yes,Yes,Yes,Yes,Yes,Virtual account,No,140.36,5507.93,199.5,3,0,2,,2,7,5,8,Phone;Fiber optic;Online Security;Tech Support;Streaming TV;Streaming Movies;Cloud Storage;Device Protection,5533.93,No
C000947,Male,31,Jabodetabek,53,One year,Basic,None,Yes,No,No,No,No,No,No,No,No,E-wallet,No,34.65,1694.04,,1,1,2,1.2,2,14,5,1,Phone,1724.04,No
C001374,Female,51,Jawa Barat,36,Two year,Standard,DSL,Yes,Yes,No,No,No,No,No,No,No,E-wallet,No,71.6,2106.34,83.0,1,1,0,3.2,0,11,20,3,Phone;Multiple Lines;DSL,2086.34,No
C001983,Female,40,Jawa Barat,35,Month-to-month,Basic,Fiber optic,Yes,No,No,No,Yes,Yes,No,No,Yes,Credit card (auto),Yes,75.01,2673.23,117.6,3,1,1,1.2,0,10,0,4,Phone;Fiber optic;Streaming TV;Streaming Movies,2637.23,No
C001339,Female,27,Jawa Tengah,43,Month-to-month,Standard,Fixed wireless,Yes,Yes,No,No,Yes,No,No,Yes,Yes,E-wallet,No,92.17,3950.87,92.3,2,1,2,2.1,0,6,0,5,Phone;Multiple Lines;Fixed wireless;Streaming TV;Device Protection,3922.87,No
C000738,Female,51,Jawa Timur,32,One year,Basic,Fiber optic,Yes,No,No,No,No,Yes,No,No,Yes,Credit card (auto),Yes,71.12,1934.22,79.3,2,0,0,3.3,2,10,15,3,Phone;Fiber optic;Streaming Movies,1968.22,No
C000184,Male,52,Jawa Timur,30,Two year,Standard,Fiber optic,Yes,No,Yes,Yes,Yes,No,Yes,No,No,Credit card (auto),Yes,100.98,2587.58,117.5,2,1,1,1.9,0,8,15,6,Phone;Fiber optic;Online Security;Tech Support;Streaming TV;Cloud Storage,2559.58,No
C001355,Female,37,Jawa Timur,31,Month-to-month,Premium,DSL,Yes,No,No,Yes,Yes,No,No,No,No,E-wallet,No,106.62,3141.31,179.0,0,1,2,,2,25,5,4,Phone;DSL;Tech Support;Streaming TV,3179.31,Yes
C000468,Male,24,Kalimantan,34,One year,Standard,Fixed wireless,Yes,No,No,No,No,No,No,No,No,Bank transfer (auto),Yes,68.68,1989.93,94.9,2,0,0,2.4,1,7,15,2,Phone;Fixed wireless,1998.93,No
C001919,Female,37,Jawa Timur,55,Two year,Standard,DSL,Yes,Yes,No,Yes,No,No,Yes,No,Yes,Bank transfer (auto),Yes,85.1,4313.56,77.6,2,1,0,2.6,3,5,10,5,Phone;Multiple Lines;DSL;Tech Support;Cloud Storage,4360.56,No
C001993,Female,46,Bali-Nusa Tenggara,3,Month-to-month,Basic,DSL,Yes,No,No,No,No,No,Yes,No,No,Cash/retail outlet,No,52.11,156.63,70.1,1,1,0,2.8,1,5,0,3,Phone;DSL;Cloud Storage,161.63,No
C001284,Male,24,Jawa Barat,56,Month-to-month,Standard,None,Yes,No,No,No,No,No,No,No,No,Virtual account,No,50.3,2834.31,,0,2,0,3.6,4,17,0,1,Phone,2910.31,No
C000249,Male,49,Jawa Barat,38,Two year,Basic,Fixed wireless,Yes,No,No,No,Yes,No,No,Yes,No,Credit card (auto),Yes,56.2,1930.69,35.2,1,1,2,2.0,1,12,10,4,Phone;Fixed wireless;Streaming TV;Device Protection,1935.69,No
C000914,Female,58,Jabodetabek,60,Two year,Standard,Fiber optic,Yes,No,No,No,No,No,No,No,Yes,E-wallet,No,77.31,4203.46,61.4,0,1,1,3.8,4,6,10,2,Phone;Fiber optic,4291.46,No
C001223,Female,55,Sumatera,3,Month-to-month,Standard,Fiber optic,Yes,No,No,No,No,No,No,No,Yes,Credit card (auto),Yes,70.77,206.93,74.4,1,1,1,2.6,0,7,5,2,Phone;Fiber optic,186.93,No
C000794,Male,45,Jawa Barat,36,One year,Premium,DSL,Yes,Yes,No,No,No,No,Yes,No,Yes,Credit card (auto),Yes,100.18,3554.75,132.3,2,0,1,2.9,1,4,0,4,Phone;Multiple Lines;DSL;Cloud Storage,3563.75,No
C001965,Female,44,Kalimantan,10,Month-to-month,Standard,Fixed wireless,No,No,Yes,No,No,No,No,Yes,Yes,Bank transfer (auto),Yes,74.86,,55.8,0,1,2,2.3,0,15,5,3,Fixed wireless;Online Security;Device Protection,686.25,No
C001541,Male,30,Sulawesi,25,One year,Premium,Fixed wireless,Yes,No,Yes,No,No,Yes,No,No,Yes,Virtual account,No,103.98,2544.94,167.3,1,0,1,4.3,3,6,0,4,Phone;Fixed wireless;Online Security;Streaming Movies,2611.94,No
C001060,Male,60,Sumatera,34,Two year,Standard,Fiber optic,Yes,No,No,Yes,No,No,Yes,No,No,E-wallet,No,88.66,2657.68,56.1,1,1,1,3.0,4,4,10,4,Phone;Fiber optic;Tech Support;Cloud Storage,2737.68,No
C001563,Male,20,Jawa Tengah,39,One year,Basic,DSL,Yes,No,Yes,Yes,Yes,Yes,No,No,Yes,E-wallet,No,77.69,2916.71,48.7,0,0,1,,3,9,5,6,Phone;DSL;Online Security;Tech Support;Streaming TV;Streaming Movies,2991.71,No
C001179,Male,32,Jawa Timur,21,Month-to-month,Standard,DSL,No,No,Yes,Yes,No,Yes,Yes,Yes,Yes,Virtual account,No,95.12,1848.08,112.4,1,0,1,2.6,0,6,5,6,DSL;Online Security;Tech Support;Streaming Movies;Cloud Storage;Device Protection,1840.08,No
C001159,Female,30,Jawa Barat,23,Month-to-month,Standard,Fiber optic,Yes,Yes,No,No,No,No,No,No,Yes,E-wallet,No,85.35,1769.75,70.1,1,1,1,2.6,0,7,10,3,Phone;Multiple Lines;Fiber optic,1749.75,No
C000356,Male,34,Jawa Barat,16,One year,Standard,Fiber optic,Yes,No,No,No,No,No,No,No,Yes,Bank transfer (auto),Yes,81.94,1099.91,133.0,3,0,0,2.7,0,7,15,2,Phone;Fiber optic,1075.91,No
C001564,Male,38,Sumatera,66,Two year,Premium,Fiber optic,Yes,Yes,Yes,No,No,Yes,Yes,No,Yes,E-wallet,No,128.3,6787.56,215.0,1,0,1,3.7,4,10,20,6,Phone;Multiple Lines;Fiber optic;Online Security;Streaming Movies;Cloud Storage,6879.56,No
C000420,Female,47,Jawa Timur,29,One year,Standard,Fiber optic,Yes,No,No,No,Yes,No,Yes,No,Yes,Cash/retail outlet,No,88.01,2354.57,84.4,2,1,2,2.7,2,10,5,4,Phone;Fiber optic;Streaming TV;Cloud Storage,2376.57,No
C000422,Female,51,Jawa Barat,33,Month-to-month,Standard,Fiber optic,Yes,Yes,No,No,No,No,Yes,No,Yes,E-wallet,No,88.31,2853.72,104.4,2,1,1,2.0,0,6,0,4,Phone;Multiple Lines;Fiber optic;Cloud Storage,2825.72,Yes
C000547,Female,32,Jabodetabek,26,One year,Premium,DSL,Yes,Yes,No,No,No,No,Yes,No,No,,Yes,96.1,2493.86,158.7,2,1,1,2.6,0,7,0,4,Phone;Multiple Lines;DSL;Cloud Storage,2465.86,No
C001577,Male,36,Bali-Nusa Tenggara,18,Month-to-month,Basic,Fiber optic,Yes,No,No,No,No,No,No,No,Yes,Virtual account,No,61.95,1020.26,13.1,0,1,0,3.6,2,9,10,2,Phone;Fiber optic,1058.26,No
C000226,Male,33,Jabodetabek,27,Two year,Standard,None,Yes,No,No,No,No,No,No,No,Yes,Virtual account,No,44.67,1067.14,,1,1,3,,0,7,10,1,Phone,1047.14,No
C000139,Male,49,Jabodetabek,23,Month-to-month,Premium,DSL,Yes,No,No,No,Yes,Yes,Yes,Yes,Yes,Bank transfer (auto),Yes,112.6,2636.1,174.9,1,1,1,1.9,0,12,0,6,Phone;DSL;Streaming TV;Streaming Movies;Cloud Storage;Device Protection,2616.1,No
C001025,Male,31,Jawa Timur,15,Two year,Standard,Fiber optic,Yes,No,No,No,No,Yes,No,Yes,Yes,Credit card (auto),Yes,89.21,1160.9,135.5,3,2,0,1,0,8,15,4,Phone;Fiber optic;Streaming Movies;Device Protection,1112.9,Yes
C001229,Male,26,Jawa Timur,21,One year,Premium,Fixed wireless,Yes,Yes,No,No,Yes,Yes,No,Yes,No,E-wallet,No,123.36,2562.27,207.5,1,1,1,3.6,2,22,0,6,Phone;Multiple Lines;Fixed wireless;Streaming TV;Streaming Movies;Device Protection,2592.27,Yes
C000421,Male,62,Jawa Timur,36,One year,Standard,DSL,Yes,No,No,Yes,Yes,Yes,No,No,Yes,E-wallet,No,85.47,2981.98,142.6,3,1,2,1.9,2,8,5,5,Phone;DSL;Tech Support;Streaming TV;Streaming Movies,2995.98,No
C000636,Male,31,Jawa Barat,63,Two year,Premium,None,Yes,No,No,No,No,No,No,No,Yes,Bank transfer (auto),Yes,66.49,3873.37,,0,0,0,3.5,4,13,10,1,Phone,3973.37,No
C001783,Female,44,Jabodetabek,11,Month-to-month,Basic,Fiber optic,No,No,Yes,No,No,No,No,No,Yes,Virtual account,No,65.34,702.76,39.9,2,1,3,2.3,2,6,5,2,Fiber optic;Online Security,724.76,Yes
C001140,Male,25,Jawa Barat,5,Month-to-month,Standard,DSL,Yes,No,No,No,No,No,No,No,No,Credit card (auto),Yes,64.77,291.96,44.2,2,1,0,2.1,0,20,10,2,Phone;DSL,263.96,No
C001207,Female,56,Sulawesi,47,One year,Standard,DSL,Yes,No,No,No,No,No,No,Yes,No,Virtual account,No,73.65,2864.57,91.7,1,0,2,3.0,4,4,15,3,Phone;DSL;Device Protection,2956.57,No
C001840,Male,58,Jawa Timur,41,Two year,Standard,Fiber optic,Yes,No,Yes,No,Yes,Yes,No,Yes,No,Virtual account,No,98.32,3541.66,81.1,0,1,0,3.0,1,9,10,6,Phone;Fiber optic;Online Security;Streaming TV;Streaming Movies;Device Protection,3554.66,No
C000669,Male,33,Sulawesi,14,Month-to-month,Standard,Fiber optic,Yes,Yes,No,No,No,No,No,No,No,Cash/retail outlet,No,82.73,948.05,122.0,1,0,2,4.1,2,4,20,3,Phone;Multiple Lines;Fiber optic,990.05,No
C001936,Female,40,Jabodetabek,15,One year,Basic,Fiber optic,No,No,Yes,No,No,No,Yes,No,Yes,E-wallet,No,74.08,1134.19,57.0,1,1,1,2.4,0,9,0,3,Fiber optic;Online Security;Cloud Storage,1114.19,Yes
C001335,Male,43,Kalimantan,33,Two year,Standard,Fiber optic,Yes,Yes,No,Yes,Yes,Yes,No,No,No,Cash/retail outlet,No,104.3,3008.27,103.8,1,1,2,2.7,3,8,10,6,Phone;Multiple Lines;Fiber optic;Tech Support;Streaming TV;Streaming Movies,3063.27,No
C000193,Female,33,Jawa Barat,11,Two year,Standard,DSL,Yes,No,No,Yes,Yes,No,No,No,No,Virtual account,No,79.22,806.72,96.1,3,1,1,,2,7,10,4,Phone;DSL;Tech Support;Streaming TV,820.72,No
C001705,Male,28,Jabodetabek,14,Two year,Basic,Fiber optic,Yes,Yes,Yes,No,Yes,No,No,No,No,Bank transfer (auto),Yes,75.79,973.37,96.6,2,1,2,2.7,2,9,10,5,Phone;Multiple Lines;Fiber optic;Online Security;Streaming TV,995.37,No
C000997,Male,28,Jabodetabek,61,Two year,Standard,Fiber optic,Yes,Yes,Yes,No,Yes,Yes,No,No,No,E-wallet,No,107.78,5637.26,108.2,2,0,2,3.6,3,10,15,6,Phone;Multiple Lines;Fiber optic;Online Security;Streaming TV;Streaming Movies,5696.26,No
C001755,Female,41,Jawa Tengah,27,One year,Standard,Fixed wireless,Yes,Yes,No,Yes,Yes,No,No,Yes,No,E-wallet,No,93.57,2536.46,66.1,1,0,2,3.0,1,7,0,6,Phone;Multiple Lines;Fixed wireless;Tech Support;Streaming TV;Device Protection,2553.46,No
C001787,Male,35,Jabodetabek,41,One year,Standard,DSL,Yes,No,No,Yes,No,No,No,No,Yes,Virtual account,No,68.72,2550.75,81.3,0,0,2,3.2,1,6,10,3,Phone;DSL;Tech Support,2575.75,No
C000342,Male,63,Jawa Timur,13,Month-to-month,Standard,Fiber optic,Yes,No,No,No,No,Yes,No,No,No,Bank transfer (auto),Yes,88.94,1072.42,104.0,0,1,2,3.4,1,19,5,3,Phone;Fiber optic;Streaming Movies,1085.42,Yes
C000806,Male,51,Jabodetabek,37,Month-to-month,Standard,Fiber optic,Yes,No,No,No,Yes,No,No,No,Yes,Credit card (auto),Yes,80.96,2612.66,111.1,1,0,1,,2,18,15,3,Phone;Fiber optic;Streaming TV,2654.66,No
C000198,Male,37,Jabodetabek,19,One year,Standard,Fiber optic,Yes,No,No,No,Yes,No,No,No,Yes,Virtual account,No,89.53,1680.76,123.2,1,0,1,,1,2,0,3,Phone;Fiber optic;Streaming TV,1697.76,No
C001708,Female,49,Sulawesi,7,Month-to-month,Standard,Fiber optic,Yes,Yes,No,No,No,Yes,No,No,Yes,Credit card (auto),Yes,90.72,595.99,73.0,1,0,1,3.6,1,4,5,4,Phone;Multiple Lines;Fiber optic;Streaming Movies,612.99,No
C000743,Male,45,Jabodetabek,21,Month-to-month,Standard,Fiber optic,Yes,No,No,Yes,No,Yes,Yes,Yes,Yes,Cash/retail outlet,No,103.81,2193.56,102.5,4,1,1,2.5,0,6,0,6,Phone;Fiber optic;Tech Support;Streaming Movies;Cloud Storage;Device Protection,2149.56,Yes
C001099,Male,29,Sumatera,68,One year,Standard,DSL,Yes,Yes,No,No,Yes,No,No,No,Yes,Credit card (auto),Yes,80.38,4980.56,81.8,1,0,1,2.9,4,6,10,4,Phone;Multiple Lines;DSL;Streaming TV,5072.56,No
C000993,Male,37,Bali-Nusa Tenggara,23,Month-to-month,Basic,Fixed wireless,Yes,No,No,No,No,No,No,No,Yes,Credit card (auto),Yes,48.82,1010.11,71.8,0,1,1,5,1,5,10,2,Phone;Fixed wireless,1023.11,No
C001351,Male,33,Jabodetabek,13,One year,Premium,Fiber optic,Yes,Yes,Yes,Yes,Yes,No,No,No,Yes,Cash/retail outlet,No,124.81,1476.2,176.7,0,1,2,3.9,2,3,10,6,Phone;Multiple Lines;Fiber optic;Online Security;Tech Support;Streaming TV,1514.2,No
C001895,Male,24,Jawa Tengah,20,One year,Premium,None,Yes,Yes,No,No,No,No,No,No,Yes,Virtual account,No,78.86,1537.1,,0,0,1,4.3,2,10,0,2,Phone;Multiple Lines,1587.1,No
C001850,Male,51,Jabodetabek,39,Month-to-month,Premium,DSL,Yes,Yes,No,No,Yes,Yes,Yes,No,Yes,E-wallet,No,115.2,4496.97,191.0,2,0,1,2.8,0,8,0,6,Phone;Multiple Lines;DSL;Streaming TV;Streaming Movies;Cloud Storage,4480.97,Yes
C001575,Female,32,Sulawesi,30,Two year,Basic,DSL,Yes,No,No,No,Yes,No,Yes,No,Yes,Bank transfer (auto),Yes,51.86,1429.67,46.3,1,1,2,2.2,2,23,10,4,Phone;DSL;Streaming TV;Cloud Storage,1459.67,Yes
C000327,Male,53,Jawa Timur,29,One year,Premium,Fiber optic,Yes,Yes,Yes,Yes,Yes,Yes,Yes,No,Yes,Bank transfer (auto),Yes,134.2,3592.84,197.1,4,0,1,3.0,0,6,5,8,Phone;Multiple Lines;Fiber optic;Online Security;Tech Support;Streaming TV;Streaming Movies;Cloud Storage,3560.84,No
C001963,Female,46,Jawa Timur,12,Two year,Basic,Fiber optic,Yes,No,Yes,No,No,Yes,No,No,Yes,Cash/retail outlet,No,75.53,813.89,117.8,1,1,0,3.3,2,6,10,4,Phone;Fiber optic;Online Security;Streaming Movies,843.89,No
C001476,Female,49,Jawa Timur,30,One year,Basic,DSL,Yes,Yes,Yes,No,No,No,Yes,No,No,Bank transfer (auto),Yes,63.2,1912.89,76.0,1,0,0,5.0,4,8,0,5,Phone;Multiple Lines;DSL;Online Security;Cloud Storage,2004.89,No
C000586,Male,60,Bali-Nusa Tenggara,5,Month-to-month,Basic,Fiber optic,Yes,No,No,No,No,No,Yes,Yes,Yes,Credit card (auto),Yes,67.43,346.47,47.1,1,0,0,2.9,0,7,0,4,Phone;Fiber optic;Cloud Storage;Device Protection,338.47,No
C001379,Female,58,Sumatera,42,Two year,Standard,None,No,No,No,No,No,No,No,No,No,Credit card (auto),Yes,45.79,1495.83,,0,0,1,,3,9,20,0,,1570.83,No
C001390,Male,43,Jabodetabek,32,Month-to-month,Standard,DSL,Yes,Yes,No,Yes,No,No,No,No,Yes,Cash/retail outlet,No,80.81,2319.35,43.3,1,0,1,,3,3,10,4,Phone;Multiple Lines;DSL;Tech Support,2386.35,No
C000220,Female,51,Jabodetabek,42,Two year,Standard,Fiber optic,Yes,No,No,No,Yes,Yes,No,No,Yes,Cash/retail outlet,No,97.07,3573.78,110.9,3,1,2,1,3,27,10,4,Phone;Fiber optic;Streaming TV;Streaming Movies,3612.78,Yes
C000382,Male,74,Sumatera,40,Month-to-month,Premium,Fixed wireless,Yes,No,No,Yes,Yes,No,No,Yes,Yes,Credit card (auto),Yes,109.72,4279.49,130.5,2,1,0,2.2,1,11,0,5,Phone;Fixed wireless;Tech Support;Streaming TV;Device Protection,4276.49,No
C001372,Female,60,Jawa Barat,17,Month-to-month,Premium,Fiber optic,Yes,Yes,Yes,Yes,Yes,Yes,No,No,Yes,E-wallet,No,136.02,2275.05,188.0,0,0,0,,3,5,0,7,Phone;Multiple Lines;Fiber optic;Online Security;Tech Support;Streaming TV;Streaming Movies,2350.05,No
C001511,Male,24,Jabodetabek,15,One year,Premium,Fiber optic,Yes,No,No,No,Yes,No,No,Yes,Yes,Virtual account,No,119.98,1777.8,179.5,0,0,1,4.5,1,3,0,4,Phone;Fiber optic;Streaming TV;Device Protection,1802.8,No
C000710,Male,56,Sumatera,13,One year,Standard,Fiber optic,Yes,No,No,Yes,No,No,Yes,No,Yes,Credit card (auto),Yes,90.86,1036.72,48.0,0,0,0,3.8,3,8,10,4,Phone;Fiber optic;Tech Support;Cloud Storage,1111.72,No
C001834,Male,49,Jawa Barat,27,Month-to-month,Standard,DSL,No,No,No,No,No,No,No,No,No,Bank transfer (auto),Yes,66.82,1684.21,84.2,1,0,0,3.0,3,9,5,1,DSL,1751.21,No
C001951,Female,66,Jawa Barat,48,One year,Basic,Fiber optic,No,No,No,No,No,Yes,No,No,Yes,Bank transfer (auto),Yes,65.82,2764.67,75.6,0,0,2,3.8,3,7,15,2,Fiber optic;Streaming Movies,2839.67,No
C001365,Male,50,Jabodetabek,39,Two year,Premium,None,Yes,No,No,No,No,No,No,No,No,Cash/retail outlet,No,68.49,2452.82,,0,1,1,3.3,2,4,10,1,Phone,2490.82,No
C000496,Female,25,Sumatera,59,Month-to-month,Basic,DSL,Yes,Yes,No,No,No,Yes,No,No,Yes,Virtual account,No,58.89,3453.16,53.2,1,0,3,3.1,4,7,0,4,Phone;Multiple Lines;DSL;Streaming Movies,3545.16,Yes
C000076,Female,42,Jabodetabek,35,One year,Premium,Fiber optic,No,No,No,No,No,Yes,Yes,No,No,,No,109.41,3649.93,186.2,3,1,2,2.1,1,6,5,3,Fiber optic;Streaming Movies;Cloud Storage,3638.93,No
C001507,Male,37,Jabodetabek,28,Month-to-month,Basic,Fiber optic,No,No,Yes,Yes,No,Yes,No,No,Yes,E-wallet,No,67.66,1938.94,87.6,2,0,3,2.6,0,9,0,4,Fiber optic;Online Security;Tech Support;Streaming Movies,1922.94,No
C000066,Female,29,Jabodetabek,41,Month-to-month,Basic,DSL,Yes,No,No,No,No,No,Yes,Yes,Yes,Bank transfer (auto),Yes,54.06,2200.41,77.4,1,0,0,3.4,4,4,0,4,Phone;DSL;Cloud Storage;Device Protection,2292.41,No
C001927,Male,70,Jabodetabek,55,Month-to-month,Standard,Fiber optic,Yes,No,No,No,No,Yes,No,No,Yes,Credit card (auto),Yes,82.45,3810.17,109.8,3,1,2,1.3,2,11,15,3,Phone;Fiber optic;Streaming Movies,3824.17,Yes
C001163,Male,58,Jawa Tengah,33,Two year,Standard,DSL,Yes,No,Yes,Yes,No,Yes,No,No,Yes,E-wallet,No,87.15,2541.91,102.4,2,0,0,2.3,1,6,10,5,Phone;DSL;Online Security;Tech Support;Streaming Movies,2550.91,No
C001073,Male,40,Sumatera,23,Month-to-month,Standard,None,Yes,No,No,No,No,No,No,No,No,Virtual account,No,45.94,1045.81,,1,0,2,3.5,2,4,0,1,Phone,1087.81,No
C001709,Male,25,Jawa Tengah,23,Month-to-month,Premium,Fixed wireless,Yes,No,No,No,Yes,Yes,Yes,No,Yes,Bank transfer (auto),Yes,117.14,2334.55,196.5,1,1,2,2.9,0,17,15,5,Phone;Fixed wireless;Streaming TV;Streaming Movies;Cloud Storage,2314.55,Yes
C000416,Female,66,Kalimantan,28,Month-to-month,Standard,None,Yes,Yes,No,No,No,No,No,No,No,Credit card (auto),Yes,53.32,1369.5,,2,1,2,1.7,0,8,10,2,Phone;Multiple Lines,1341.5,Yes
C001360,Female,45,Jawa Barat,22,Two year,Standard,Fixed wireless,Yes,No,No,Yes,No,No,No,No,Yes,Credit card (auto),Yes,82.4,1653.07,94.7,1,0,1,3.1,0,3,10,3,Phone;Fixed wireless;Tech Support,1645.07,No
C000083,Male,21,Jawa Barat,3,Month-to-month,Standard,DSL,Yes,No,No,No,Yes,Yes,No,No,Yes,Credit card (auto),Yes,91.62,272.56,123.5,2,0,1,,0,5,0,4,Phone;DSL;Streaming TV;Streaming Movies,256.56,No
C001283,Female,51,Jabodetabek,25,One year,Standard,Fixed wireless,Yes,Yes,No,No,No,Yes,No,No,No,Bank transfer (auto),Yes,85.51,2091.07,107.8,2,0,0,2.4,2,11,5,4,Phone;Multiple Lines;Fixed wireless;Streaming Movies,2125.07,No
C000398,Male,49,Jabodetabek,29,Two year,Standard,DSL,Yes,No,Yes,Yes,No,No,No,No,No,Bank transfer (auto),Yes,78.74,1937.69,122.8,0,0,1,3.8,3,2,15,4,Phone;DSL;Online Security;Tech Support,2012.69,No
C000374,Male,41,Jabodetabek,7,Month-to-month,Standard,DSL,Yes,No,No,No,Yes,Yes,Yes,No,Yes,Bank transfer (auto),Yes,83.05,573.51,180.3,3,0,1,1.8,0,8,0,5,Phone;DSL;Streaming TV;Streaming Movies;Cloud Storage,549.51,No
C001737,Female,58,Sumatera,16,One year,Standard,Fixed wireless,Yes,No,No,No,No,No,No,No,Yes,Cash/retail outlet,No,68.47,1079.95,68.4,2,0,1,2.7,2,5,0,2,Phone;Fixed wireless,1113.95,Yes
C000212,Female,59,Jabodetabek,33,One year,Basic,Fiber optic,No,No,No,No,Yes,No,No,No,No,Bank transfer (auto),Yes,71.43,2400.07,40.6,1,2,1,3.4,2,19,0,2,Fiber optic;Streaming TV,2418.07,No
C001048,Female,69,Sulawesi,34,One year,Standard,Fiber optic,Yes,No,No,Yes,Yes,Yes,No,No,Yes,E-wallet,No,99.28,3462.82,164.5,1,0,3,2.8,1,4,0,5,Phone;Fiber optic;Tech Support;Streaming TV;Streaming Movies,3479.82,No
C001762,Male,38,Jawa Tengah,18,Month-to-month,Basic,DSL,Yes,Yes,Yes,No,No,No,No,No,No,Credit card (auto),Yes,56.3,882.68,31.4,1,0,3,,2,8,15,4,Phone;Multiple Lines;DSL;Online Security,924.68,Yes
C000275,Male,57,Jabodetabek,55,Two year,Standard,Fiber optic,Yes,No,No,No,No,Yes,No,Yes,Yes,Cash/retail outlet,No,92.51,4132.67,72.6,1,0,1,3.5,3,11,20,4,Phone;Fiber optic;Streaming Movies;Device Protection,4199.67,No
C001512,Female,27,Jabodetabek,51,Two year,Basic,Fixed wireless,Yes,Yes,No,Yes,Yes,No,No,Yes,Yes,Cash/retail outlet,No,76.29,3411.09,120.7,1,1,1,,2,8,10,6,Phone;Multiple Lines;Fixed wireless;Tech Support;Streaming TV;Device Protection,3441.09,No
C001502,Female,32,Jabodetabek,41,One year,Standard,Fiber optic,Yes,Yes,Yes,No,No,No,Yes,No,Yes,E-wallet,No,89.48,3741.93,91.7,1,0,0,4.2,3,7,0,5,Phone;Multiple Lines;Fiber optic;Online Security;Cloud Storage,3808.93,No
C001079,Male,40,Jabodetabek,36,One year,Basic,DSL,Yes,Yes,No,Yes,Yes,Yes,No,No,Yes,Virtual account,No,65.29,2215.38,126.1,3,1,3,1,0,25,5,6,Phone;Multiple Lines;DSL;Tech Support;Streaming TV;Streaming Movies,2179.38,Yes
C001294,Male,30,Jabodetabek,3,Month-to-month,Basic,DSL,Yes,No,No,No,Yes,No,Yes,No,Yes,Virtual account,No,59.26,180.05,54.1,2,0,1,3.3,2,20,0,4,Phone;DSL;Streaming TV;Cloud Storage,214.05,No
C000329,Male,65,Jawa Timur,35,Two year,Standard,Fiber optic,Yes,No,No,Yes,Yes,No,No,Yes,Yes,Cash/retail outlet,No,98.62,3167.25,110.9,0,0,2,3.8,3,5,10,5,Phone;Fiber optic;Tech Support;Streaming TV;Device Protection,3242.25,No
C001546,Male,23,Jawa Barat,23,One year,Premium,Fiber optic,Yes,No,Yes,Yes,No,Yes,No,No,No,Bank transfer (auto),Yes,124.55,2823.77,142.9,0,0,1,,1,9,0,5,Phone;Fiber optic;Online Security;Tech Support;Streaming Movies,2848.77,No
C000954,Male,43,Sumatera,12,Month-to-month,Premium,Fiber optic,Yes,No,No,No,No,No,Yes,No,Yes,Bank transfer (auto),Yes,107.0,1023.16,136.8,4,1,1,1.8,0,7,20,3,Phone;Fiber optic;Cloud Storage,979.16,Yes
C001689,Male,42,Kalimantan,21,One year,Standard,DSL,Yes,Yes,No,No,No,No,Yes,Yes,Yes,Bank transfer (auto),Yes,83.29,1707.75,75.2,1,2,0,2.2,0,7,5,5,Phone;Multiple Lines;DSL;Cloud Storage;Device Protection,1675.75,No
C001488,Male,51,Sulawesi,24,Month-to-month,Standard,DSL,Yes,No,No,Yes,Yes,Yes,Yes,No,No,Bank transfer (auto),Yes,90.91,2046.36,176.4,1,0,1,4.7,2,9,5,6,Phone;DSL;Tech Support;Streaming TV;Streaming Movies;Cloud Storage,2088.36,No
C001974,Female,44,Jabodetabek,36,Two year,Basic,Fiber optic,Yes,No,Yes,No,No,No,Yes,No,Yes,Credit card (auto),Yes,74.7,2477.07,24.7,0,0,1,,3,4,10,4,Phone;Fiber optic;Online Security;Cloud Storage,2552.07,No
C001641,Male,36,Jawa Tengah,40,Two year,Premium,DSL,Yes,No,No,Yes,No,No,No,Yes,Yes,Cash/retail outlet,No,101.23,3598.12,123.3,3,0,1,2.2,2,7,10,4,Phone;DSL;Tech Support;Device Protection,3624.12,No
C001894,Female,38,Sulawesi,52,Month-to-month,Standard,Fixed wireless,Yes,Yes,No,No,Yes,No,No,No,No,Bank transfer (auto),Yes,93.61,4760.79,90.1,1,0,1,4.8,2,10,5,4,Phone;Multiple Lines;Fixed wireless;Streaming TV,4802.79,No
C001635,Female,47,Jawa Tengah,34,One year,Standard,DSL,Yes,No,Yes,No,Yes,Yes,No,Yes,Yes,E-wallet,No,94.16,2865.86,151.3,3,1,2,,0,10,10,6,Phone;DSL;Online Security;Streaming TV;Streaming Movies;Device Protection,2829.86,No
C000260,Male,55,Jawa Timur,19,Month-to-month,Standard,Fiber optic,Yes,No,No,No,No,No,No,No,Yes,Credit card (auto),Yes,72.42,1393.81,104.3,0,0,1,,2,7,0,2,Phone;Fiber optic,1443.81,No
C000251,Male,22,Jawa Barat,24,Month-to-month,Standard,Fiber optic,Yes,No,No,No,No,No,No,Yes,No,E-wallet,No,84.63,1808.29,53.6,2,1,1,1.9,0,12,10,3,Phone;Fiber optic;Device Protection,1780.29,Yes
C001615,Female,25,Jawa Tengah,36,Two year,Basic,DSL,Yes,Yes,Yes,Yes,Yes,Yes,No,Yes,No,Credit card (auto),Yes,87.94,2509.28,89.1,2,0,0,2.4,0,9,20,8,Phone;Multiple Lines;DSL;Online Security;Tech Support;Streaming TV;Streaming Movies;Device Protection,2493.28,No
C000485,Male,58,Kalimantan,21,Month-to-month,Basic,Fiber optic,No,No,Yes,No,Yes,No,No,No,Yes,Bank transfer (auto),Yes,65.72,1392.8,52.9,1,0,0,4.0,1,2,0,3,Fiber optic;Online Security;Streaming TV,1409.8,No
C000481,Female,33,Jabodetabek,9,Month-to-month,Standard,DSL,Yes,No,No,No,Yes,No,No,Yes,No,E-wallet,No,76.18,633.41,124.1,2,0,1,3.0,0,10,5,4,Phone;DSL;Streaming TV;Device Protection,617.41,Yes
C001354,Male,51,Jawa Timur,45,Two year,Standard,Fiber optic,Yes,No,No,Yes,No,Yes,No,Yes,Yes,Virtual account,No,95.58,3905.02,122.8,1,1,2,3.2,2,7,10,5,Phone;Fiber optic;Tech Support;Streaming Movies;Device Protection,3935.02,No
C001300,Female,30,Sumatera,51,Two year,Basic,Fixed wireless,No,No,No,No,No,No,Yes,No,Yes,Virtual account,No,54.89,2530.28,51.9,0,0,2,,2,11,10,2,Fixed wireless;Cloud Storage,2580.28,No
C000257,Male,60,Jawa Barat,6,One year,Standard,DSL,Yes,Yes,Yes,Yes,Yes,Yes,Yes,Yes,Yes,Bank transfer (auto),Yes,101.2,592.66,171.9,2,0,0,2.5,0,5,0,9,Phone;Multiple Lines;DSL;Online Security;Tech Support;Streaming TV;Streaming Movies;Cloud Storage;Device Protection,576.66,No
C000492,Male,45,Sumatera,3,Month-to-month,Standard,DSL,Yes,Yes,No,No,Yes,No,Yes,No,Yes,Bank transfer (auto),Yes,82.61,240.92,119.7,0,1,1,2.7,1,13,0,5,Phone;Multiple Lines;DSL;Streaming TV;Cloud Storage,253.92,Yes
C000392,Male,32,Jawa Timur,43,One year,Basic,DSL,Yes,No,Yes,No,No,Yes,No,Yes,Yes,Credit card (auto),Yes,65.09,2439.92,58.5,1,0,1,3.4,2,17,15,5,Phone;DSL;Online Security;Streaming Movies;Device Protection,2481.92,No
C001516,Male,25,Sulawesi,26,One year,Basic,None,Yes,No,No,No,No,No,No,No,Yes,Credit card (auto),Yes,26.76,637.69,,2,1,1,2.0,1,19,10,1,Phone,634.69,No
C000115,Female,35,Kalimantan,25,One year,Basic,None,No,No,No,No,No,No,No,No,No,Virtual account,No,24.2,566.6,,2,0,1,3.0,1,5,5,0,,575.6,No
C001572,Male,54,Jabodetabek,42,Month-to-month,Standard,Fiber optic,Yes,Yes,No,No,Yes,No,No,No,Yes,Virtual account,No,88.09,3739.29,109.1,1,2,3,1.6,0,10,0,4,Phone;Multiple Lines;Fiber optic;Streaming TV,3707.29,Yes
C000413,Female,26,Jawa Timur,33,One year,Standard,Fixed wireless,Yes,No,No,No,Yes,Yes,Yes,No,No,E-wallet,No,95.2,3179.82,142.9,2,0,0,3.2,4,4,0,5,Phone;Fixed wireless;Streaming TV;Streaming Movies;Cloud Storage,3263.82,No
C001733,Male,49,Bali-Nusa Tenggara,21,One year,Standard,Fiber optic,Yes,Yes,No,No,Yes,No,No,Yes,Yes,Virtual account,No,97.95,1914.15,126.1,1,0,2,3.1,3,3,5,5,Phone;Multiple Lines;Fiber optic;Streaming TV;Device Protection,1981.15,No
C001497,Male,56,Jawa Timur,61,Month-to-month,Basic,DSL,Yes,Yes,No,Yes,No,No,No,No,No,E-wallet,No,64.08,3419.07,81.0,2,0,3,,3,11,10,4,Phone;Multiple Lines;DSL;Tech Support,3478.07,No
C001397,Female,57,Jabodetabek,52,Two year,Standard,DSL,Yes,No,No,No,Yes,No,Yes,No,Yes,Virtual account,No,81.34,3817.88,63.5,1,0,3,,1,7,10,4,Phone;DSL;Streaming TV;Cloud Storage,3834.88,No
C000109,Male,21,Kalimantan,41,Month-to-month,Basic,None,Yes,Yes,No,No,No,No,No,No,No,E-wallet,No,39.74,1537.26,,2,0,1,3.1,2,11,5,2,Phone;Multiple Lines,1571.26,No
C001320,Male,47,Jabodetabek,24,Month-to-month,Standard,Fiber optic,Yes,No,No,No,Yes,No,Yes,No,Yes,Virtual account,No,89.96,2164.55,109.2,1,0,1,3.3,1,4,0,4,Phone;Fiber optic;Streaming TV;Cloud Storage,2181.55,Yes
C000819,Male,32,Kalimantan,49,Two year,Standard,Fiber optic,Yes,No,Yes,Yes,No,Yes,No,No,Yes,Credit card (auto),Yes,90.29,3692.58,104.8,3,1,1,1,0,17,15,5,Phone;Fiber optic;Online Security;Tech Support;Streaming Movies,3656.58,Yes
C000866,Male,35,Jabodetabek,33,One year,Standard,Fiber optic,Yes,No,No,No,No,No,No,No,Yes,Cash/retail outlet,No,83.49,2763.0,70.2,1,0,0,3.3,3,6,0,2,Phone;Fiber optic,2830.0,No
C001182,Male,36,Jabodetabek,14,Month-to-month,Premium,Fiber optic,Yes,Yes,No,Yes,No,Yes,No,No,No,E-wallet,No,127.29,1542.85,104.9,2,1,1,,0,8,15,5,Phone;Multiple Lines;Fiber optic;Tech Support;Streaming Movies,1514.85,No
C000314,Female,36,Bali-Nusa Tenggara,14,Month-to-month,Basic,DSL,Yes,No,No,No,No,No,No,No,Yes,Bank transfer (auto),Yes,46.11,656.77,64.3,1,0,1,3.2,0,4,0,2,Phone;DSL,648.77,No
C001626,Female,48,Jabodetabek,26,One year,Standard,DSL,No,No,No,No,Yes,Yes,No,No,Yes,Cash/retail outlet,No,87.24,2257.57,84.1,0,0,1,3.8,1,2,0,3,DSL;Streaming TV;Streaming Movies,2282.57,No
C001975,Male,33,Bali-Nusa Tenggara,6,Month-to-month,Premium,Fiber optic,Yes,No,No,No,Yes,No,Yes,Yes,Yes,Virtual account,No,118.01,619.45,115.6,2,1,0,3.1,3,15,10,5,Phone;Fiber optic;Streaming TV;Cloud Storage;Device Protection,666.45,Yes
C001464,Male,58,Jabodetabek,50,Month-to-month,Standard,DSL,Yes,Yes,Yes,No,Yes,No,Yes,No,No,E-wallet,No,93.13,3877.49,100.1,0,0,1,3.7,3,3,15,6,Phone;Multiple Lines;DSL;Online Security;Streaming TV;Cloud Storage,3952.49,No
C000211,Female,34,Kalimantan,14,Two year,Basic,Fiber optic,No,No,No,Yes,Yes,No,No,No,Yes,E-wallet,No,72.28,901.4,38.6,3,1,1,,0,8,10,3,Fiber optic;Tech Support;Streaming TV,865.4,No
C001222,Male,26,Jawa Barat,23,Month-to-month,Premium,Fiber optic,Yes,Yes,Yes,No,No,Yes,Yes,No,Yes,Bank transfer (auto),Yes,126.1,2871.25,159.3,1,0,0,4.0,2,15,0,6,Phone;Multiple Lines;Fiber optic;Online Security;Streaming Movies;Cloud Storage,2913.25,No
C000490,Female,36,Bali-Nusa Tenggara,34,Two year,Standard,Fiber optic,Yes,No,Yes,Yes,No,Yes,Yes,Yes,Yes,Credit card (auto),Yes,100.88,3082.38,126.2,0,0,1,,4,3,10,7,Phone;Fiber optic;Online Security;Tech Support;Streaming Movies;Cloud Storage;Device Protection,3182.38,No
C001426,Female,52,Jawa Barat,38,Two year,Basic,Fixed wireless,Yes,No,No,No,No,Yes,Yes,Yes,No,Virtual account,No,72.97,2473.44,73.3,2,1,2,3.1,2,9,10,5,Phone;Fixed wireless;Streaming Movies;Cloud Storage;Device Protection,2495.44,No
C000923,Male,57,Jawa Tengah,42,Month-to-month,Standard,Fiber optic,Yes,Yes,No,No,Yes,No,Yes,No,Yes,E-wallet,No,90.1,3366.12,79.0,3,0,0,2.0,1,6,10,5,Phone;Multiple Lines;Fiber optic;Streaming TV;Cloud Storage,3367.12,Yes
C000162,Female,45,Jabodetabek,36,One year,Basic,DSL,Yes,Yes,No,No,No,No,No,No,Yes,E-wallet,No,55.61,1989.42,12.0,3,2,3,1,0,11,0,3,Phone;Multiple Lines;DSL,1941.42,No
C001968,Male,60,Kalimantan,56,One year,Basic,Fiber optic,Yes,No,No,No,Yes,Yes,No,No,No,Bank transfer (auto),Yes,66.86,3824.26,93.5,1,0,0,4.1,4,3,0,4,Phone;Fiber optic;Streaming TV;Streaming Movies,3916.26,No
C001259,Female,40,Jabodetabek,20,Month-to-month,Basic,DSL,Yes,No,No,Yes,No,Yes,No,Yes,Yes,E-wallet,No,71.05,1175.71,62.7,1,0,1,2.4,1,4,15,5,Phone;DSL;Tech Support;Streaming Movies;Device Protection,1192.71,No
C001398,Male,36,Jabodetabek,42,Two year,Standard,Fiber optic,Yes,No,No,No,No,Yes,Yes,Yes,Yes,E-wallet,No,92.38,3446.66,96.5,1,0,1,3.3,3,6,10,5,Phone;Fiber optic;Streaming Movies;Cloud Storage;Device Protection,3513.66,Yes
C001712,Male,43,Jabodetabek,41,Month-to-month,Premium,DSL,Yes,Yes,No,No,No,No,Yes,Yes,No,E-wallet,No,111.01,4297.11,134.4,1,0,1,3.0,2,10,5,5,Phone;Multiple Lines;DSL;Cloud Storage;Device Protection,4339.11,No
C001887,Female,39,Jabodetabek,14,Month-to-month,Basic,Fiber optic,Yes,Yes,Yes,Yes,No,No,No,No,Yes,E-wallet,No,64.03,724.28,35.3,1,1,1,2.0,1,11,20,5,Phone;Multiple Lines;Fiber optic;Online Security;Tech Support,729.28,No
C001174,Male,49,Jabodetabek,19,Month-to-month,Standard,Fixed wireless,Yes,No,No,No,No,Yes,No,Yes,No,Credit card (auto),Yes,79.9,1410.6,138.4,2,1,0,,1,8,5,4,Phone;Fixed wireless;Streaming Movies;Device Protection,1407.6,No
C000716,Male,34,Jawa Barat,55,Month-to-month,Standard,DSL,Yes,No,No,No,No,No,No,No,Yes,E-wallet,No,64.37,3484.03,72.1,3,0,2,,3,4,0,2,Phone;DSL,3535.03,No
C000723,Female,29,Sumatera,33,One year,Standard,Fiber optic,Yes,No,No,No,No,No,Yes,No,No,Bank transfer (auto),Yes,78.9,2395.72,50.7,2,1,0,3.6,3,5,10,3,Phone;Fiber optic;Cloud Storage,2442.72,No
C001175,Male,42,Sulawesi,53,Two year,Standard,Fiber optic,Yes,Yes,Yes,No,Yes,Yes,No,No,No,Bank transfer (auto),Yes,108.4,4615.12,125.4,2,1,0,2.8,2,11,20,6,Phone;Multiple Lines;Fiber optic;Online Security;Streaming TV;Streaming Movies,4637.12,No
C001267,Male,36,Jawa Tengah,35,Month-to-month,Standard,Fiber optic,Yes,Yes,No,No,Yes,No,No,Yes,No,Credit card (auto),Yes,101.21,3100.73,111.6,1,0,0,,4,6,15,5,Phone;Multiple Lines;Fiber optic;Streaming TV;Device Protection,3192.73,No
C000799,Male,31,Jawa Tengah,39,Two year,Basic,DSL,Yes,No,No,No,No,No,No,Yes,Yes,Credit card (auto),Yes,47.07,1629.25,49.1,0,1,2,,0,11,10,3,Phone;DSL;Device Protection,1617.25,No
C001022,Female,46,Jawa Tengah,36,One year,Basic,None,Yes,No,No,No,No,No,No,No,Yes,Bank transfer (auto),Yes,25.66,844.07,,0,0,0,4.8,5,2,10,1,Phone,969.07,No
C001806,Male,45,Jawa Timur,26,One year,Basic,DSL,No,No,Yes,No,Yes,No,No,No,Yes,Credit card (auto),Yes,58.41,1560.43,21.5,3,0,0,2.6,0,5,0,3,DSL;Online Security;Streaming TV,1536.43,No
C001076,Male,25,Jawa Tengah,69,One year,Basic,Fiber optic,Yes,Yes,Yes,No,No,No,Yes,No,No,Credit card (auto),Yes,64.69,3891.5,47.4,0,0,1,3.3,4,5,15,5,Phone;Multiple Lines;Fiber optic;Online Security;Cloud Storage,3991.5,No
C000126,Male,56,Bali-Nusa Tenggara,51,One year,Standard,Fixed wireless,Yes,No,No,No,No,No,Yes,No,No,E-wallet,No,71.91,3594.38,71.9,2,0,1,2.0,3,5,0,3,Phone;Fixed wireless;Cloud Storage,3653.38,No
C001370,Male,46,Kalimantan,35,Month-to-month,Basic,Fiber optic,Yes,No,No,No,Yes,Yes,No,No,No,E-wallet,No,77.23,2237.2,65.5,0,0,0,3.7,2,20,15,4,Phone;Fiber optic;Streaming TV;Streaming Movies,2287.2,No
C000696,Male,23,Jabodetabek,28,One year,Basic,Fixed wireless,No,No,No,No,Yes,Yes,No,No,Yes,Virtual account,No,62.93,1790.7,113.7,1,0,1,3.9,4,9,0,3,Fixed wireless;Streaming TV;Streaming Movies,1882.7,No
C000747,Female,60,Jawa Tengah,41,One year,Standard,Fiber optic,Yes,No,No,Yes,Yes,No,No,No,Yes,Bank transfer (auto),Yes,93.75,3652.63,127.6,1,1,0,,3,7,5,4,Phone;Fiber optic;Tech Support;Streaming TV,3707.63,No
C000884,Female,22,Sulawesi,49,One year,Standard,DSL,Yes,No,Yes,No,No,No,No,No,Yes,Bank transfer (auto),Yes,67.29,3242.25,100.5,1,0,0,4.3,3,8,0,3,Phone;DSL;Online Security,3309.25,No
C001718,Male,30,Jawa Barat,28,One year,Standard,Fiber optic,Yes,Yes,Yes,Yes,No,No,No,No,Yes,Credit card (auto),Yes,91.81,2500.6,87.7,0,1,1,2.9,2,5,5,5,Phone;Multiple Lines;Fiber optic;Online Security;Tech Support,2538.6,No
C000396,Female,25,Jabodetabek,31,One year,Standard,Fiber optic,Yes,No,No,No,No,No,Yes,No,Yes,E-wallet,No,79.84,2055.63,89.8,2,1,2,,0,6,15,3,Phone;Fiber optic;Cloud Storage,2027.63,No
C000735,Female,23,Jabodetabek,41,Two year,Standard,Fiber optic,Yes,No,No,No,No,No,No,No,No,Credit card (auto),Yes,77.05,2634.45,85.1,1,1,0,2.7,2,8,15,2,Phone;Fiber optic,2664.45,No
C001215,Female,26,Jawa Timur,57,One year,Basic,None,Yes,No,No,No,No,No,No,No,Yes,Bank transfer (auto),Yes,29.76,1429.46,,2,2,0,2.1,2,10,15,1,Phone,1439.46,No
C000278,Female,60,Jawa Barat,28,One year,Standard,Fixed wireless,Yes,No,No,No,Yes,No,No,Yes,Yes,E-wallet,No,83.52,2028.38,110.3,0,1,0,3.5,1,4,15,4,Phone;Fixed wireless;Streaming TV;Device Protection,2041.38,No
C000170,Female,38,Kalimantan,25,One year,Basic,DSL,Yes,Yes,No,No,No,No,No,No,No,,Yes,45.07,1142.29,4,0,0,0,3.8,3,5,0,3,Phone;Multiple Lines;DSL,1217.29,No
C000371,Female,26,Kalimantan,45,One year,Standard,None,Yes,No,No,No,No,No,No,No,Yes,E-wallet,No,55.3,2295.03,,2,0,0,3.1,3,4,10,1,Phone,2354.03,No
C000661,Female,34,Bali-Nusa Tenggara,40,One year,Standard,Fiber optic,Yes,No,No,No,No,No,Yes,No,Yes,Cash/retail outlet,No,81.9,3002.99,95.6,0,1,0,3.5,3,5,10,3,Phone;Fiber optic;Cloud Storage,3065.99,No
C001270,Female,43,Jabodetabek,41,Month-to-month,Standard,Fixed wireless,Yes,No,No,Yes,No,No,No,No,No,E-wallet,No,74.96,2651.98,79.5,0,1,0,,4,21,15,3,Phone;Fixed wireless;Tech Support,2739.98,No
C001303,Female,28,Jawa Timur,4,Month-to-month,Basic,None,Yes,No,No,No,No,No,No,No,Yes,Virtual account,No,22.87,88.3,,0,1,1,3.2,2,11,5,1,Phone,126.3,Yes
C001484,Male,54,Kalimantan,67,One year,Basic,Fixed wireless,Yes,Yes,No,Yes,No,No,No,No,No,Virtual account,No,60.89,3840.02,29.8,1,0,1,3.9,3,5,5,4,Phone;Multiple Lines;Fixed wireless;Tech Support,3907.02,No
C000764,Male,46,Jabodetabek,24,Month-to-month,Basic,DSL,Yes,No,No,Yes,Yes,No,No,Yes,Yes,Credit card (auto),Yes,59.25,1431.38,37.1,2,1,2,2.4,1,6,0,5,Phone;DSL;Tech Support;Streaming TV;Device Protection,1428.38,Yes
C001063,Female,38,Kalimantan,35,Two year,Premium,Fixed wireless,Yes,Yes,No,No,No,No,Yes,No,Yes,Credit card (auto),Yes,99.56,3138.63,119.5,0,1,1,1.8,2,9,10,4,Phone;Multiple Lines;Fixed wireless;Cloud Storage,3176.63,No
C000200,Male,45,Sulawesi,10,Month-to-month,Basic,Fiber optic,Yes,Yes,Yes,No,Yes,No,No,Yes,Yes,Virtual account,No,76.05,769.72,120.7,1,0,1,3.0,0,9,0,6,Phone;Multiple Lines;Fiber optic;Online Security;Streaming TV;Device Protection,761.72,Yes
C000963,Female,57,Bali-Nusa Tenggara,44,Month-to-month,Basic,Fixed wireless,Yes,Yes,No,Yes,Yes,No,No,No,Yes,E-wallet,No,74.76,3195.25,75.0,2,0,0,2.6,2,10,0,5,Phone;Multiple Lines;Fixed wireless;Tech Support;Streaming TV,3229.25,No
C000992,Male,56,Jabodetabek,56,Month-to-month,Premium,DSL,Yes,No,Yes,No,No,No,Yes,Yes,No,E-wallet,No,108.6,5727.66,112.1,1,0,2,4.0,4,2,5,5,Phone;DSL;Online Security;Cloud Storage;Device Protection,5819.66,No
C001592,Female,54,Jawa Timur,29,One year,Standard,DSL,Yes,No,No,No,No,No,No,No,No,Bank transfer (auto),Yes,58.27,1636.66,110.0,1,0,1,3.3,2,3,5,2,Phone;DSL,1678.66,No
C000902,Male,25,Sulawesi,40,Two year,Standard,Fixed wireless,Yes,No,Yes,No,Yes,No,No,No,No,E-wallet,No,84.31,3022.62,101.1,0,1,1,3.2,2,8,10,4,Phone;Fixed wireless;Online Security;Streaming TV,3060.62,No
C000905,Male,51,Sumatera,31,One year,Standard,Fiber optic,Yes,Yes,No,No,No,No,No,Yes,Yes,Credit card (auto),Yes,89.73,2734.08,102.7,2,0,1,,2,4,0,4,Phone;Multiple Lines;Fiber optic;Device Protection,2768.08,No
C001462,Female,24,Jabodetabek,27,Two year,Basic,Fixed wireless,Yes,No,No,Yes,Yes,No,Yes,No,No,E-wallet,No,66.36,1615.33,52.4,1,0,0,2.9,2,23,10,5,Phone;Fixed wireless;Tech Support;Streaming TV;Cloud Storage,1657.33,No
C001444,Male,44,Jabodetabek,39,Two year,Standard,DSL,Yes,No,No,No,No,Yes,No,No,Yes,Bank transfer (auto),Yes,77.11,2778.03,101.0,1,0,1,3.0,3,4,10,3,Phone;DSL;Streaming Movies,2845.03,No
C001804,Female,23,Jawa Barat,18,One year,Premium,Fiber optic,Yes,No,No,No,Yes,Yes,No,No,No,Virtual account,No,120.7,1990.01,160.2,2,1,0,2.0,0,7,10,4,Phone;Fiber optic;Streaming TV;Streaming Movies,1962.01,Yes
C001786,Female,23,Jawa Tengah,61,Month-to-month,Basic,DSL,Yes,Yes,No,No,No,Yes,Yes,No,Yes,Credit card (auto),Yes,72.01,4385.37,86.3,0,1,0,3.2,3,7,0,5,Phone;Multiple Lines;DSL;Streaming Movies;Cloud Storage,4448.37,No
C000061,Female,38,Jawa Tengah,27,One year,Standard,Fiber optic,Yes,No,Yes,No,No,Yes,No,No,Yes,Credit card (auto),Yes,90.93,2374.24,97.1,0,0,1,4.1,3,5,5,4,Phone;Fiber optic;Online Security;Streaming Movies,2449.24,No
C000672,Male,41,Jabodetabek,15,One year,Premium,Fiber optic,Yes,No,No,No,Yes,Yes,Yes,No,Yes,Bank transfer (auto),Yes,124.66,1820.71,167.1,0,0,1,3.9,2,3,0,5,Phone;Fiber optic;Streaming TV;Streaming Movies;Cloud Storage,1870.71,No
C001967,Female,40,Jawa Timur,14,Two year,Standard,DSL,Yes,No,No,No,Yes,No,No,No,No,Bank transfer (auto),Yes,72.99,871.37,106.8,2,0,2,,2,21,15,3,Phone;DSL;Streaming TV,905.37,No
C000337,Male,33,Sulawesi,19,One year,Premium,Fixed wireless,Yes,No,No,Yes,Yes,Yes,No,Yes,No,E-wallet,No,121.82,1989.97,185.1,1,0,1,3.2,1,3,15,6,Phone;Fixed wireless;Tech Support;Streaming TV;Streaming Movies;Device Protection,2006.97,No
C000011,Female,46,Jawa Barat,48,One year,Standard,DSL,Yes,No,No,No,No,No,No,No,No,Virtual account,No,70.49,3230.19,127.8,5,1,2,1.9,0,8,5,2,Phone;DSL,3178.19,Yes
C001148,Male,57,Bali-Nusa Tenggara,33,Two year,Standard,DSL,No,No,No,No,Yes,No,No,No,Yes,Virtual account,No,75.64,2223.89,129.1,2,1,2,1.7,0,9,10,2,DSL;Streaming TV,2195.89,No
C000438,Male,50,Sulawesi,23,One year,Premium,None,Yes,No,No,No,No,No,No,No,Yes,E-wallet,No,67.71,1292.01,,2,0,1,3.3,1,24,15,1,Phone,1301.01,Yes
C000515,Female,42,Jawa Timur,28,One year,Standard,DSL,No,No,Yes,No,No,No,No,No,Yes,E-wallet,No,63.78,1667.15,74.6,0,0,1,5,3,11,5,2,DSL;Online Security,1742.15,No
C001920,Male,22,Kalimantan,21,Two year,Basic,Fiber optic,No,No,No,No,No,No,Yes,No,Yes,Credit card (auto),Yes,65.35,1209.37,4,1,0,1,2.5,2,4,10,2,Fiber optic;Cloud Storage,1251.37,No
C001506,Male,34,Sumatera,18,Month-to-month,Standard,Fixed wireless,Yes,Yes,No,No,Yes,No,No,No,Yes,Virtual account,No,88.12,1601.15,121.0,0,1,0,3.7,2,4,0,4,Phone;Multiple Lines;Fixed wireless;Streaming TV,1639.15,Yes
C001781,Female,34,Sulawesi,15,Month-to-month,Standard,Fiber optic,Yes,Yes,Yes,Yes,No,Yes,Yes,No,Yes,Credit card (auto),Yes,113.36,1698.01,92.8,2,1,1,3.2,0,16,0,7,Phone;Multiple Lines;Fiber optic;Online Security;Tech Support;Streaming Movies;Cloud Storage,1670.01,Yes
C001232,Female,60,Jabodetabek,16,Month-to-month,Premium,Fiber optic,Yes,Yes,No,No,Yes,Yes,No,No,Yes,Bank transfer (auto),Yes,129.56,1968.86,188.4,2,0,1,2.9,2,5,5,5,Phone;Multiple Lines;Fiber optic;Streaming TV;Streaming Movies,2002.86,No
C000243,Male,41,Kalimantan,52,Two year,Basic,None,Yes,No,No,No,No,No,No,No,Yes,Credit card (auto),Yes,30.46,1441.89,,2,2,0,2.4,2,8,10,1,Phone,1451.89,No
C000057,Male,50,Jawa Barat,35,Month-to-month,Standard,Fiber optic,Yes,Yes,No,No,Yes,Yes,No,No,Yes,Bank transfer (auto),Yes,92.6,2987.41,121.1,2,0,2,3.5,0,6,10,5,Phone;Multiple Lines;Fiber optic;Streaming TV;Streaming Movies,2971.41,Yes
C000774,Male,38,Sumatera,34,Two year,Standard,Fiber optic,Yes,No,No,Yes,No,No,No,No,Yes,Cash/retail outlet,No,84.3,2448.75,93.3,1,0,2,3.6,3,3,15,3,Phone;Fiber optic;Tech Support,2515.75,No
C001665,Male,36,Jabodetabek,39,Month-to-month,Standard,Fiber optic,Yes,No,No,Yes,No,No,Yes,No,Yes,Credit card (auto),Yes,89.17,3290.96,123.0,2,0,0,3.1,0,3,5,4,Phone;Fiber optic;Tech Support;Cloud Storage,3274.96,No
C000545,Male,34,Jawa Timur,20,One year,Standard,None,Yes,Yes,No,No,No,No,No,No,Yes,E-wallet,No,56.66,1129.58,,2,1,1,2.1,1,8,0,2,Phone;Multiple Lines,1126.58,No
C000577,Male,50,Jawa Tengah,17,Month-to-month,Basic,Fiber optic,Yes,No,Yes,No,No,Yes,Yes,No,Yes,E-wallet,No,79.92,1208.63,69.3,0,0,2,4.7,3,4,10,5,Phone;Fiber optic;Online Security;Streaming Movies;Cloud Storage,1283.63,No
C001483,Female,42,Jawa Barat,39,Two year,Standard,DSL,Yes,No,No,No,No,No,No,Yes,Yes,Cash/retail outlet,No,65.19,2313.88,50.7,1,0,3,4.1,4,3,10,3,Phone;DSL;Device Protection,2405.88,No
C000762,Female,42,Jabodetabek,32,One year,Basic,None,Yes,No,No,No,No,No,No,No,Yes,Bank transfer (auto),Yes,22.37,692.25,,0,1,1,3.7,4,13,5,1,Phone,780.25,No
C001401,Male,49,Jabodetabek,52,Month-to-month,Basic,Fiber optic,Yes,No,No,No,Yes,No,No,No,No,Virtual account,No,61.25,3155.0,86.6,1,0,1,2.6,3,6,0,3,Phone;Fiber optic;Streaming TV,3222.0,Yes
C001702,Male,39,Jawa Barat,65,One year,Standard,Fiber optic,Yes,Yes,No,No,Yes,No,No,No,Yes,Credit card (auto),Yes,103.97,5984.85,66.1,1,0,1,3.2,5,5,10,4,Phone;Multiple Lines;Fiber optic;Streaming TV,6101.85,No
C000780,Male,30,Jawa Timur,27,Two year,Standard,None,Yes,Yes,No,No,No,No,No,No,Yes,Bank transfer (auto),Yes,49.31,1153.33,,0,0,0,,2,2,15,2,Phone;Multiple Lines,1203.33,No
C000568,Female,39,Jawa Barat,41,Month-to-month,Premium,Fiber optic,Yes,No,Yes,No,No,No,Yes,Yes,Yes,E-wallet,No,116.15,4828.04,176.5,1,1,2,3.0,3,5,0,5,Phone;Fiber optic;Online Security;Cloud Storage;Device Protection,4883.04,No
C001155,Female,53,Jawa Tengah,39,Two year,Premium,Fiber optic,Yes,No,Yes,Yes,No,No,Yes,Yes,Yes,E-wallet,No,124.19,4347.39,161.9,2,0,1,4.1,1,2,10,6,Phone;Fiber optic;Online Security;Tech Support;Cloud Storage;Device Protection,4356.39,No
C001759,Female,36,Jawa Barat,33,One year,Standard,Fixed wireless,Yes,Yes,No,Yes,No,Yes,No,Yes,Yes,Credit card (auto),Yes,96.77,3204.1,64.3,2,0,1,3.8,3,2,0,6,Phone;Multiple Lines;Fixed wireless;Tech Support;Streaming Movies;Device Protection,3263.1,No
C000534,Female,32,Jabodetabek,46,One year,Basic,DSL,Yes,No,Yes,No,Yes,Yes,Yes,Yes,No,Credit card (auto),Yes,71.95,3277.86,83.3,1,2,0,2.9,4,8,0,7,Phone;DSL;Online Security;Streaming TV;Streaming Movies;Cloud Storage;Device Protection,3345.86,No
C001869,Male,29,Jabodetabek,31,One year,Standard,None,Yes,No,No,No,No,No,No,No,Yes,E-wallet,No,44.03,1210.28,,0,0,1,3.2,2,3,10,1,Phone,1260.28,No
C000084,Male,52,Jawa Timur,20,Month-to-month,Premium,Fixed wireless,Yes,Yes,No,No,No,No,No,No,Yes,Cash/retail outlet,No,100.86,1707.23,138.3,2,0,0,,0,15,15,3,Phone;Multiple Lines;Fixed wireless,1691.23,Yes
C001673,Male,53,Jawa Barat,27,One year,Premium,Fiber optic,Yes,No,No,No,No,Yes,No,No,Yes,E-wallet,No,104.45,2514.24,148.2,1,1,0,2.2,0,8,10,3,Phone;Fiber optic;Streaming Movies,2494.24,Yes
C001605,Female,35,Sulawesi,29,Two year,Premium,Fiber optic,Yes,No,Yes,Yes,No,No,No,Yes,Yes,Virtual account,No,122.72,3188.32,184.4,3,1,2,,1,8,10,5,Phone;Fiber optic;Online Security;Tech Support;Device Protection,3177.32,No
C001242,Male,32,Jabodetabek,23,Month-to-month,Basic,Fiber optic,Yes,No,No,No,No,No,No,No,Yes,Virtual account,No,60.24,1263.65,46.5,0,1,1,4.0,0,6,10,2,Phone;Fiber optic,1251.65,No
C000927,Female,57,Sumatera,42,Two year,Premium,None,Yes,Yes,No,No,No,No,No,No,Yes,Cash/retail outlet,No,73.5,2462.54,,3,1,2,1.9,2,10,20,2,Phone;Multiple Lines,2476.54,No
C001595,Male,32,Sumatera,17,One year,Basic,Fiber optic,Yes,No,Yes,No,Yes,No,No,Yes,No,Virtual account,No,71.87,1166.41,107.2,0,0,1,,1,10,5,5,Phone;Fiber optic;Online Security;Streaming TV;Device Protection,1191.41,No
C000037,Male,37,Sulawesi,22,Month-to-month,Premium,Fiber optic,Yes,No,No,Yes,No,Yes,No,No,Yes,Cash/retail outlet,No,114.27,2283.38,104.4,0,0,1,2.9,2,11,10,4,Phone;Fiber optic;Tech Support;Streaming Movies,2333.38,No
C000589,Male,57,Sulawesi,33,One year,Basic,Fiber optic,Yes,No,Yes,No,No,No,No,No,Yes,E-wallet,No,65.64,2138.66,68.9,1,1,2,3.6,1,5,0,3,Phone;Fiber optic;Online Security,2143.66,No
C001543,Male,28,Jabodetabek,23,One year,Standard,None,Yes,Yes,No,No,No,No,No,No,Yes,Credit card (auto),Yes,46.51,1083.33,,4,2,0,1.0,0,9,0,2,Phone;Multiple Lines,1027.33,No
C001815,Female,27,Jawa Tengah,54,Month-to-month,Premium,DSL,Yes,Yes,No,Yes,No,Yes,No,No,Yes,Credit card (auto),Yes,106.56,4850.62,143.6,2,0,1,2.7,1,5,15,5,Phone;Multiple Lines;DSL;Tech Support;Streaming Movies,4859.62,No
C000316,Male,56,Kalimantan,63,One year,Premium,Fixed wireless,No,No,No,No,Yes,No,No,Yes,Yes,E-wallet,No,108.34,6673.56,136.6,0,1,0,2.3,1,7,0,3,Fixed wireless;Streaming TV;Device Protection,6686.56,No
C000885,Male,27,Jawa Barat,18,Month-to-month,Standard,Fixed wireless,Yes,Yes,No,Yes,Yes,Yes,No,No,Yes,Bank transfer (auto),Yes,99.16,1759.16,122.6,1,0,1,4.3,2,13,0,6,Phone;Multiple Lines;Fixed wireless;Tech Support;Streaming TV;Streaming Movies,1801.16,No
C001342,Male,29,Sulawesi,40,One year,Basic,Fiber optic,Yes,Yes,No,No,No,No,No,No,No,E-wallet,No,62.66,2285.2,12.6,1,1,0,4.1,2,34,10,3,Phone;Multiple Lines;Fiber optic,2315.2,No
C001234,Male,25,Jawa Tengah,39,Month-to-month,Basic,Fiber optic,Yes,Yes,No,Yes,No,Yes,No,No,No,Virtual account,No,71.61,2214.7,60.2,1,1,1,3.0,2,5,20,5,Phone;Multiple Lines;Fiber optic;Tech Support;Streaming Movies,2244.7,No
C001479,Male,33,Jawa Tengah,14,Month-to-month,Standard,Fiber optic,Yes,No,No,No,No,No,Yes,No,Yes,Bank transfer (auto),Yes,83.88,1142.14,102.3,1,0,0,,1,8,0,3,Phone;Fiber optic;Cloud Storage,1159.14,No
C000925,Male,39,Sumatera,48,Month-to-month,Premium,Fiber optic,No,No,Yes,No,Yes,No,Yes,No,Yes,Cash/retail outlet,No,116.73,5574.09,149.6,1,1,1,2.3,3,18,0,4,Fiber optic;Online Security;Streaming TV;Cloud Storage,5629.09,Yes
C001891,Male,26,Jabodetabek,51,Month-to-month,Standard,Fiber optic,Yes,Yes,No,No,Yes,No,Yes,No,No,Cash/retail outlet,No,101.26,4208.33,116.6,0,0,2,,1,6,20,5,Phone;Multiple Lines;Fiber optic;Streaming TV;Cloud Storage,4233.33,No
C000009,Male,62,Bali-Nusa Tenggara,30,Month-to-month,Standard,Fiber optic,Yes,Yes,No,No,Yes,Yes,Yes,Yes,No,Credit card (auto),Yes,104.74,2484.2,144.9,2,1,2,,2,11,20,7,Phone;Multiple Lines;Fiber optic;Streaming TV;Streaming Movies;Cloud Storage;Device Protection,2506.2,Yes
C001906,Male,53,Jawa Barat,36,Two year,Premium,DSL,Yes,Yes,No,Yes,Yes,No,No,Yes,Yes,Bank transfer (auto),Yes,118.12,3509.78,156.7,1,0,0,4.6,4,13,15,6,Phone;Multiple Lines;DSL;Tech Support;Streaming TV;Device Protection,3601.78,No
C000182,Female,51,Jabodetabek,33,Month-to-month,Basic,Fiber optic,Yes,No,No,No,No,Yes,No,No,Yes,Cash/retail outlet,No,57.91,1557.17,69.2,2,2,2,1,0,18,20,3,Phone;Fiber optic;Streaming Movies,1517.17,Yes
C000121,Female,46,Kalimantan,28,One year,Premium,DSL,Yes,Yes,Yes,Yes,No,No,No,No,No,Credit card (auto),Yes,109.64,2774.77,104.5,0,0,0,4.3,3,1,10,5,Phone;Multiple Lines;DSL;Online Security;Tech Support,2849.77,No
C000383,Male,47,Bali-Nusa Tenggara,29,Month-to-month,Standard,DSL,Yes,Yes,Yes,No,No,No,No,No,No,E-wallet,No,77.72,2041.01,84.8,2,0,1,,3,3,10,4,Phone;Multiple Lines;DSL;Online Security,2100.01,No
C001349,Female,43,Jawa Tengah,15,Month-to-month,Basic,Fixed wireless,Yes,Yes,No,Yes,No,No,No,No,Yes,Virtual account,No,66.44,922.88,15.5,1,1,0,3.6,1,8,5,4,Phone;Multiple Lines;Fixed wireless;Tech Support,927.88,No
C000641,Male,26,Sulawesi,13,One year,Basic,Fiber optic,Yes,Yes,No,Yes,No,No,No,No,Yes,Credit card (auto),Yes,74.17,891.71,25.4,0,0,0,3.7,1,3,10,4,Phone;Multiple Lines;Fiber optic;Tech Support,916.71,No
C000673,Male,55,Sumatera,39,Month-to-month,Standard,None,Yes,No,No,No,No,No,No,No,Yes,Virtual account,No,41.68,1498.39,,3,0,0,1.9,1,5,5,1,Phone,1499.39,No
C001308,Male,26,Kalimantan,9,Month-to-month,Standard,Fiber optic,Yes,No,No,No,No,No,Yes,No,Yes,E-wallet,No,82.85,712.05,104.2,0,1,1,2.0,1,6,5,3,Phone;Fiber optic;Cloud Storage,725.05,Yes
C001614,Female,35,Kalimantan,7,One year,Premium,Fixed wireless,Yes,No,Yes,Yes,Yes,Yes,No,No,Yes,Bank transfer (auto),Yes,121.02,779.27,164.7,0,1,0,3.4,1,15,10,6,Phone;Fixed wireless;Online Security;Tech Support;Streaming TV;Streaming Movies,792.27,No
C000258,Male,42,Jawa Barat,26,Month-to-month,Premium,DSL,No,No,No,No,Yes,No,Yes,No,Yes,E-wallet,No,98.48,2373.37,133.1,3,2,1,1.6,1,10,5,3,DSL;Streaming TV;Cloud Storage,2350.37,Yes
C000111,Female,26,Kalimantan,46,One year,Standard,Fiber optic,Yes,Yes,Yes,Yes,No,No,No,No,Yes,Credit card (auto),Yes,94.93,4154.67,75.1,0,0,0,3.8,1,7,5,5,Phone;Multiple Lines;Fiber optic;Online Security;Tech Support,4179.67,No
C001348,Female,36,Sulawesi,50,Month-to-month,Standard,Fiber optic,Yes,No,No,Yes,Yes,Yes,Yes,No,No,E-wallet,No,107.13,4475.09,75.3,2,0,2,2.9,3,8,15,6,Phone;Fiber optic;Tech Support;Streaming TV;Streaming Movies;Cloud Storage,4534.09,No
C000909,Male,47,Jawa Tengah,43,Two year,Basic,Fiber optic,Yes,No,No,No,No,No,No,No,No,Bank transfer (auto),Yes,56.76,1895.5,42.2,1,0,0,4.2,3,6,20,2,Phone;Fiber optic,1962.5,No
C000562,Female,53,Jawa Barat,17,One year,Premium,Fiber optic,Yes,Yes,No,No,No,Yes,No,No,No,Credit card (auto),Yes,117.34,1774.61,151.3,3,1,1,2.6,1,7,10,4,Phone;Multiple Lines;Fiber optic;Streaming Movies,1763.61,Yes
C001459,Female,39,Jawa Tengah,41,Two year,Standard,DSL,Yes,No,Yes,No,Yes,No,No,No,Yes,Cash/retail outlet,No,82.06,3101.31,129.3,0,1,0,2.9,2,15,10,4,Phone;DSL;Online Security;Streaming TV,3139.31,No
C001913,Female,35,Kalimantan,38,Month-to-month,Basic,DSL,Yes,No,No,No,No,No,No,No,No,Virtual account,No,46.1,1408.46,30.1,1,0,2,3.9,1,10,20,2,Phone;DSL,1425.46,No
C001075,Male,33,Jawa Timur,45,Month-to-month,Standard,Fixed wireless,Yes,Yes,No,No,No,No,No,No,Yes,Cash/retail outlet,No,71.45,2940.9,99.9,2,0,0,3.7,2,3,10,3,Phone;Multiple Lines;Fixed wireless,2974.9,No
C001198,Female,65,Bali-Nusa Tenggara,11,Month-to-month,Basic,Fixed wireless,Yes,No,Yes,No,No,Yes,No,No,No,Credit card (auto),Yes,61.97,603.64,54.5,0,0,0,4.1,2,2,10,4,Phone;Fixed wireless;Online Security;Streaming Movies,653.64,No
C000167,Female,50,Jawa Barat,10,One year,Standard,Fixed wireless,Yes,Yes,No,No,Yes,Yes,No,Yes,No,Virtual account,No,97.36,813.52,130.7,1,0,2,3.4,1,7,15,6,Phone;Multiple Lines;Fixed wireless;Streaming TV;Streaming Movies;Device Protection,830.52,No
C001739,Male,35,Jawa Barat,20,Month-to-month,Premium,Fiber optic,Yes,No,No,No,No,Yes,Yes,Yes,Yes,Bank transfer (auto),Yes,120.8,2459.01,173.8,2,0,2,2.8,0,15,0,5,Phone;Fiber optic;Streaming Movies;Cloud Storage;Device Protection,2443.01,No
C000281,Male,61,Jabodetabek,34,One year,Standard,Fiber optic,Yes,No,No,No,No,Yes,No,No,Yes,Bank transfer (auto),Yes,82.18,2577.64,100.3,2,2,2,2.5,1,9,10,3,Phone;Fiber optic;Streaming Movies,2562.64,Yes
C000514,Female,22,Bali-Nusa Tenggara,23,Two year,Premium,Fiber optic,Yes,Yes,Yes,No,Yes,No,Yes,Yes,No,Virtual account,No,122.58,2502.15,106.1,2,1,1,2.6,1,20,10,7,Phone;Multiple Lines;Fiber optic;Online Security;Streaming TV;Cloud Storage;Device Protection,2499.15,No
C000904,Female,63,Sumatera,39,Month-to-month,Standard,Fiber optic,Yes,No,Yes,Yes,No,No,No,No,Yes,E-wallet,No,91.75,3578.16,96.6,2,1,0,3.6,3,20,0,4,Phone;Fiber optic;Online Security;Tech Support,3625.16,No
C001420,Male,41,Jawa Barat,57,Month-to-month,Standard,DSL,Yes,No,Yes,No,No,No,No,No,Yes,Virtual account,No,61.75,3243.77,76.5,0,0,1,3.9,3,2,10,3,Phone;DSL;Online Security,3318.77,No
C001041,Male,27,Sulawesi,19,One year,Basic,DSL,Yes,Yes,Yes,No,No,Yes,No,Yes,Yes,Credit card (auto),Yes,68.68,,43.6,0,0,1,,2,6,0,6,Phone;Multiple Lines;DSL;Online Security;Streaming Movies;Device Protection,1393.3,No
C001086,Male,44,Kalimantan,13,Month-to-month,Standard,Fiber optic,Yes,No,Yes,No,No,Yes,No,No,No,Bank transfer (auto),Yes,91.37,1142.52,77.0,2,0,0,,2,15,5,4,Phone;Fiber optic;Online Security;Streaming Movies,1176.52,No
C001871,Male,30,Sumatera,16,One year,Basic,Fixed wireless,Yes,No,No,No,No,No,No,No,Yes,Cash/retail outlet,No,54.69,819.23,41.0,2,0,1,4.1,2,7,5,2,Phone;Fixed wireless,853.23,No
C001190,Female,43,Jabodetabek,26,Month-to-month,Premium,DSL,Yes,Yes,Yes,Yes,Yes,Yes,No,No,Yes,E-wallet,No,127.59,3088.6,183.7,0,1,2,2.6,2,6,5,7,Phone;Multiple Lines;DSL;Online Security;Tech Support;Streaming TV;Streaming Movies,3126.6,No
C000582,Male,27,Jawa Tengah,36,Month-to-month,Standard,Fiber optic,Yes,No,No,No,Yes,No,No,No,Yes,E-wallet,No,85.56,2696.9,111.6,0,1,2,2.4,1,12,10,3,Phone;Fiber optic;Streaming TV,2709.9,No
C000718,Female,52,Jawa Barat,7,Month-to-month,Standard,DSL,Yes,No,Yes,Yes,No,No,No,No,Yes,E-wallet,No,83.93,603.52,128.5,2,0,1,3.5,2,2,0,4,Phone;DSL;Online Security;Tech Support,637.52,No
C001061,Female,46,Jabodetabek,19,One year,Premium,DSL,Yes,No,Yes,No,No,No,Yes,No,No,Virtual account,No,98.12,1470.3,129.1,2,1,1,2.1,0,6,20,4,Phone;DSL;Online Security;Cloud Storage,1442.3,No
C001960,Female,65,Jabodetabek,36,Month-to-month,Basic,Fiber optic,Yes,Yes,No,No,Yes,Yes,No,No,No,Credit card (auto),Yes,78.11,2832.88,93.2,1,0,1,3.8,3,4,0,5,Phone;Multiple Lines;Fiber optic;Streaming TV;Streaming Movies,2899.88,Yes
C001929,Female,48,Jawa Tengah,4,One year,Standard,Fiber optic,Yes,No,No,Yes,No,Yes,Yes,No,Yes,Credit card (auto),Yes,104.24,395.24,112.6,0,0,1,4.0,0,18,5,5,Phone;Fiber optic;Tech Support;Streaming Movies;Cloud Storage,395.24,No
C000895,Male,24,Jawa Barat,54,One year,Premium,DSL,Yes,Yes,No,No,Yes,No,Yes,No,Yes,E-wallet,No,106.7,5797.27,189.5,0,0,2,3.8,3,5,0,5,Phone;Multiple Lines;DSL;Streaming TV;Cloud Storage,5872.27,Yes
C000344,Male,40,Jawa Barat,13,Month-to-month,Basic,Fiber optic,Yes,No,Yes,No,No,No,Yes,Yes,Yes,Virtual account,No,77.65,1019.15,69.5,0,0,2,3.7,2,2,0,5,Phone;Fiber optic;Online Security;Cloud Storage;Device Protection,1069.15,No
C000542,Male,40,Jawa Tengah,59,One year,Standard,Fiber optic,Yes,No,No,No,No,Yes,Yes,Yes,Yes,Virtual account,No,99.72,5546.53,96.2,1,0,1,,1,10,5,5,Phone;Fiber optic;Streaming Movies;Cloud Storage;Device Protection,5563.53,No
C000218,Male,41,Jabodetabek,44,Two year,Basic,DSL,Yes,No,No,No,Yes,No,No,No,No,Virtual account,No,51.98,2072.12,15.0,2,0,0,4.0,3,6,10,3,Phone;DSL;Streaming TV,2131.12,No
C001768,Female,34,Jabodetabek,32,One year,Premium,DSL,Yes,Yes,No,Yes,Yes,No,No,No,No,Virtual account,No,109.18,2981.47,162.2,1,0,0,4.4,2,4,15,5,Phone;Multiple Lines;DSL;Tech Support;Streaming TV,3023.47,No
C000393,Female,25,Jawa Timur,59,One year,Premium,None,Yes,Yes,No,No,No,No,No,No,Yes,Virtual account,No,78.74,4689.43,,0,0,1,3.8,4,4,0,2,Phone;Multiple Lines,4789.43,No
C000263,Male,65,Jabodetabek,54,Month-to-month,Premium,Fiber optic,Yes,No,No,No,Yes,Yes,No,Yes,No,Cash/retail outlet,No,119.3,6279.73,160.1,5,0,2,1.2,1,13,0,5,Phone;Fiber optic;Streaming TV;Streaming Movies;Device Protection,6264.73,No
C000891,Female,52,Sumatera,14,Month-to-month,Basic,Fiber optic,Yes,No,No,No,Yes,No,No,No,Yes,Bank transfer (auto),Yes,64.89,849.2,67.1,0,0,0,4.4,4,13,5,3,Phone;Fiber optic;Streaming TV,949.2,No
C000133,Female,60,Jawa Timur,49,One year,Basic,Fiber optic,Yes,Yes,No,Yes,No,No,No,No,No,Virtual account,No,70.84,3520.57,64.4,2,0,1,3.1,4,5,0,4,Phone;Multiple Lines;Fiber optic;Tech Support,3604.57,No
C000082,Male,30,Jabodetabek,36,Two year,Premium,DSL,Yes,No,Yes,No,Yes,No,Yes,Yes,No,Virtual account,No,111.06,3105.64,137.9,1,0,1,3.6,3,11,20,6,Phone;DSL;Online Security;Streaming TV;Cloud Storage;Device Protection,3172.64,No
C001150,Female,58,Jawa Tengah,38,Month-to-month,Basic,DSL,No,No,No,No,No,Yes,Yes,No,No,Virtual account,No,52.26,1890.34,51.3,3,1,1,2.4,1,8,5,3,DSL;Streaming Movies;Cloud Storage,1879.34,Yes
C001424,Female,34,Jawa Tengah,20,Month-to-month,Standard,DSL,No,No,Yes,Yes,Yes,Yes,No,Yes,Yes,Credit card (auto),Yes,95.96,1735.82,135.9,1,1,1,3.1,0,12,10,6,DSL;Online Security;Tech Support;Streaming TV;Streaming Movies;Device Protection,1715.82,No
C001525,Female,51,Jawa Tengah,18,Month-to-month,Basic,Fiber optic,Yes,No,Yes,No,No,Yes,Yes,No,Yes,E-wallet,No,73.21,1281.14,78.3,1,1,1,,1,4,5,5,Phone;Fiber optic;Online Security;Streaming Movies;Cloud Storage,1286.14,Yes
C000404,Male,51,Jawa Tengah,19,Two year,Basic,Fiber optic,Yes,No,No,No,Yes,No,No,No,Yes,Cash/retail outlet,No,65.95,1058.74,30.8,1,0,2,,3,2,15,3,Phone;Fiber optic;Streaming TV,1125.74,No
C001387,Female,33,Jawa Timur,6,Month-to-month,Standard,Fiber optic,Yes,Yes,No,Yes,No,No,No,No,Yes,Cash/retail outlet,No,89.28,476.48,83.4,2,0,2,2.4,2,4,10,4,Phone;Multiple Lines;Fiber optic;Tech Support,510.48,No
C001632,Female,64,Sumatera,35,Two year,Basic,None,Yes,Yes,No,No,No,No,No,No,Yes,Credit card (auto),Yes,26.59,847.28,,1,1,0,2.9,4,9,10,2,Phone;Multiple Lines,927.28,No
C001068,Female,50,Jabodetabek,28,One year,Basic,Fixed wireless,Yes,No,No,No,Yes,No,No,No,Yes,Virtual account,No,58.53,1283.89,54.2,3,0,1,2.2,1,8,20,3,Phone;Fixed wireless;Streaming TV,1284.89,No
C001728,Female,28,Jabodetabek,37,Two year,Premium,DSL,Yes,Yes,No,No,No,No,No,No,No,Bank transfer (auto),Yes,100.15,3302.68,189.2,2,1,2,2.2,2,7,10,3,Phone;Multiple Lines;DSL,3324.68,No
C001409,Female,50,Sulawesi,14,Month-to-month,Basic,Fiber optic,Yes,Yes,No,No,No,No,Yes,No,Yes,Bank transfer (auto),Yes,68.37,792.88,91.4,2,0,1,3.0,1,4,15,4,Phone;Multiple Lines;Fiber optic;Cloud Storage,801.88,No
C000458,Male,21,Jawa Tengah,19,Month-to-month,Premium,Fixed wireless,Yes,No,Yes,No,Yes,No,No,Yes,Yes,Bank transfer (auto),Yes,112.65,2067.15,115.5,0,0,0,2.5,1,6,5,5,Phone;Fixed wireless;Online Security;Streaming TV;Device Protection,2092.15,No
C000259,Female,38,Jawa Barat,13,Month-to-month,Basic,Fixed wireless,Yes,Yes,No,No,No,No,Yes,No,Yes,Credit card (auto),Yes,58.67,769.7,82.9,0,1,1,2.1,0,7,0,4,Phone;Multiple Lines;Fixed wireless;Cloud Storage,757.7,No
C001035,Female,37,Jawa Barat,10,Month-to-month,Standard,Fiber optic,Yes,No,No,No,No,Yes,Yes,Yes,Yes,Credit card (auto),Yes,90.78,798.46,109.5,0,1,1,3.1,0,12,10,5,Phone;Fiber optic;Streaming Movies;Cloud Storage;Device Protection,786.46,Yes
C001253,Female,46,Jawa Barat,10,Month-to-month,Basic,DSL,No,No,No,No,Yes,No,No,No,Yes,Bank transfer (auto),Yes,55.06,509.43,65.2,1,1,0,2.8,0,6,10,2,DSL;Streaming TV,489.43,Yes
C001106,Female,36,Jabodetabek,54,Two year,Standard,Fiber optic,Yes,Yes,No,Yes,Yes,No,No,No,Yes,Virtual account,No,94.44,4030.37,159.7,3,0,3,2.6,3,4,20,5,Phone;Multiple Lines;Fiber optic;Tech Support;Streaming TV,4081.37,No
C001908,Female,35,Jawa Barat,34,Two year,Basic,Fiber optic,Yes,No,No,No,Yes,No,Yes,No,Yes,Cash/retail outlet,No,69.0,2155.13,91.3,1,2,2,1.8,1,8,10,4,Phone;Fiber optic;Streaming TV;Cloud Storage,2148.13,Yes
C001137,Male,55,Jawa Barat,31,One year,Premium,Fiber optic,Yes,No,Yes,No,Yes,No,No,No,Yes,E-wallet,No,107.06,3226.66,126.1,2,0,1,3.5,2,3,0,4,Phone;Fiber optic;Online Security;Streaming TV,3260.66,Yes
C001827,Female,46,Jawa Barat,20,Month-to-month,Premium,Fixed wireless,Yes,No,No,No,Yes,No,No,No,Yes,Credit card (auto),Yes,103.38,1644.91,167.5,2,1,1,1.5,1,9,20,3,Phone;Fixed wireless;Streaming TV,1641.91,Yes
C001238,Male,50,Jabodetabek,15,Two year,Basic,Fiber optic,Yes,No,Yes,No,No,No,No,No,Yes,Cash/retail outlet,No,57.08,792.2,47.0,1,0,0,2.9,0,6,10,3,Phone;Fiber optic;Online Security,784.2,No
C001944,Male,58,Jawa Tengah,63,Two year,Basic,Fixed wireless,No,No,Yes,No,Yes,Yes,No,Yes,No,E-wallet,No,75.16,4249.3,74.3,2,2,2,1.9,0,10,10,5,Fixed wireless;Online Security;Streaming TV;Streaming Movies;Device Protection,4209.3,No
C001652,Female,39,Sulawesi,52,Two year,Basic,Fiber optic,Yes,No,Yes,Yes,No,Yes,No,No,Yes,E-wallet,No,80.96,3865.37,64.8,1,1,1,,3,8,10,5,Phone;Fiber optic;Online Security;Tech Support;Streaming Movies,3920.37,No
C001230,Female,30,Jawa Tengah,48,Two year,Standard,Fixed wireless,Yes,No,No,No,No,Yes,No,Yes,Yes,Cash/retail outlet,No,80.12,3514.3,92.5,0,1,1,2.9,2,8,10,4,Phone;Fixed wireless;Streaming Movies;Device Protection,3552.3,No
C000529,Male,39,Jawa Timur,64,One year,Basic,Fiber optic,Yes,No,Yes,No,Yes,No,No,No,Yes,Virtual account,No,75.51,3948.35,79.1,2,0,1,2.7,2,8,20,4,Phone;Fiber optic;Online Security;Streaming TV,3982.35,No
C001988,Female,46,Jabodetabek,19,One year,Standard,DSL,Yes,Yes,No,No,Yes,Yes,No,Yes,Yes,Credit card (auto),Yes,90.75,1546.87,115.1,0,1,0,4.9,3,5,10,6,Phone;Multiple Lines;DSL;Streaming TV;Streaming Movies;Device Protection,1609.87,No
C000966,Female,39,Jawa Barat,15,Month-to-month,Basic,Fiber optic,Yes,No,No,Yes,Yes,No,No,No,Yes,Credit card (auto),Yes,70.42,944.94,67.9,3,2,1,1.7,0,12,10,4,Phone;Fiber optic;Tech Support;Streaming TV,896.94,No
C001072,Male,23,Jawa Tengah,12,Month-to-month,Premium,Fiber optic,Yes,No,Yes,Yes,No,Yes,No,No,Yes,Virtual account,No,123.03,1430.73,193.3,0,0,1,3.1,2,13,5,5,Phone;Fiber optic;Online Security;Tech Support;Streaming Movies,1480.73,Yes
C001667,Male,58,Jabodetabek,15,Month-to-month,Standard,Fiber optic,No,No,No,Yes,No,No,No,Yes,No,Credit card (auto),Yes,94.03,1389.66,75.0,1,0,0,,3,6,0,3,Fiber optic;Tech Support;Device Protection,1456.66,No
C001059,Male,42,Sumatera,58,One year,Premium,DSL,Yes,No,No,No,No,Yes,Yes,Yes,Yes,Virtual account,No,110.48,4991.02,152.4,3,1,1,1.6,2,8,20,5,Phone;DSL;Streaming Movies;Cloud Storage;Device Protection,5005.02,No
C001296,Male,61,Jawa Barat,28,One year,Standard,Fiber optic,Yes,No,No,No,No,No,Yes,Yes,Yes,Bank transfer (auto),Yes,82.99,,71.9,1,0,0,2.9,2,6,0,4,Phone;Fiber optic;Cloud Storage;Device Protection,2338.52,Yes
C000354,Female,64,Jawa Barat,17,One year,Standard,Fiber optic,No,No,No,No,Yes,Yes,No,Yes,Yes,Bank transfer (auto),Yes,102.62,1601.79,132.1,1,0,0,,2,6,10,4,Fiber optic;Streaming TV;Streaming Movies;Device Protection,1643.79,No
C000626,Male,45,Sumatera,19,Month-to-month,Standard,Fiber optic,Yes,No,No,Yes,Yes,Yes,No,Yes,Yes,Virtual account,No,104.8,1681.33,124.1,2,2,2,1,0,10,15,6,Phone;Fiber optic;Tech Support;Streaming TV;Streaming Movies;Device Protection,1641.33,Yes
C001821,Female,34,Jawa Barat,19,Month-to-month,Premium,Fiber optic,Yes,No,No,No,Yes,No,No,Yes,No,Virtual account,No,112.63,2119.96,131.3,2,0,1,2.8,0,4,0,4,Phone;Fiber optic;Streaming TV;Device Protection,2103.96,No
C001313,Female,53,Jawa Tengah,13,Two year,Standard,Fixed wireless,Yes,No,Yes,No,No,No,Yes,Yes,Yes,Cash/retail outlet,No,86.14,1035.65,57.6,1,1,2,3.0,1,22,10,5,Phone;Fixed wireless;Online Security;Cloud Storage;Device Protection,1040.65,No
C000006,Male,25,Jabodetabek,8,Month-to-month,Basic,Fiber optic,Yes,Yes,No,No,No,No,No,No,No,Cash/retail outlet,No,61.64,488.31,11.9,2,1,1,1.8,0,6,0,3,Phone;Multiple Lines;Fiber optic,460.31,No
C001805,Male,36,Kalimantan,19,Month-to-month,Basic,Fiber optic,Yes,Yes,No,Yes,No,Yes,No,No,No,Bank transfer (auto),Yes,84.19,1359.44,41.7,1,1,0,,3,5,15,5,Phone;Multiple Lines;Fiber optic;Tech Support;Streaming Movies,1414.44,No
C001116,Male,37,Jabodetabek,37,One year,Standard,Fiber optic,Yes,Yes,Yes,No,Yes,No,No,No,Yes,Virtual account,No,100.18,3072.15,96.1,3,0,2,3.0,1,6,15,5,Phone;Multiple Lines;Fiber optic;Online Security;Streaming TV,3073.15,No
C000427,Male,46,Jawa Tengah,40,Month-to-month,Premium,Fiber optic,Yes,Yes,Yes,No,Yes,No,No,No,No,Bank transfer (auto),Yes,128.12,5104.93,141.6,0,0,0,3.9,5,3,0,5,Phone;Multiple Lines;Fiber optic;Online Security;Streaming TV,5229.93,No
C000590,Female,28,Jabodetabek,26,Month-to-month,Standard,Fixed wireless,Yes,No,Yes,No,Yes,Yes,No,Yes,No,Cash/retail outlet,No,95.42,2508.75,106.7,4,1,1,2.6,2,18,0,6,Phone;Fixed wireless;Online Security;Streaming TV;Streaming Movies;Device Protection,2514.75,Yes
C001890,Male,60,Sulawesi,31,One year,Basic,Fiber optic,Yes,Yes,No,No,No,Yes,No,No,Yes,Credit card (auto),Yes,73.36,2306.87,62.0,1,0,1,3.1,2,4,0,4,Phone;Multiple Lines;Fiber optic;Streaming Movies,2348.87,No
C001912,Male,47,Jabodetabek,21,Month-to-month,Standard,Fiber optic,Yes,No,No,No,No,Yes,No,No,Yes,Virtual account,No,82.49,1687.82,96.6,2,0,2,3.2,2,5,0,3,Phone;Fiber optic;Streaming Movies,1721.82,No
C001475,Female,52,Jabodetabek,23,Month-to-month,Basic,Fiber optic,Yes,No,No,No,No,No,No,No,Yes,Virtual account,No,54.9,1277.23,70.3,1,1,3,,1,6,0,2,Phone;Fiber optic,1282.23,Yes
C000483,Female,29,Jawa Tengah,30,Month-to-month,Premium,Fiber optic,Yes,Yes,No,Yes,Yes,No,Yes,Yes,Yes,Bank transfer (auto),Yes,130.16,3891.79,184.3,1,0,2,3.3,1,7,0,7,Phone;Multiple Lines;Fiber optic;Tech Support;Streaming TV;Cloud Storage;Device Protection,3908.79,No
C001435,Female,24,Jawa Barat,49,Month-to-month,Premium,DSL,Yes,No,No,Yes,No,No,Yes,Yes,Yes,Virtual account,No,102.28,4710.52,107.9,0,0,1,3.7,1,4,5,5,Phone;DSL;Tech Support;Cloud Storage;Device Protection,4735.52,No
C001504,Male,63,Sumatera,15,Month-to-month,Basic,Fiber optic,Yes,No,No,No,No,Yes,Yes,No,Yes,Virtual account,No,75.87,938.76,110.1,4,0,2,2.9,2,3,15,4,Phone;Fiber optic;Streaming Movies;Cloud Storage,956.76,Yes
C000043,Male,64,Jabodetabek,31,Two year,Standard,DSL,Yes,No,No,No,No,No,No,Yes,No,Cash/retail outlet,No,76.17,2138.39,89.7,0,0,1,4.0,1,7,10,3,Phone;DSL;Device Protection,2163.39,No
C000701,Female,35,Jawa Tengah,34,Month-to-month,Basic,None,Yes,No,No,No,No,No,No,No,Yes,E-wallet,No,28.71,833.73,,3,1,0,2.0,1,7,15,1,Phone,822.73,No
C001108,Female,34,Bali-Nusa Tenggara,25,Month-to-month,Standard,DSL,Yes,No,Yes,Yes,No,No,No,No,No,Credit card (auto),Yes,73.68,1715.8,111.2,2,1,0,2.8,1,5,5,4,Phone;DSL;Online Security;Tech Support,1712.8,No
C000758,Male,33,Sumatera,17,Month-to-month,Premium,Fiber optic,No,No,No,No,No,Yes,No,No,Yes,E-wallet,No,117.46,1794.6,116.2,2,1,1,3.0,1,5,10,2,Fiber optic;Streaming Movies,1791.6,Yes
C001248,Female,30,Kalimantan,25,Month-to-month,Standard,Fiber optic,No,No,No,No,No,Yes,No,No,No,Cash/retail outlet,No,88.6,2265.0,86.1,0,0,1,4.3,3,3,0,2,Fiber optic;Streaming Movies,2340.0,No
C001066,Male,45,Jawa Tengah,20,One year,Standard,Fiber optic,Yes,No,Yes,No,No,No,No,No,Yes,E-wallet,No,76.14,1452.81,81.6,2,0,0,2.4,0,11,5,3,Phone;Fiber optic;Online Security,1436.81,No
C000494,Male,30,Jabodetabek,12,One year,Premium,Fiber optic,No,No,No,Yes,No,No,No,Yes,Yes,Credit card (auto),Yes,116.84,1197.3,165.6,1,0,0,3.5,2,6,15,3,Fiber optic;Tech Support;Device Protection,1239.3,No
C001748,Female,48,Jawa Barat,52,Month-to-month,Basic,DSL,Yes,No,No,No,No,Yes,Yes,Yes,No,Bank transfer (auto),Yes,64.52,3315.95,41.9,3,2,1,1,0,14,0,5,Phone;DSL;Streaming Movies;Cloud Storage;Device Protection,3267.95,No
C000510,Male,55,Kalimantan,48,Month-to-month,Premium,Fiber optic,Yes,Yes,No,Yes,No,Yes,Yes,No,Yes,E-wallet,No,128.11,4800.53,164.3,2,0,1,,2,13,20,6,Phone;Multiple Lines;Fiber optic;Tech Support;Streaming Movies;Cloud Storage,4834.53,No
C001277,Female,32,Jawa Timur,41,One year,Standard,DSL,Yes,Yes,No,No,No,Yes,No,Yes,Yes,Credit card (auto),Yes,82.16,3422.76,122.6,0,2,1,2.0,1,10,0,5,Phone;Multiple Lines;DSL;Streaming Movies;Device Protection,3423.76,No
C000269,Female,24,Jawa Barat,19,Two year,Standard,DSL,No,No,No,Yes,No,No,No,No,Yes,Bank transfer (auto),Yes,71.11,1190.77,91.2,1,1,0,3.6,1,4,10,2,DSL;Tech Support,1195.77,No
C001870,Male,57,Jawa Barat,29,One year,Standard,DSL,Yes,No,No,No,Yes,Yes,Yes,No,Yes,Virtual account,No,84.24,2479.81,121.6,1,1,1,2.9,1,5,0,5,Phone;DSL;Streaming TV;Streaming Movies;Cloud Storage,2484.81,No
C000812,Female,67,Jawa Tengah,31,Two year,Basic,Fiber optic,Yes,No,No,No,Yes,No,Yes,No,No,Cash/retail outlet,No,71.32,1951.9,57.6,0,0,2,3.3,1,9,10,4,Phone;Fiber optic;Streaming TV;Cloud Storage,1976.9,No
C001231,Male,41,Sulawesi,16,One year,Standard,Fixed wireless,Yes,No,Yes,Yes,Yes,No,Yes,No,Yes,E-wallet,No,92.41,1392.38,73.5,0,0,1,4.0,2,2,5,6,Phone;Fixed wireless;Online Security;Tech Support;Streaming TV;Cloud Storage,1442.38,No
C000509,Female,41,Sumatera,23,One year,Basic,DSL,Yes,Yes,No,No,No,Yes,No,Yes,Yes,E-wallet,No,65.78,1481.8,71.8,3,0,0,2.3,2,5,0,5,Phone;Multiple Lines;DSL;Streaming Movies;Device Protection,1507.8,No
C000778,Male,52,Kalimantan,55,Two year,Standard,Fiber optic,Yes,Yes,Yes,No,No,No,No,No,Yes,Credit card (auto),Yes,89.88,4482.53,120.7,0,0,0,3.8,4,3,10,4,Phone;Multiple Lines;Fiber optic;Online Security,4582.53,No
C000469,Female,47,Jawa Timur,53,One year,Premium,Fixed wireless,Yes,Yes,No,Yes,Yes,No,No,Yes,Yes,Bank transfer (auto),Yes,122.98,6495.76,125.0,0,0,0,,4,7,0,6,Phone;Multiple Lines;Fixed wireless;Tech Support;Streaming TV;Device Protection,6595.76,No
C001216,Female,24,Jabodetabek,57,Two year,Premium,Fixed wireless,Yes,No,Yes,No,Yes,Yes,No,No,Yes,Bank transfer (auto),Yes,113.52,5323.53,190.1,1,1,1,,2,5,20,5,Phone;Fixed wireless;Online Security;Streaming TV;Streaming Movies,5353.53,No
C000395,Female,42,Jawa Timur,56,One year,Basic,Fiber optic,Yes,No,Yes,No,No,Yes,No,No,No,Bank transfer (auto),Yes,70.05,3306.69,95.8,0,1,1,3.8,4,3,15,4,Phone;Fiber optic;Online Security;Streaming Movies,3394.69,No
C001872,Female,33,Sulawesi,14,Two year,Standard,Fixed wireless,Yes,Yes,Yes,No,Yes,No,No,No,Yes,E-wallet,No,88.72,1099.46,80.0,2,0,1,2.7,1,14,10,5,Phone;Multiple Lines;Fixed wireless;Online Security;Streaming TV,1108.46,No
C000502,Male,30,Jawa Barat,65,Two year,Standard,Fiber optic,Yes,No,Yes,Yes,No,No,No,Yes,Yes,Credit card (auto),Yes,95.43,5297.37,116.5,3,1,2,1.6,2,7,15,5,Phone;Fiber optic;Online Security;Tech Support;Device Protection,5311.37,Yes
C000144,Female,31,Jawa Timur,12,One year,Basic,Fiber optic,Yes,No,No,Yes,No,No,No,No,Yes,Bank transfer (auto),Yes,68.37,754.96,7.2,0,1,1,4.1,1,4,10,3,Phone;Fiber optic;Tech Support,767.96,No
C000831,Male,45,Jabodetabek,33,One year,Standard,DSL,Yes,No,Yes,No,No,No,No,Yes,Yes,Bank transfer (auto),Yes,73.77,2246.08,122.9,1,2,1,2.5,0,17,10,4,Phone;DSL;Online Security;Device Protection,2214.08,No
C001425,Female,33,Jawa Barat,46,One year,Standard,Fiber optic,Yes,No,No,No,Yes,No,No,No,Yes,E-wallet,No,86.79,4005.17,155.2,0,1,1,4.0,3,11,0,3,Phone;Fiber optic;Streaming TV,4068.17,No
C000708,Female,47,Jawa Barat,29,One year,Standard,None,Yes,Yes,No,No,No,No,No,No,No,Bank transfer (auto),Yes,48.57,1196.83,,2,0,0,3.6,2,7,15,2,Phone;Multiple Lines,1230.83,No
C000107,Female,41,Jabodetabek,21,Month-to-month,Standard,DSL,Yes,Yes,Yes,No,No,Yes,No,Yes,Yes,Bank transfer (auto),Yes,85.79,1657.94,73.9,1,0,1,3.0,2,4,10,6,Phone;Multiple Lines;DSL;Online Security;Streaming Movies;Device Protection,1699.94,Yes
C001347,Male,34,Jabodetabek,28,One year,Standard,Fiber optic,Yes,No,No,No,No,No,No,Yes,Yes,Virtual account,No,73.19,2096.2,73.9,1,2,2,2.4,1,11,0,3,Phone;Fiber optic;Device Protection,2089.2,Yes
C000920,Male,37,Jawa Timur,21,One year,Premium,Fiber optic,Yes,No,No,Yes,No,Yes,No,No,Yes,E-wallet,No,115.43,2387.19,122.5,1,0,2,3.4,1,16,0,4,Phone;Fiber optic;Tech Support;Streaming Movies,2404.19,No
C000389,Male,38,Jabodetabek,11,One year,Basic,Fiber optic,Yes,No,No,Yes,Yes,No,No,No,Yes,Cash/retail outlet,No,73.06,727.07,123.8,1,0,1,3.0,1,12,10,4,Phone;Fiber optic;Tech Support;Streaming TV,744.07,No
C000730,Female,43,Jawa Barat,20,Month-to-month,Standard,Fiber optic,Yes,No,No,No,Yes,No,No,No,No,Bank transfer (auto),Yes,91.9,1683.52,88.8,1,1,2,2.2,0,5,10,3,Phone;Fiber optic;Streaming TV,1663.52,No
C001707,Male,68,Jabodetabek,11,One year,Standard,DSL,Yes,Yes,Yes,No,Yes,Yes,No,No,No,E-wallet,No,101.45,1137.05,137.3,2,0,2,2.6,0,5,0,6,Phone;Multiple Lines;DSL;Online Security;Streaming TV;Streaming Movies,1121.05,No
C000113,Male,30,Jawa Timur,14,Month-to-month,Standard,Fiber optic,Yes,No,Yes,No,No,No,No,No,Yes,Bank transfer (auto),Yes,83.53,1039.55,60.9,2,0,2,3.1,1,5,10,3,Phone;Fiber optic;Online Security,1048.55,No
C000801,Male,43,Kalimantan,38,Month-to-month,Premium,DSL,Yes,Yes,No,No,Yes,No,Yes,Yes,No,E-wallet,No,107.91,3462.67,143.4,1,1,2,3.2,1,9,15,6,Phone;Multiple Lines;DSL;Streaming TV;Cloud Storage;Device Protection,3467.67,No
C001194,Male,52,Jabodetabek,35,One year,Standard,Fiber optic,Yes,No,No,No,No,No,Yes,No,Yes,Credit card (auto),Yes,81.6,2778.02,100.4,1,0,0,,2,2,0,3,Phone;Fiber optic;Cloud Storage,2820.02,No
C000753,Male,50,Jawa Barat,39,Month-to-month,Standard,None,Yes,No,No,No,No,No,No,No,Yes,E-wallet,No,45.26,1791.31,,1,1,0,2.8,2,5,0,1,Phone,1821.31,No
C001617,Male,34,Jabodetabek,23,Month-to-month,Premium,DSL,Yes,No,No,Yes,Yes,No,Yes,No,No,Bank transfer (auto),Yes,102.73,2340.14,129.1,1,0,1,,2,5,0,5,Phone;DSL;Tech Support;Streaming TV;Cloud Storage,2382.14,No
C001802,Female,49,Jawa Barat,34,Month-to-month,Basic,Fixed wireless,Yes,Yes,Yes,Yes,No,No,No,Yes,Yes,Virtual account,No,69.33,2231.3,29.7,2,0,2,2.7,2,4,5,6,Phone;Multiple Lines;Fixed wireless;Online Security;Tech Support;Device Protection,2265.3,No
C000946,Female,31,Jawa Barat,61,Month-to-month,Standard,DSL,Yes,No,Yes,No,No,No,No,No,Yes,Bank transfer (auto),Yes,69.78,3996.67,86.3,0,1,0,2.4,5,13,5,3,Phone;DSL;Online Security,4109.67,No
C000800,Male,35,Sumatera,29,One year,Standard,Fiber optic,Yes,No,No,Yes,Yes,No,No,No,Yes,Virtual account,No,96.28,2375.1,79.1,2,1,2,2.6,1,6,15,4,Phone;Fiber optic;Tech Support;Streaming TV,2372.1,No
C001721,Female,29,Jawa Barat,21,One year,Basic,Fixed wireless,Yes,No,No,No,Yes,Yes,No,No,Yes,Bank transfer (auto),Yes,71.88,1480.34,101.5,1,2,1,2.1,1,8,0,4,Phone;Fixed wireless;Streaming TV;Streaming Movies,1473.34,No
C001873,Female,67,Sumatera,18,Month-to-month,Standard,DSL,Yes,No,No,Yes,No,Yes,No,No,Yes,Bank transfer (auto),Yes,79.43,1213.53,92.8,1,1,0,4.8,3,4,15,4,Phone;DSL;Tech Support;Streaming Movies,1268.53,No
C000598,Female,71,Jawa Timur,33,Month-to-month,Basic,DSL,Yes,Yes,No,No,No,Yes,No,No,No,Bank transfer (auto),Yes,50.72,1300.98,66.2,2,1,1,1.1,1,13,20,4,Phone;Multiple Lines;DSL;Streaming Movies,1297.98,No
C001332,Male,38,Sulawesi,28,Two year,Basic,Fiber optic,Yes,No,No,No,No,Yes,No,Yes,No,Credit card (auto),Yes,71.18,1763.64,6.2,0,1,0,,0,6,10,4,Phone;Fiber optic;Streaming Movies;Device Protection,1751.64,No
C001698,Male,40,Jawa Timur,54,One year,Basic,DSL,Yes,Yes,No,No,Yes,No,No,No,No,Cash/retail outlet,No,58.19,2496.79,65.1,2,0,0,3.3,4,4,20,4,Phone;Multiple Lines;DSL;Streaming TV,2580.79,No
C000594,Male,51,Jawa Barat,46,One year,Basic,DSL,Yes,No,No,No,No,Yes,No,No,No,E-wallet,No,51.23,2390.48,51.7,1,1,0,,1,7,0,3,Phone;DSL;Streaming Movies,2395.48,No
C001142,Male,39,Sulawesi,52,Month-to-month,Standard,Fiber optic,Yes,Yes,No,Yes,No,No,Yes,No,Yes,Virtual account,No,97.69,5179.88,53.4,1,2,2,2.0,3,11,0,5,Phone;Multiple Lines;Fiber optic;Tech Support;Cloud Storage,5222.88,No
C000824,Female,43,Jabodetabek,21,Two year,Premium,Fixed wireless,Yes,No,Yes,Yes,Yes,Yes,Yes,No,Yes,Cash/retail outlet,No,125.74,2367.47,180.3,2,0,1,2.9,0,18,10,7,Phone;Fixed wireless;Online Security;Tech Support;Streaming TV;Streaming Movies;Cloud Storage,2351.47,No
C000603,Male,35,Jabodetabek,31,Two year,Premium,Fiber optic,Yes,No,No,Yes,No,No,Yes,Yes,Yes,Virtual account,No,128.41,3479.86,136.4,1,1,0,2.1,1,6,15,5,Phone;Fiber optic;Tech Support;Cloud Storage;Device Protection,3484.86,No
C000554,Female,44,Bali-Nusa Tenggara,24,One year,Standard,Fixed wireless,Yes,Yes,No,No,No,Yes,No,Yes,Yes,E-wallet,No,83.57,1827.78,111.8,2,0,1,2.2,1,5,10,5,Phone;Multiple Lines;Fixed wireless;Streaming Movies;Device Protection,1836.78,No
C001047,Male,65,Jawa Barat,26,Month-to-month,Standard,Fiber optic,No,No,No,No,No,No,No,Yes,Yes,Bank transfer (auto),Yes,82.15,2072.92,64.0,2,0,0,2.7,3,8,0,2,Fiber optic;Device Protection,2131.92,No
C001697,Male,64,Jawa Tengah,19,Two year,Basic,Fiber optic,Yes,No,Yes,No,No,Yes,No,Yes,Yes,Virtual account,No,73.78,1280.9,103.8,3,1,1,2.2,1,7,10,5,Phone;Fiber optic;Online Security;Streaming Movies;Device Protection,1269.9,No
C000063,Male,38,Jawa Tengah,5,Month-to-month,Basic,DSL,Yes,Yes,No,Yes,Yes,No,No,No,No,Virtual account,No,61.93,312.24,82.5,1,0,2,3.1,0,9,0,5,Phone;Multiple Lines;DSL;Tech Support;Streaming TV,304.24,No
C001653,Female,68,Jawa Tengah,14,One year,Basic,Fiber optic,Yes,No,Yes,No,Yes,No,No,No,Yes,Cash/retail outlet,No,65.93,907.21,103.4,1,0,1,3.8,1,8,0,4,Phone;Fiber optic;Online Security;Streaming TV,924.21,No
C000055,Female,51,Jabodetabek,41,Two year,Standard,DSL,No,No,Yes,No,No,No,Yes,No,Yes,Virtual account,No,77.06,2909.69,126.6,2,1,2,1.4,1,10,10,3,DSL;Online Security;Cloud Storage,2906.69,No
C000425,Male,34,Jawa Barat,27,One year,Basic,DSL,Yes,No,No,No,No,Yes,No,No,No,E-wallet,No,53.91,1281.51,54.7,1,1,1,2.8,2,11,10,3,Phone;DSL;Streaming Movies,1311.51,No
C000479,Female,53,Jabodetabek,47,One year,Standard,Fiber optic,Yes,No,No,No,Yes,No,No,No,Yes,E-wallet,No,78.07,3048.33,95.0,0,1,2,3.3,2,5,15,3,Phone;Fiber optic;Streaming TV,3086.33,No
C000474,Male,50,Jawa Tengah,7,Month-to-month,Standard,None,Yes,Yes,No,No,No,No,No,No,No,E-wallet,No,49.41,272.84,,0,0,2,2.9,2,6,20,2,Phone;Multiple Lines,322.84,No
C000442,Male,35,Sumatera,12,Month-to-month,Standard,DSL,Yes,No,Yes,No,Yes,No,No,No,Yes,Credit card (auto),Yes,66.5,711.51,103.7,3,1,2,1.4,0,10,10,4,Phone;DSL;Online Security;Streaming TV,675.51,Yes
C000140,Female,34,Jawa Timur,31,Two year,Standard,Fiber optic,Yes,No,No,No,No,No,Yes,Yes,Yes,Cash/retail outlet,No,85.36,2373.5,56.6,3,1,0,,3,10,10,4,Phone;Fiber optic;Cloud Storage;Device Protection,2412.5,No
C001042,Male,37,Jabodetabek,34,One year,Standard,None,Yes,No,No,No,No,No,No,No,Yes,Virtual account,No,47.08,1517.21,,2,1,2,1.7,2,9,5,1,Phone,1539.21,No
C000500,Male,70,Jawa Barat,32,Two year,Basic,DSL,Yes,No,Yes,Yes,No,Yes,No,No,Yes,Credit card (auto),Yes,64.07,1854.9,46.5,5,2,2,1,0,10,10,5,Phone;DSL;Online Security;Tech Support;Streaming Movies,1790.9,Yes
C000538,Male,51,Jawa Barat,14,Two year,Premium,DSL,Yes,No,Yes,No,Yes,No,Yes,Yes,Yes,Credit card (auto),Yes,104.24,1237.79,165.9,2,1,0,,2,12,15,6,Phone;DSL;Online Security;Streaming TV;Cloud Storage;Device Protection,1259.79,No
C001551,Female,58,Sumatera,23,Month-to-month,Standard,DSL,Yes,Yes,No,Yes,No,No,No,No,Yes,Credit card (auto),Yes,73.21,1687.52,122.6,1,1,0,2.1,0,15,0,4,Phone;Multiple Lines;DSL;Tech Support,1667.52,No
C000387,Female,45,Jawa Tengah,30,Two year,Premium,Fiber optic,Yes,No,No,Yes,No,Yes,Yes,Yes,No,Bank transfer (auto),Yes,127.57,3364.51,174.6,3,1,0,3.0,0,5,10,6,Phone;Fiber optic;Tech Support;Streaming Movies;Cloud Storage;Device Protection,3328.51,No
C001202,Male,37,Jawa Barat,32,One year,Premium,Fiber optic,Yes,Yes,Yes,Yes,Yes,Yes,No,No,Yes,Bank transfer (auto),Yes,135.53,4276.27,174.2,2,2,0,3.4,2,8,0,7,Phone;Multiple Lines;Fiber optic;Online Security;Tech Support;Streaming TV;Streaming Movies,4286.27,No
C000967,Male,36,Jawa Timur,27,One year,Basic,Fixed wireless,Yes,Yes,No,No,Yes,Yes,No,No,Yes,Credit card (auto),Yes,66.19,1652.14,65.3,0,0,0,4.6,4,1,10,5,Phone;Multiple Lines;Fixed wireless;Streaming TV;Streaming Movies,1752.14,No
C001903,Male,53,Jawa Tengah,55,Month-to-month,Premium,Fiber optic,Yes,No,Yes,Yes,No,No,Yes,Yes,No,E-wallet,No,120.12,6409.24,209.7,2,0,1,3.1,3,6,5,6,Phone;Fiber optic;Online Security;Tech Support;Cloud Storage;Device Protection,6468.24,No
C001896,Female,42,Jawa Tengah,22,Month-to-month,Standard,Fiber optic,Yes,Yes,No,No,Yes,No,No,No,Yes,Virtual account,No,85.0,1815.12,101.0,0,2,1,2.6,1,10,0,4,Phone;Multiple Lines;Fiber optic;Streaming TV,1816.12,Yes
C000983,Male,39,Jawa Barat,35,One year,Standard,Fixed wireless,Yes,No,Yes,No,No,No,No,No,Yes,Bank transfer (auto),Yes,73.47,2598.67,62.3,3,0,1,2.6,2,5,0,3,Phone;Fixed wireless;Online Security,2624.67,No
C000308,Female,67,Kalimantan,34,Month-to-month,Basic,DSL,Yes,Yes,No,No,Yes,No,Yes,Yes,Yes,Bank transfer (auto),Yes,63.28,2096.49,70.3,1,0,0,3.5,2,9,5,6,Phone;Multiple Lines;DSL;Streaming TV;Cloud Storage;Device Protection,2138.49,No
C000585,Male,40,Sumatera,44,One year,Standard,Fiber optic,Yes,No,No,Yes,Yes,Yes,Yes,Yes,Yes,Virtual account,No,103.1,4414.03,118.2,3,1,0,1.8,1,8,0,7,Phone;Fiber optic;Tech Support;Streaming TV;Streaming Movies;Cloud Storage;Device Protection,4403.03,No
C001118,Male,49,Sumatera,36,Month-to-month,Standard,Fixed wireless,Yes,No,No,No,No,Yes,No,Yes,No,E-wallet,No,84.8,3114.66,132.1,0,0,2,4.5,2,4,0,4,Phone;Fixed wireless;Streaming Movies;Device Protection,3164.66,No
C000291,Female,33,Kalimantan,46,Month-to-month,Premium,Fixed wireless,Yes,Yes,Yes,No,No,Yes,No,No,Yes,E-wallet,No,116.21,5048.21,170.5,4,2,0,1.1,0,9,5,5,Phone;Multiple Lines;Fixed wireless;Online Security;Streaming Movies,4992.21,No
C001218,Female,43,Jawa Barat,55,Two year,Premium,DSL,Yes,No,No,No,Yes,Yes,No,Yes,Yes,Cash/retail outlet,No,107.06,5415.58,154.3,0,0,0,5,5,14,10,5,Phone;DSL;Streaming TV;Streaming Movies;Device Protection,5540.58,No
C001795,Male,43,Sumatera,42,Month-to-month,Basic,Fiber optic,Yes,No,Yes,Yes,Yes,No,No,No,No,E-wallet,No,78.14,3134.73,75.3,1,0,0,3.9,2,5,5,5,Phone;Fiber optic;Online Security;Tech Support;Streaming TV,3176.73,No
C001141,Male,37,Kalimantan,53,Two year,Standard,Fiber optic,Yes,No,No,Yes,No,Yes,No,Yes,Yes,E-wallet,No,99.27,4181.11,135.8,2,1,1,3.0,3,8,20,5,Phone;Fiber optic;Tech Support;Streaming Movies;Device Protection,4228.11,No
C000317,Female,60,Jabodetabek,18,Month-to-month,Premium,DSL,Yes,Yes,Yes,Yes,Yes,Yes,Yes,No,Yes,Bank transfer (auto),Yes,124.61,2272.44,173.4,1,0,2,4.1,3,10,0,8,Phone;Multiple Lines;DSL;Online Security;Tech Support;Streaming TV;Streaming Movies;Cloud Storage,2339.44,No
C001611,Male,40,Jawa Tengah,40,Month-to-month,Standard,Fiber optic,Yes,No,No,No,No,No,No,No,No,Credit card (auto),Yes,75.69,2869.37,95.3,2,1,0,,0,9,5,2,Phone;Fiber optic,2841.37,No
C000926,Male,34,Jawa Tengah,57,Two year,Standard,Fiber optic,Yes,No,No,No,No,No,Yes,No,Yes,Credit card (auto),Yes,86.49,4524.28,86.5,1,1,1,3.3,1,12,10,3,Phone;Fiber optic;Cloud Storage,4529.28,No
C001243,Female,36,Jabodetabek,57,Month-to-month,Standard,None,Yes,No,No,No,No,No,No,No,Yes,Bank transfer (auto),Yes,48.2,2813.85,,3,1,0,2.0,1,20,0,1,Phone,2802.85,No
C000931,Female,34,Jabodetabek,28,Month-to-month,Standard,Fiber optic,Yes,No,No,No,No,No,No,No,Yes,Bank transfer (auto),Yes,74.01,1843.27,92.4,1,1,1,,1,17,10,2,Phone;Fiber optic,1848.27,Yes
C001378,Female,62,Jabodetabek,19,One year,Basic,DSL,Yes,Yes,No,Yes,No,No,Yes,No,No,E-wallet,No,68.98,1287.02,4,4,1,0,1.1,0,9,0,5,Phone;Multiple Lines;DSL;Tech Support;Cloud Storage,1243.02,No
C001288,Female,33,Jawa Tengah,14,Month-to-month,Standard,Fiber optic,Yes,No,No,No,No,No,No,Yes,No,Bank transfer (auto),Yes,78.57,1018.32,113.0,3,2,0,1.0,0,11,5,3,Phone;Fiber optic;Device Protection,970.32,Yes
C000203,Female,63,Bali-Nusa Tenggara,31,One year,Standard,None,Yes,Yes,No,No,No,No,No,No,Yes,E-wallet,No,53.32,1622.98,,1,0,2,,0,9,0,2,Phone;Multiple Lines,1614.98,No
C001177,Male,30,Sumatera,54,Two year,Premium,Fixed wireless,Yes,No,No,Yes,No,Yes,No,No,Yes,Virtual account,No,112.13,5540.77,123.4,0,0,2,3.8,3,2,10,4,Phone;Fixed wireless;Tech Support;Streaming Movies,5615.77,No
C000840,Female,72,Sumatera,31,One year,Basic,Fixed wireless,Yes,No,No,No,No,No,No,No,Yes,E-wallet,No,46.31,1346.52,65.7,2,1,1,2.4,2,8,5,2,Phone;Fixed wireless,1368.52,No
C000867,Female,68,Kalimantan,42,Month-to-month,Standard,Fiber optic,Yes,Yes,No,No,No,No,No,No,Yes,Credit card (auto),Yes,88.55,3615.06,66.3,1,0,0,4.3,3,8,0,3,Phone;Multiple Lines;Fiber optic,3682.06,No
C001353,Male,48,Jawa Timur,18,Two year,Standard,DSL,Yes,No,No,No,No,No,No,Yes,Yes,Credit card (auto),Yes,80.53,1304.18,127.0,1,1,0,4.0,4,3,10,3,Phone;DSL;Device Protection,1384.18,No
C000307,Female,32,Sumatera,12,Month-to-month,Basic,Fiber optic,Yes,No,No,No,No,No,No,No,Yes,Bank transfer (auto),Yes,56.7,665.9,21.2,1,2,1,2.3,0,7,0,2,Phone;Fiber optic,633.9,Yes
C001928,Male,38,Kalimantan,68,Two year,Basic,None,Yes,Yes,No,No,No,No,No,No,Yes,Credit card (auto),Yes,32.79,1971.39,,1,1,0,2.6,2,22,10,2,Phone;Multiple Lines,2001.39,No
C001640,Male,39,Jawa Tengah,25,One year,Premium,None,Yes,No,No,No,No,No,No,No,Yes,Virtual account,No,68.62,1687.19,,0,0,1,4.1,2,2,0,1,Phone,1737.19,No
C001922,Male,47,Jabodetabek,51,One year,Basic,Fiber optic,Yes,No,No,No,No,Yes,No,No,Yes,Bank transfer (auto),Yes,70.13,3560.55,103.7,1,0,1,4.0,3,3,0,3,Phone;Fiber optic;Streaming Movies,3627.55,No
C001991,Male,31,Jabodetabek,23,One year,Basic,None,Yes,No,No,No,No,No,No,No,No,Credit card (auto),Yes,23.22,523.08,,2,0,0,3.2,0,4,0,1,Phone,507.08,No
C000205,Female,39,Bali-Nusa Tenggara,27,One year,Basic,Fixed wireless,Yes,Yes,No,No,No,No,Yes,Yes,Yes,E-wallet,No,60.08,1519.0,21.5,0,0,0,,2,2,5,5,Phone;Multiple Lines;Fixed wireless;Cloud Storage;Device Protection,1569.0,No
C000733,Male,32,Jawa Tengah,35,One year,Standard,Fiber optic,Yes,Yes,No,No,No,Yes,No,No,Yes,Bank transfer (auto),Yes,82.51,2653.12,86.4,1,0,1,4.0,3,2,10,4,Phone;Multiple Lines;Fiber optic;Streaming Movies,2720.12,No
C000025,Male,35,Sulawesi,49,One year,Basic,Fixed wireless,Yes,No,No,No,No,Yes,No,No,Yes,Bank transfer (auto),Yes,54.98,2772.2,56.1,0,0,2,3.1,2,10,0,3,Phone;Fixed wireless;Streaming Movies,2822.2,No
C000760,Male,27,Sumatera,39,Two year,Basic,Fiber optic,Yes,No,No,No,No,No,Yes,No,No,Credit card (auto),Yes,61.89,2048.77,5.1,1,1,0,3.0,1,6,15,3,Phone;Fiber optic;Cloud Storage,2053.77,No
C001468,Male,40,Jawa Timur,37,Two year,Standard,Fiber optic,Yes,No,No,Yes,No,No,No,No,Yes,E-wallet,No,85.29,2798.29,56.6,3,0,3,2.6,2,11,10,3,Phone;Fiber optic;Tech Support,2824.29,No
C001994,Male,27,Bali-Nusa Tenggara,33,One year,Basic,DSL,Yes,No,No,No,No,Yes,No,No,Yes,Credit card (auto),Yes,60.12,1907.57,97.8,2,0,0,3.2,3,13,5,3,Phone;DSL;Streaming Movies,1966.57,No
C000896,Female,45,Sulawesi,60,Two year,Basic,DSL,No,No,No,No,No,No,Yes,No,No,E-wallet,No,43.86,2439.19,51.4,1,1,2,3.3,3,19,10,2,DSL;Cloud Storage,2494.19,No
C000601,Female,34,Jawa Tengah,13,Month-to-month,Basic,Fixed wireless,Yes,Yes,Yes,No,No,No,No,No,Yes,Cash/retail outlet,No,54.47,719.6,42.5,1,1,1,4.0,2,4,0,4,Phone;Multiple Lines;Fixed wireless;Online Security,749.6,No
C000793,Female,38,Jabodetabek,33,Two year,Basic,DSL,Yes,No,No,No,Yes,No,Yes,No,Yes,Cash/retail outlet,No,55.29,1630.03,79.5,0,1,2,3.7,3,6,10,4,Phone;DSL;Streaming TV;Cloud Storage,1693.03,No
C000301,Female,42,Bali-Nusa Tenggara,26,One year,Standard,DSL,Yes,No,Yes,No,No,Yes,Yes,No,Yes,Bank transfer (auto),Yes,83.57,2155.62,95.4,1,0,0,3.4,3,3,0,5,Phone;DSL;Online Security;Streaming Movies;Cloud Storage,2222.62,No
C001337,Female,40,Kalimantan,4,Month-to-month,Standard,DSL,Yes,No,Yes,Yes,No,No,Yes,No,Yes,Credit card (auto),Yes,80.4,325.77,45.1,0,0,2,4.5,2,3,0,5,Phone;DSL;Online Security;Tech Support;Cloud Storage,375.77,No
C000692,Male,29,Kalimantan,18,Month-to-month,Basic,DSL,Yes,No,No,No,No,Yes,No,No,No,Credit card (auto),Yes,61.8,1056.99,96.0,1,0,0,3.7,1,5,5,3,Phone;DSL;Streaming Movies,1073.99,No
C000099,Female,46,Jabodetabek,24,Month-to-month,Standard,None,Yes,Yes,No,No,No,No,No,No,No,Credit card (auto),Yes,52.13,1208.34,,1,0,1,,1,8,5,2,Phone;Multiple Lines,1225.34,No
C000717,Female,72,Jawa Timur,27,Month-to-month,Basic,Fiber optic,No,No,No,No,Yes,Yes,No,No,Yes,Bank transfer (auto),Yes,74.38,2008.99,55.8,1,0,1,2.9,1,6,0,3,Fiber optic;Streaming TV;Streaming Movies,2025.99,No
C001350,Male,51,Jabodetabek,20,Month-to-month,Standard,Fixed wireless,Yes,No,Yes,No,No,No,No,No,Yes,Virtual account,No,79.55,1595.17,65.4,1,1,0,3.3,2,6,0,3,Phone;Fixed wireless;Online Security,1625.17,No
C000255,Female,61,Jawa Timur,56,Two year,Basic,Fiber optic,Yes,Yes,No,No,No,No,No,No,Yes,Bank transfer (auto),Yes,65.01,3296.61,37.1,1,0,0,3.6,4,7,10,3,Phone;Multiple Lines;Fiber optic,3388.61,No
C001008,Male,51,Jawa Barat,56,Month-to-month,Standard,Fiber optic,Yes,No,Yes,No,Yes,Yes,No,No,No,Credit card (auto),Yes,92.77,4537.09,117.3,1,0,0,2.6,1,5,15,5,Phone;Fiber optic;Online Security;Streaming TV;Streaming Movies,4554.09,No
C001492,Female,25,Jabodetabek,59,One year,Basic,None,Yes,Yes,No,No,No,No,No,No,No,Bank transfer (auto),Yes,39.11,2255.77,,1,1,1,2.4,3,7,5,2,Phone;Multiple Lines,2310.77,No
C001624,Female,58,Sumatera,51,Two year,Basic,Fixed wireless,Yes,No,No,No,Yes,No,No,No,No,Credit card (auto),Yes,66.11,3105.74,73.5,1,1,1,,1,6,10,3,Phone;Fixed wireless;Streaming TV,3110.74,No
C001299,Male,38,Kalimantan,23,Month-to-month,Standard,Fiber optic,Yes,Yes,No,Yes,No,No,No,Yes,Yes,E-wallet,No,99.95,2023.85,70.0,3,1,2,,1,7,10,5,Phone;Multiple Lines;Fiber optic;Tech Support;Device Protection,2012.85,Yes
C000105,Male,62,Sumatera,70,Two year,Standard,Fiber optic,Yes,No,No,No,No,No,No,No,Yes,Bank transfer (auto),Yes,73.08,4607.65,79.7,2,1,1,3.5,2,10,10,2,Phone;Fiber optic,4629.65,No
C000563,Male,58,Sumatera,54,One year,Standard,Fiber optic,Yes,No,Yes,Yes,No,Yes,No,Yes,Yes,Credit card (auto),Yes,103.94,5723.02,144.5,2,0,0,3.0,3,4,0,6,Phone;Fiber optic;Online Security;Tech Support;Streaming Movies;Device Protection,5782.02,No
C000027,Male,44,Sulawesi,15,Month-to-month,Basic,None,Yes,Yes,No,No,No,No,No,No,No,E-wallet,No,22.29,343.37,,1,0,0,4.7,2,4,0,2,Phone;Multiple Lines,385.37,No
C001001,Female,36,Jawa Tengah,28,One year,Basic,Fiber optic,Yes,No,No,No,No,No,No,No,No,E-wallet,No,63.91,1741.64,27.8,2,0,1,3.0,2,8,0,2,Phone;Fiber optic,1775.64,No
C001584,Female,47,Jawa Barat,12,Month-to-month,Basic,Fiber optic,Yes,Yes,Yes,No,No,Yes,No,No,Yes,Cash/retail outlet,No,63.87,732.99,73.4,0,0,2,3.3,1,7,5,5,Phone;Multiple Lines;Fiber optic;Online Security;Streaming Movies,757.99,No
C001717,Female,31,Kalimantan,17,Two year,Premium,Fiber optic,Yes,No,Yes,Yes,No,Yes,No,No,Yes,Virtual account,No,119.56,1824.78,168.1,0,0,2,2.7,0,13,10,5,Phone;Fiber optic;Online Security;Tech Support;Streaming Movies,1824.78,No
C001796,Female,59,Jabodetabek,12,One year,Standard,DSL,Yes,Yes,No,No,Yes,No,No,No,No,Virtual account,No,75.76,884.49,103.7,1,0,1,3.8,1,15,0,4,Phone;Multiple Lines;DSL;Streaming TV,901.49,No
C001923,Male,49,Sumatera,45,Month-to-month,Standard,Fixed wireless,Yes,Yes,Yes,No,No,No,No,No,Yes,Virtual account,No,80.05,3350.02,93.3,0,0,2,3.8,3,6,5,4,Phone;Multiple Lines;Fixed wireless;Online Security,3425.02,No
C001015,Male,36,Jawa Timur,24,Month-to-month,Basic,Fiber optic,Yes,No,No,No,Yes,Yes,Yes,No,Yes,Bank transfer (auto),Yes,80.05,1834.52,81.4,0,0,1,4.2,3,11,5,5,Phone;Fiber optic;Streaming TV;Streaming Movies;Cloud Storage,1909.52,No
C001654,Female,47,Jawa Tengah,29,One year,Premium,Fiber optic,Yes,No,No,No,Yes,No,Yes,No,No,Credit card (auto),Yes,110.92,3247.5,149.9,3,0,0,2.7,0,4,0,4,Phone;Fiber optic;Streaming TV;Cloud Storage,3223.5,No
C001038,Male,43,Jawa Tengah,41,Month-to-month,Standard,Fiber optic,Yes,No,No,No,Yes,Yes,No,No,Yes,E-wallet,No,95.6,3505.56,144.8,2,1,0,1.4,2,10,10,4,Phone;Fiber optic;Streaming TV;Streaming Movies,3527.56,Yes
C000093,Female,60,Jabodetabek,37,Month-to-month,Premium,DSL,Yes,Yes,No,No,Yes,No,Yes,No,Yes,E-wallet,No,109.03,3763.32,165.7,1,1,0,3.1,1,12,5,5,Phone;Multiple Lines;DSL;Streaming TV;Cloud Storage,3768.32,No
C001343,Male,45,Sulawesi,5,Month-to-month,Standard,Fixed wireless,Yes,No,No,Yes,No,No,No,No,Yes,E-wallet,No,72.21,341.71,93.0,1,1,2,2.3,0,6,5,3,Phone;Fixed wireless;Tech Support,321.71,No
C001280,Female,34,Jawa Tengah,35,One year,Basic,Fixed wireless,Yes,No,No,No,No,No,Yes,No,Yes,E-wallet,No,56.95,1897.68,39.2,1,0,2,3.8,6,2,5,3,Phone;Fixed wireless;Cloud Storage,2039.68,No
C000041,Male,38,Sumatera,52,One year,Basic,Fixed wireless,No,No,No,No,No,Yes,No,No,Yes,E-wallet,No,56.31,2981.2,93.4,0,1,2,3.0,2,13,0,2,Fixed wireless;Streaming Movies,3019.2,Yes
C000596,Male,37,Jawa Tengah,13,One year,Standard,DSL,No,No,No,No,Yes,No,No,No,No,Bank transfer (auto),Yes,77.91,950.0,64.8,0,0,1,5,3,1,5,2,DSL;Streaming TV,1025.0,No
C001782,Female,48,Jawa Tengah,57,Month-to-month,Standard,Fiber optic,Yes,Yes,No,No,Yes,No,Yes,Yes,No,Credit card (auto),Yes,99.68,5763.44,89.3,1,1,0,2.6,3,10,0,6,Phone;Multiple Lines;Fiber optic;Streaming TV;Cloud Storage;Device Protection,5818.44,Yes
C001478,Female,40,Jabodetabek,7,Month-to-month,Premium,Fiber optic,Yes,Yes,Yes,No,No,No,Yes,Yes,Yes,Bank transfer (auto),Yes,127.33,833.89,122.6,3,0,2,2.6,1,4,5,6,Phone;Multiple Lines;Fiber optic;Online Security;Cloud Storage;Device Protection,834.89,Yes
C000030,Female,28,Jabodetabek,9,Month-to-month,Premium,DSL,No,No,No,No,Yes,Yes,No,Yes,Yes,E-wallet,No,109.13,901.19,144.3,1,0,2,4.1,2,4,10,4,DSL;Streaming TV;Streaming Movies;Device Protection,943.19,Yes
C001289,Male,34,Jabodetabek,38,Month-to-month,Premium,DSL,Yes,Yes,Yes,Yes,Yes,Yes,No,Yes,Yes,Credit card (auto),Yes,131.15,4908.47,178.2,1,0,1,4.2,4,16,0,8,Phone;Multiple Lines;DSL;Online Security;Tech Support;Streaming TV;Streaming Movies;Device Protection,5000.47,No
C001396,Male,31,Jawa Tengah,33,Month-to-month,Standard,Fiber optic,Yes,Yes,No,Yes,Yes,No,No,No,Yes,Credit card (auto),Yes,96.71,2890.07,84.5,2,1,0,3.2,2,12,10,5,Phone;Multiple Lines;Fiber optic;Tech Support;Streaming TV,2912.07,Yes
C000270,Male,45,Jawa Barat,44,One year,Basic,Fiber optic,Yes,Yes,No,No,Yes,Yes,Yes,No,Yes,Virtual account,No,82.72,3425.37,124.1,2,1,1,3.3,2,8,5,6,Phone;Multiple Lines;Fiber optic;Streaming TV;Streaming Movies;Cloud Storage,3447.37,No
C000090,Male,58,Jawa Timur,6,Month-to-month,Standard,Fiber optic,Yes,Yes,No,Yes,Yes,No,No,Yes,No,Credit card (auto),Yes,103.59,605.6,82.4,2,1,1,1.9,0,7,0,6,Phone;Multiple Lines;Fiber optic;Tech Support;Streaming TV;Device Protection,577.6,No
C000008,Female,39,Jawa Tengah,48,Month-to-month,Standard,Fiber optic,Yes,No,Yes,No,No,Yes,Yes,No,Yes,E-wallet,No,96.77,4550.03,114.2,0,0,2,3.4,2,11,0,5,Phone;Fiber optic;Online Security;Streaming Movies;Cloud Storage,4600.03,No
C000384,Male,30,Jawa Barat,31,Two year,Basic,Fiber optic,Yes,No,No,Yes,Yes,Yes,No,Yes,Yes,Credit card (auto),Yes,76.32,2114.76,101.0,2,1,1,1.8,1,9,10,6,Phone;Fiber optic;Tech Support;Streaming TV;Streaming Movies;Device Protection,2111.76,No
C001431,Female,49,Jawa Barat,27,Month-to-month,Standard,Fiber optic,Yes,No,No,No,Yes,No,Yes,No,Yes,E-wallet,No,88.37,2297.86,115.5,3,0,2,1.7,0,5,5,4,Phone;Fiber optic;Streaming TV;Cloud Storage,2273.86,Yes
C001145,Female,34,Kalimantan,46,One year,Basic,None,Yes,No,No,No,No,No,No,No,Yes,Bank transfer (auto),Yes,20.92,917.55,,0,0,1,3.1,3,6,5,1,Phone,992.55,No
C001629,Male,46,Jabodetabek,18,One year,Premium,DSL,Yes,No,Yes,No,Yes,No,No,Yes,Yes,Bank transfer (auto),Yes,109.35,2019.48,135.5,3,1,0,,0,23,0,5,Phone;DSL;Online Security;Streaming TV;Device Protection,1983.48,No
C001406,Female,40,Jawa Tengah,44,Two year,Basic,Fixed wireless,Yes,Yes,No,No,No,No,Yes,No,No,Virtual account,No,66.54,2655.55,30.8,1,1,1,2.2,2,5,10,4,Phone;Multiple Lines;Fixed wireless;Cloud Storage,2685.55,No
C001091,Male,67,Jabodetabek,31,One year,Basic,DSL,Yes,Yes,No,No,No,No,No,No,Yes,E-wallet,No,51.12,1502.97,32.9,1,0,1,1.7,0,6,5,3,Phone;Multiple Lines;DSL,1494.97,No
C000049,Male,64,Jabodetabek,22,Month-to-month,Standard,DSL,Yes,No,No,No,No,Yes,Yes,No,Yes,Credit card (auto),Yes,77.03,1316.5,85.1,3,1,0,1.7,0,14,20,4,Phone;DSL;Streaming Movies;Cloud Storage,1280.5,No
C001461,Male,40,Jawa Tengah,52,One year,Standard,DSL,Yes,Yes,No,Yes,No,No,No,No,Yes,E-wallet,No,81.5,4056.66,97.4,0,0,1,3.1,2,3,5,4,Phone;Multiple Lines;DSL;Tech Support,4106.66,No
C000118,Female,60,Jawa Barat,50,Two year,Standard,Fixed wireless,Yes,Yes,No,No,No,No,Yes,No,Yes,Bank transfer (auto),Yes,76.92,3400.81,90.4,3,0,0,3.6,3,20,10,4,Phone;Multiple Lines;Fixed wireless;Cloud Storage,3451.81,No
C001987,Male,66,Jabodetabek,40,One year,Standard,DSL,No,No,Yes,No,No,No,Yes,No,Yes,Bank transfer (auto),Yes,75.87,2908.87,76.3,2,0,0,2.8,1,11,5,3,DSL;Online Security;Cloud Storage,2917.87,No
C001318,Male,27,Jabodetabek,41,Two year,Basic,Fiber optic,Yes,No,No,No,Yes,No,Yes,No,Yes,E-wallet,No,72.73,2670.47,63.7,2,0,2,2.8,3,6,10,4,Phone;Fiber optic;Streaming TV;Cloud Storage,2729.47,No
C000876,Male,29,Sulawesi,18,Month-to-month,Standard,DSL,Yes,No,Yes,No,No,Yes,No,Yes,Yes,Bank transfer (auto),Yes,79.17,1240.87,135.4,1,1,1,2.5,0,9,15,5,Phone;DSL;Online Security;Streaming Movies;Device Protection,1220.87,No
C000302,Male,37,Jabodetabek,24,One year,Standard,Fixed wireless,Yes,No,Yes,No,No,No,No,No,Yes,Credit card (auto),Yes,76.58,1606.71,92.7,1,1,1,2.8,0,10,10,3,Phone;Fixed wireless;Online Security,1586.71,No
C001938,Female,41,Sumatera,30,Two year,Basic,DSL,Yes,No,No,No,No,No,No,No,No,Virtual account,No,45.86,1229.2,58.0,4,1,2,,2,9,10,2,Phone;DSL,1235.2,No
C000300,Male,51,Sumatera,21,One year,Standard,DSL,Yes,Yes,Yes,No,Yes,No,No,No,Yes,Virtual account,No,91.24,1869.32,147.5,0,0,0,4.2,3,11,5,5,Phone;Multiple Lines;DSL;Online Security;Streaming TV,1944.32,No
C000122,Male,63,Jawa Barat,41,Month-to-month,Standard,Fixed wireless,Yes,No,No,No,No,No,Yes,Yes,Yes,Credit card (auto),Yes,71.4,2560.88,50.8,2,0,0,3.8,2,2,10,4,Phone;Fixed wireless;Cloud Storage;Device Protection,2594.88,No
C001746,Male,28,Jawa Barat,28,One year,Standard,DSL,Yes,Yes,No,No,Yes,No,No,No,Yes,Bank transfer (auto),Yes,82.92,2374.44,107.1,1,1,1,2.0,1,6,0,4,Phone;Multiple Lines;DSL;Streaming TV,2379.44,Yes
C001703,Female,38,Sumatera,56,Two year,Standard,None,Yes,Yes,No,No,No,No,No,No,Yes,Cash/retail outlet,No,51.91,2671.29,,1,0,0,,2,5,10,2,Phone;Multiple Lines,2713.29,No
C001023,Female,27,Jawa Tengah,25,Two year,Standard,DSL,Yes,No,No,No,No,No,Yes,No,Yes,E-wallet,No,68.55,1569.19,136.3,1,1,1,3.7,3,11,10,3,Phone;DSL;Cloud Storage,1624.19,No
C001649,Female,37,Jawa Barat,29,Two year,Basic,Fiber optic,Yes,No,No,No,No,Yes,No,No,Yes,Cash/retail outlet,No,64.42,1634.85,62.5,2,1,1,,1,16,10,3,Phone;Fiber optic;Streaming Movies,1631.85,No
C001752,Male,55,Jabodetabek,37,One year,Premium,None,Yes,Yes,No,No,No,No,No,No,Yes,Bank transfer (auto),Yes,75.09,2246.64,,1,2,0,1.8,0,8,20,2,Phone;Multiple Lines,2214.64,No
C001146,Female,58,Jabodetabek,20,Month-to-month,Premium,Fiber optic,Yes,No,Yes,No,Yes,Yes,Yes,No,Yes,Virtual account,No,135.0,2154.94,174.6,3,1,3,,2,12,20,6,Phone;Fiber optic;Online Security;Streaming TV;Streaming Movies;Cloud Storage,2168.94,Yes
C001477,Male,41,Bali-Nusa Tenggara,63,Month-to-month,Standard,Fixed wireless,Yes,No,No,Yes,Yes,Yes,No,No,Yes,Bank transfer (auto),Yes,95.06,6028.68,158.2,2,0,1,1.6,1,9,0,5,Phone;Fixed wireless;Tech Support;Streaming TV;Streaming Movies,6037.68,No
C001816,Female,31,Jawa Timur,6,Month-to-month,Basic,DSL,Yes,Yes,No,Yes,Yes,No,No,Yes,Yes,Bank transfer (auto),Yes,65.48,384.63,54.6,2,1,0,3.1,1,14,0,6,Phone;Multiple Lines;DSL;Tech Support;Streaming TV;Device Protection,381.63,No
C000012,Female,27,Jawa Barat,10,Month-to-month,Basic,Fiber optic,Yes,No,No,No,No,No,Yes,No,No,Cash/retail outlet,No,75.09,728.72,32.9,2,1,2,2.9,1,5,5,3,Phone;Fiber optic;Cloud Storage,725.72,Yes
C000299,Female,42,Jawa Barat,12,Month-to-month,Premium,DSL,Yes,Yes,No,Yes,Yes,Yes,No,No,Yes,Credit card (auto),Yes,119.24,1455.32,182.0,4,1,1,1,0,11,0,6,Phone;Multiple Lines;DSL;Tech Support;Streaming TV;Streaming Movies,1411.32,Yes
C000448,Female,42,Sumatera,34,Month-to-month,Basic,DSL,Yes,Yes,No,Yes,No,Yes,No,Yes,No,E-wallet,No,65.08,1990.95,77.0,2,1,0,2.1,1,7,10,6,Phone;Multiple Lines;DSL;Tech Support;Streaming Movies;Device Protection,1987.95,No
C001197,Female,65,Bali-Nusa Tenggara,16,Month-to-month,Standard,Fiber optic,Yes,No,No,Yes,No,Yes,No,No,No,Virtual account,No,96.54,1495.12,114.4,0,1,0,2.9,1,9,5,4,Phone;Fiber optic;Tech Support;Streaming Movies,1508.12,No
C001246,Female,49,Kalimantan,36,One year,Standard,DSL,Yes,No,Yes,No,No,Yes,No,No,No,E-wallet,No,79.19,2457.99,135.1,0,0,1,,1,3,15,4,Phone;DSL;Online Security;Streaming Movies,2482.99,No
C001794,Female,44,Jawa Tengah,12,Month-to-month,Premium,Fiber optic,Yes,No,Yes,Yes,No,No,Yes,No,Yes,Virtual account,No,116.13,1414.11,128.6,1,1,1,3.5,1,8,0,5,Phone;Fiber optic;Online Security;Tech Support;Cloud Storage,1419.11,Yes
C000103,Female,40,Jawa Timur,29,Two year,Basic,Fiber optic,Yes,Yes,Yes,No,Yes,No,No,Yes,Yes,E-wallet,No,75.15,1927.51,51.1,1,0,1,2.9,1,14,10,6,Phone;Multiple Lines;Fiber optic;Online Security;Streaming TV;Device Protection,1944.51,No
C000974,Female,38,Jabodetabek,23,Month-to-month,Standard,Fiber optic,Yes,No,No,No,No,No,No,No,Yes,Virtual account,No,74.83,1713.63,74.2,2,0,0,3.6,2,3,0,2,Phone;Fiber optic,1747.63,No
C001925,Male,58,Jabodetabek,28,One year,Basic,DSL,Yes,No,No,No,No,No,No,Yes,No,E-wallet,No,43.83,1070.87,65.6,0,1,1,2.8,1,7,15,3,Phone;DSL;Device Protection,1083.87,No
C000079,Male,60,Jawa Barat,27,Month-to-month,Standard,Fiber optic,No,No,No,No,No,Yes,No,No,Yes,Virtual account,No,90.86,2463.39,138.7,0,1,1,,1,13,0,2,Fiber optic;Streaming Movies,2476.39,No
C000186,Male,36,Jawa Barat,63,Month-to-month,Premium,Fiber optic,Yes,No,Yes,No,Yes,Yes,No,Yes,No,E-wallet,No,125.92,6218.01,181.2,1,0,2,4.3,3,12,20,6,Phone;Fiber optic;Online Security;Streaming TV;Streaming Movies;Device Protection,6285.01,No
C000906,Female,43,Sumatera,27,One year,Standard,DSL,No,No,No,No,No,No,No,Yes,Yes,E-wallet,No,73.24,1784.87,110.0,1,0,2,3.7,2,8,10,2,DSL;Device Protection,1826.87,No
C000464,Female,48,Jabodetabek,22,One year,Basic,Fiber optic,No,No,No,No,No,No,No,No,Yes,E-wallet,No,56.7,1257.1,32.2,2,0,2,,1,4,0,1,Fiber optic,1266.1,Yes
C001910,Male,58,Sulawesi,53,Two year,Standard,DSL,Yes,No,No,No,No,No,Yes,No,No,Cash/retail outlet,No,64.96,3020.12,125.1,1,0,1,3.2,3,6,10,3,Phone;DSL;Cloud Storage,3087.12,No
C000276,Female,56,Sumatera,9,Two year,Basic,Fixed wireless,Yes,No,No,Yes,Yes,No,Yes,No,No,Bank transfer (auto),Yes,73.04,607.18,53.0,3,1,0,1.2,0,22,10,5,Phone;Fixed wireless;Tech Support;Streaming TV;Cloud Storage,571.18,Yes
C000675,Male,25,Jabodetabek,47,Two year,Standard,Fixed wireless,Yes,No,No,Yes,No,No,No,Yes,Yes,Virtual account,No,81.53,3521.68,117.7,1,1,2,3.5,2,7,10,4,Phone;Fixed wireless;Tech Support;Device Protection,3551.68,No
C001587,Female,29,Jawa Timur,21,One year,Premium,Fixed wireless,Yes,Yes,Yes,No,Yes,Yes,No,No,Yes,Credit card (auto),Yes,123.12,2248.2,175.9,0,1,1,3.2,2,10,15,6,Phone;Multiple Lines;Fixed wireless;Online Security;Streaming TV;Streaming Movies,2286.2,No
C001377,Female,40,Sumatera,43,Month-to-month,Standard,Fiber optic,Yes,No,No,Yes,No,Yes,No,No,Yes,Virtual account,No,96.31,4007.39,133.0,2,1,2,2.1,1,6,5,4,Phone;Fiber optic;Tech Support;Streaming Movies,4004.39,No
C000957,Female,34,Jabodetabek,27,Two year,Basic,Fiber optic,Yes,No,No,No,Yes,Yes,No,No,Yes,E-wallet,No,75.26,1848.05,104.4,2,1,1,2.7,0,8,10,4,Phone;Fiber optic;Streaming TV;Streaming Movies,1820.05,No
C001853,Female,55,Jabodetabek,18,One year,Basic,Fixed wireless,No,No,No,Yes,Yes,No,Yes,No,Yes,Virtual account,No,65.59,1148.54,88.9,0,0,0,4.0,3,2,5,4,Fixed wireless;Tech Support;Streaming TV;Cloud Storage,1223.54,No
C001416,Female,74,Sumatera,17,Month-to-month,Premium,DSL,Yes,No,Yes,No,No,Yes,No,No,No,Bank transfer (auto),Yes,96.43,1666.81,174.3,2,0,0,2.5,2,19,0,4,Phone;DSL;Online Security;Streaming Movies,1700.81,No
C000666,Male,34,Jawa Barat,13,Month-to-month,Standard,Fixed wireless,Yes,Yes,No,No,No,Yes,Yes,Yes,No,Virtual account,No,86.02,1148.03,89.5,0,0,1,4.1,2,5,0,6,Phone;Multiple Lines;Fixed wireless;Streaming Movies;Cloud Storage;Device Protection,1198.03,No
C001314,Male,37,Jabodetabek,8,Month-to-month,Basic,Fixed wireless,No,No,No,No,Yes,No,Yes,No,Yes,Virtual account,No,60.32,432.42,77.3,0,0,0,4.3,2,2,10,3,Fixed wireless;Streaming TV;Cloud Storage,482.42,No
C000124,Male,40,Sumatera,18,Month-to-month,Basic,DSL,Yes,No,No,No,Yes,No,Yes,No,Yes,E-wallet,No,65.15,1150.64,43.3,2,1,1,2.2,0,15,0,4,Phone;DSL;Streaming TV;Cloud Storage,1122.64,No
C000192,Female,61,Kalimantan,62,One year,Standard,Fiber optic,Yes,No,No,No,No,Yes,Yes,No,Yes,E-wallet,No,92.46,5815.65,87.8,1,0,2,3.4,3,5,0,4,Phone;Fiber optic;Streaming Movies;Cloud Storage,5882.65,No
C000523,Female,35,Jawa Timur,21,One year,Standard,Fiber optic,Yes,No,Yes,Yes,Yes,No,Yes,No,Yes,Bank transfer (auto),Yes,95.16,1853.51,102.5,2,0,1,3.2,0,7,5,6,Phone;Fiber optic;Online Security;Tech Support;Streaming TV;Cloud Storage,1837.51,No
C001618,Female,31,Jawa Barat,10,Month-to-month,Premium,Fixed wireless,Yes,No,Yes,Yes,Yes,Yes,No,No,Yes,E-wallet,No,124.12,1266.43,146.2,0,0,0,4.4,3,3,0,6,Phone;Fixed wireless;Online Security;Tech Support;Streaming TV;Streaming Movies,1341.43,No
C000070,Male,29,Jawa Barat,23,Month-to-month,Standard,Fixed wireless,Yes,Yes,No,Yes,No,No,No,No,Yes,E-wallet,No,86.84,1768.6,59.9,0,0,1,4.5,3,6,10,4,Phone;Multiple Lines;Fixed wireless;Tech Support,1843.6,No
C001681,Female,35,Sulawesi,21,One year,Standard,Fiber optic,Yes,Yes,No,No,No,Yes,No,Yes,No,E-wallet,No,90.58,1896.19,134.2,0,0,1,4.2,2,2,0,5,Phone;Multiple Lines;Fiber optic;Streaming Movies;Device Protection,1946.19,No
C000934,Male,57,Jawa Timur,15,Month-to-month,Premium,Fiber optic,No,No,Yes,Yes,Yes,Yes,Yes,No,Yes,E-wallet,No,136.6,1919.05,167.2,0,0,2,3.5,2,21,5,6,Fiber optic;Online Security;Tech Support;Streaming TV;Streaming Movies;Cloud Storage,1969.05,Yes
C001442,Female,41,Jabodetabek,48,One year,Standard,None,Yes,No,No,No,No,No,No,No,No,Bank transfer (auto),Yes,44.87,1871.42,,1,1,0,3.1,2,5,15,1,Phone,1901.42,No
C001761,Male,29,Jawa Timur,47,Two year,Standard,Fiber optic,Yes,No,No,No,No,No,No,Yes,Yes,E-wallet,No,77.95,3360.17,111.4,1,1,3,2.7,2,9,10,3,Phone;Fiber optic;Device Protection,3390.17,No
C000013,Female,60,Bali-Nusa Tenggara,62,Two year,Standard,Fiber optic,Yes,Yes,No,No,No,No,No,No,No,Credit card (auto),Yes,78.49,4259.96,95.3,2,1,0,,3,13,10,3,Phone;Multiple Lines;Fiber optic,4306.96,No
C001124,Female,57,Jawa Barat,57,One year,Basic,Fiber optic,Yes,No,No,Yes,No,No,No,No,No,E-wallet,No,57.35,3342.43,86.9,1,1,1,,2,11,0,3,Phone;Fiber optic;Tech Support,3372.43,No
C001130,Female,46,Kalimantan,7,Month-to-month,Basic,None,No,No,No,No,No,No,No,No,Yes,Credit card (auto),Yes,29.48,200.18,,2,0,1,3.1,0,10,5,0,,184.18,No
C001252,Female,27,Jabodetabek,51,Month-to-month,Standard,Fiber optic,Yes,No,Yes,No,No,No,No,Yes,Yes,Cash/retail outlet,No,90.05,4575.81,123.8,1,0,2,2.5,2,8,0,4,Phone;Fiber optic;Online Security;Device Protection,4617.81,Yes
C000128,Female,53,Sumatera,12,Month-to-month,Basic,Fixed wireless,Yes,Yes,Yes,No,No,No,No,No,No,Bank transfer (auto),Yes,63.0,744.12,98.2,2,2,1,2.5,2,6,0,4,Phone;Multiple Lines;Fixed wireless;Online Security,754.12,No
C001738,Male,37,Jawa Barat,31,Month-to-month,Standard,DSL,Yes,No,No,Yes,Yes,No,No,No,No,Credit card (auto),Yes,80.58,2182.76,72.9,1,0,2,3.0,3,5,15,4,Phone;DSL;Tech Support;Streaming TV,2249.76,No
C000704,Male,59,Jawa Tengah,21,One year,Standard,Fiber optic,Yes,Yes,Yes,Yes,No,Yes,No,Yes,Yes,E-wallet,No,102.16,2144.39,119.9,0,0,2,4.3,2,2,0,7,Phone;Multiple Lines;Fiber optic;Online Security;Tech Support;Streaming Movies;Device Protection,2194.39,No
C001058,Male,47,Jawa Timur,56,Month-to-month,Premium,DSL,Yes,Yes,No,No,Yes,Yes,No,No,Yes,Cash/retail outlet,No,112.84,6180.96,201.3,2,2,2,2.2,3,10,5,5,Phone;Multiple Lines;DSL;Streaming TV;Streaming Movies,6215.96,Yes
C001586,Male,51,Jawa Tengah,23,One year,Basic,Fixed wireless,Yes,Yes,No,No,No,No,No,No,Yes,Credit card (auto),Yes,45.88,868.4,4,3,2,0,,0,11,20,3,Phone;Multiple Lines;Fixed wireless,820.4,Yes
C001658,Female,60,Jawa Timur,11,Month-to-month,Standard,Fiber optic,Yes,No,No,No,No,No,No,Yes,Yes,E-wallet,No,80.5,721.0,59.7,2,0,0,2.9,1,10,20,3,Phone;Fiber optic;Device Protection,730.0,Yes
C000279,Male,35,Bali-Nusa Tenggara,19,One year,Standard,DSL,Yes,No,No,Yes,No,No,No,No,Yes,Credit card (auto),Yes,80.05,1558.59,81.0,1,0,0,,0,3,0,3,Phone;DSL;Tech Support,1550.59,No
C001082,Male,32,Sumatera,23,Month-to-month,Standard,Fiber optic,Yes,Yes,No,No,Yes,No,No,No,Yes,E-wallet,No,95.45,2248.17,119.2,1,1,2,,2,6,0,4,Phone;Multiple Lines;Fiber optic;Streaming TV,2278.17,No
C000209,Female,28,Jabodetabek,31,Month-to-month,Standard,DSL,Yes,Yes,No,No,Yes,No,No,No,No,Virtual account,No,80.01,2481.9,83.0,0,1,2,,2,10,0,4,Phone;Multiple Lines;DSL;Streaming TV,2519.9,No
C001500,Male,56,Jabodetabek,34,Month-to-month,Basic,Fiber optic,Yes,No,Yes,No,No,Yes,No,No,No,Bank transfer (auto),Yes,69.11,2202.22,37.2,3,1,1,1.6,0,10,5,4,Phone;Fiber optic;Online Security;Streaming Movies,2166.22,No
C000865,Male,33,Jabodetabek,44,Two year,Standard,Fixed wireless,Yes,No,No,No,No,No,No,Yes,No,Virtual account,No,71.58,2887.87,60.1,2,1,1,2.4,2,9,10,3,Phone;Fixed wireless;Device Protection,2909.87,No
C001051,Female,40,Bali-Nusa Tenggara,30,Month-to-month,Standard,Fiber optic,Yes,No,Yes,No,Yes,No,No,No,Yes,Cash/retail outlet,No,84.69,2320.44,108.2,0,0,0,3.5,2,4,10,4,Phone;Fiber optic;Online Security;Streaming TV,2370.44,No
C000587,Male,37,Jawa Tengah,16,Month-to-month,Basic,Fiber optic,Yes,Yes,Yes,No,No,No,Yes,No,Yes,E-wallet,No,73.43,1095.38,4,1,0,2,,0,29,5,5,Phone;Multiple Lines;Fiber optic;Online Security;Cloud Storage,1087.38,Yes
C000217,Female,38,Jawa Barat,26,Month-to-month,Basic,DSL,Yes,No,No,Yes,No,No,No,No,No,Credit card (auto),Yes,49.53,1131.83,21.2,1,1,0,2.0,1,8,10,3,Phone;DSL;Tech Support,1136.83,No
C001271,Female,36,Jawa Barat,9,Month-to-month,Basic,Fiber optic,Yes,No,No,No,No,Yes,No,No,No,Bank transfer (auto),Yes,65.75,550.51,77.1,0,0,0,,3,5,5,3,Phone;Fiber optic;Streaming Movies,625.51,No
C001167,Female,46,Jawa Barat,40,Month-to-month,Standard,Fiber optic,Yes,No,No,No,Yes,Yes,Yes,No,Yes,Credit card (auto),Yes,98.51,4030.67,144.4,0,0,0,4.0,4,9,0,5,Phone;Fiber optic;Streaming TV;Streaming Movies;Cloud Storage,4130.67,No
C000208,Female,38,Jabodetabek,18,Month-to-month,Standard,Fiber optic,Yes,No,Yes,No,No,No,No,No,Yes,Cash/retail outlet,No,84.35,1518.53,66.8,2,2,2,1,0,11,0,3,Phone;Fiber optic;Online Security,1478.53,Yes
C001056,Male,32,Sumatera,46,Month-to-month,Standard,Fiber optic,Yes,No,No,No,Yes,No,Yes,Yes,Yes,Bank transfer (auto),Yes,100.91,4242.68,120.6,2,2,1,2.1,2,38,10,5,Phone;Fiber optic;Streaming TV;Cloud Storage;Device Protection,4252.68,Yes
C001321,Female,48,Jawa Tengah,18,Month-to-month,Standard,Fixed wireless,Yes,No,No,No,No,No,No,No,Yes,Virtual account,No,74.94,1316.6,102.7,0,0,3,3.4,2,9,0,2,Phone;Fixed wireless,1366.6,No
C001275,Female,43,Jawa Barat,34,Month-to-month,Premium,Fiber optic,Yes,No,No,No,Yes,No,No,No,No,Bank transfer (auto),Yes,114.22,3456.36,168.1,0,1,1,3.5,2,10,10,3,Phone;Fiber optic;Streaming TV,3494.36,Yes
C000976,Male,42,Jabodetabek,48,Month-to-month,Premium,None,Yes,No,No,No,No,No,No,No,No,Bank transfer (auto),Yes,72.17,3141.7,,2,1,0,1.4,0,16,10,1,Phone,3113.7,No
C001100,Male,40,Jabodetabek,38,Month-to-month,Standard,Fiber optic,Yes,No,No,Yes,No,No,No,No,No,Credit card (auto),Yes,82.92,2883.57,117.9,1,1,0,4.2,4,8,10,3,Phone;Fiber optic;Tech Support,2963.57,No
C000839,Female,28,Jawa Barat,15,Two year,Premium,Fixed wireless,Yes,Yes,No,Yes,Yes,Yes,Yes,Yes,Yes,Bank transfer (auto),Yes,130.44,1784.67,212.6,2,0,2,,0,14,10,8,Phone;Multiple Lines;Fixed wireless;Tech Support;Streaming TV;Streaming Movies;Cloud Storage;Device Protection,1768.67,No
C000262,Male,50,Jabodetabek,19,Month-to-month,Premium,None,Yes,No,No,No,No,No,No,No,No,Virtual account,No,66.82,1197.18,,0,0,1,4.9,3,5,5,1,Phone,1272.18,Yes
C000707,Male,60,Sumatera,35,Month-to-month,Standard,Fiber optic,Yes,Yes,No,No,No,No,No,No,No,Virtual account,No,85.04,2627.61,83.3,2,1,3,1.9,1,7,10,3,Phone;Multiple Lines;Fiber optic,2624.61,Yes
C001647,Male,41,Jawa Tengah,4,Month-to-month,Standard,DSL,Yes,Yes,No,Yes,Yes,Yes,No,No,Yes,Bank transfer (auto),Yes,91.96,374.03,100.2,0,1,1,4.7,2,6,0,6,Phone;Multiple Lines;DSL;Tech Support;Streaming TV;Streaming Movies,412.03,No
C000612,Female,42,Jabodetabek,41,Month-to-month,Standard,Fiber optic,Yes,No,No,No,Yes,Yes,No,Yes,No,Cash/retail outlet,No,100.56,4193.68,146.4,0,1,1,3.4,2,4,0,5,Phone;Fiber optic;Streaming TV;Streaming Movies;Device Protection,4231.68,No
C000069,Female,41,Sulawesi,14,Two year,Standard,Fixed wireless,Yes,Yes,No,No,No,No,Yes,Yes,No,Bank transfer (auto),Yes,89.94,1165.17,121.9,1,2,0,2.5,1,7,10,5,Phone;Multiple Lines;Fixed wireless;Cloud Storage;Device Protection,1158.17,Yes
C000602,Male,42,Jawa Tengah,18,Month-to-month,Standard,None,Yes,No,No,No,No,No,No,No,No,Bank transfer (auto),Yes,46.47,803.11,,2,1,2,2.8,1,5,5,1,Phone,800.11,No
C000566,Male,28,Jabodetabek,18,Month-to-month,Standard,Fixed wireless,Yes,No,No,No,No,Yes,Yes,No,Yes,Bank transfer (auto),Yes,85.99,1495.41,125.5,0,0,2,3.6,0,9,5,4,Phone;Fixed wireless;Streaming Movies;Cloud Storage,1495.41,No
C001952,Male,32,Jawa Timur,35,Month-to-month,Standard,Fiber optic,Yes,No,No,Yes,No,No,No,No,Yes,Credit card (auto),Yes,81.48,2896.17,95.9,2,0,0,,2,17,0,3,Phone;Fiber optic;Tech Support,2930.17,No
C001659,Male,33,Jabodetabek,37,One year,Standard,DSL,No,No,Yes,No,No,Yes,No,No,No,Bank transfer (auto),Yes,75.43,2578.1,94.3,2,1,1,,2,5,5,3,DSL;Online Security;Streaming Movies,2600.1,No
C000875,Female,32,Jawa Timur,30,Two year,Basic,None,Yes,No,No,No,No,No,No,No,No,Bank transfer (auto),Yes,20.81,568.48,,3,0,3,1.7,0,21,10,1,Phone,544.48,No
C001878,Female,40,Jawa Barat,57,Two year,Premium,None,Yes,No,No,No,No,No,No,No,Yes,E-wallet,No,66.51,3459.59,,1,1,2,2.5,2,7,10,1,Phone,3489.59,No
C000617,Male,64,Jawa Timur,10,One year,Basic,Fixed wireless,Yes,No,No,No,Yes,Yes,No,Yes,No,Cash/retail outlet,No,74.99,669.98,99.8,0,0,1,,2,2,10,5,Phone;Fixed wireless;Streaming TV;Streaming Movies;Device Protection,719.98,No
C001417,Female,35,Jawa Timur,34,One year,Standard,None,Yes,Yes,No,No,No,No,No,No,Yes,Virtual account,No,51.65,1748.73,,1,0,1,2.9,2,4,0,2,Phone;Multiple Lines,1790.73,No
C000341,Female,26,Jawa Timur,13,Month-to-month,Standard,Fiber optic,Yes,No,No,No,Yes,Yes,Yes,Yes,No,Virtual account,No,102.24,1352.35,136.0,0,0,3,3.8,2,3,0,6,Phone;Fiber optic;Streaming TV;Streaming Movies;Cloud Storage;Device Protection,1402.35,Yes
C001942,Female,44,Jawa Tengah,45,Two year,Basic,Fiber optic,Yes,No,No,No,Yes,Yes,No,Yes,Yes,Credit card (auto),Yes,73.74,2998.49,108.8,2,0,1,2.2,2,10,10,5,Phone;Fiber optic;Streaming TV;Streaming Movies;Device Protection,3032.49,No
C000614,Male,34,Bali-Nusa Tenggara,15,One year,Standard,Fiber optic,Yes,No,No,No,No,Yes,No,No,Yes,Bank transfer (auto),Yes,85.67,1140.98,132.9,0,0,1,4.4,3,8,10,3,Phone;Fiber optic;Streaming Movies,1215.98,No
C000988,Female,35,Jabodetabek,20,Two year,Basic,DSL,Yes,No,No,No,Yes,No,No,No,Yes,Credit card (auto),Yes,58.13,1048.03,84.7,2,0,1,3.3,1,21,10,3,Phone;DSL;Streaming TV,1057.03,No
C000228,Female,44,Sumatera,45,Month-to-month,Standard,Fiber optic,Yes,No,No,No,No,No,No,Yes,No,E-wallet,No,81.94,3090.67,73.0,2,0,1,4.0,3,4,15,3,Phone;Fiber optic;Device Protection,3149.67,No
C000287,Female,31,Sumatera,31,Two year,Basic,Fiber optic,Yes,Yes,No,No,Yes,Yes,No,No,Yes,E-wallet,No,79.7,2215.25,91.2,2,2,1,1.5,0,9,10,5,Phone;Multiple Lines;Fiber optic;Streaming TV;Streaming Movies,2175.25,No
C001729,Male,40,Jawa Tengah,21,One year,Basic,None,Yes,No,No,No,No,No,No,No,Yes,Credit card (auto),Yes,25.55,539.61,,3,0,0,2.5,0,7,0,1,Phone,515.61,No
C001450,Male,38,Jabodetabek,36,Two year,Standard,DSL,Yes,No,No,No,Yes,No,No,No,No,E-wallet,No,72.77,2335.34,109.7,1,1,2,,1,9,10,3,Phone;DSL;Streaming TV,2340.34,No
C000752,Male,25,Bali-Nusa Tenggara,55,Two year,Standard,Fiber optic,Yes,No,No,Yes,No,Yes,Yes,No,Yes,Virtual account,No,94.31,4551.49,94.8,0,0,1,2.8,2,7,10,5,Phone;Fiber optic;Tech Support;Streaming Movies;Cloud Storage,4601.49,No
C001286,Female,35,Sulawesi,27,Two year,Standard,Fiber optic,Yes,No,Yes,Yes,Yes,Yes,No,No,Yes,Bank transfer (auto),Yes,99.18,2449.91,124.7,2,1,0,,1,8,10,6,Phone;Fiber optic;Online Security;Tech Support;Streaming TV;Streaming Movies,2446.91,No
C000141,Female,41,Jawa Timur,14,Month-to-month,Standard,DSL,Yes,Yes,No,No,No,Yes,No,No,Yes,E-wallet,No,78.15,1102.16,139.4,2,1,1,1.8,0,18,0,4,Phone;Multiple Lines;DSL;Streaming Movies,1074.16,No
C000295,Female,35,Sumatera,34,Two year,Standard,Fiber optic,Yes,No,No,No,No,No,No,No,Yes,Bank transfer (auto),Yes,75.26,2283.36,99.1,2,2,1,2.6,1,8,10,2,Phone;Fiber optic,2268.36,No
C001749,Male,69,Sumatera,20,Month-to-month,Basic,DSL,Yes,No,No,No,No,No,No,No,Yes,E-wallet,No,46.2,939.45,58.8,0,0,1,3.8,1,4,0,2,Phone;DSL,964.45,No
C000020,Female,49,Jawa Barat,41,Two year,Standard,DSL,Yes,No,No,No,No,Yes,No,No,No,Bank transfer (auto),Yes,74.3,2770.72,96.9,1,2,0,2.3,2,25,10,3,Phone;DSL;Streaming Movies,2788.72,Yes
C001799,Male,33,Jabodetabek,20,One year,Premium,DSL,Yes,No,No,No,Yes,Yes,No,Yes,Yes,E-wallet,No,111.9,2211.15,180.4,2,0,2,,0,11,0,5,Phone;DSL;Streaming TV;Streaming Movies;Device Protection,2195.15,No
C001668,Female,28,Jabodetabek,45,Two year,Standard,DSL,Yes,Yes,No,No,No,No,No,Yes,No,E-wallet,No,67.07,2643.56,49.8,1,0,1,3.4,4,14,10,4,Phone;Multiple Lines;DSL;Device Protection,2735.56,No
C001389,Male,48,Sumatera,35,Month-to-month,Standard,DSL,Yes,No,No,No,No,No,No,No,Yes,Virtual account,No,70.54,2218.8,95.7,0,1,2,3.6,2,7,10,2,Phone;DSL,2256.8,No
C000552,Male,50,Jabodetabek,47,One year,Standard,Fiber optic,Yes,No,No,No,Yes,Yes,No,Yes,Yes,Credit card (auto),Yes,94.7,4223.41,158.8,2,0,0,2.9,2,5,5,5,Phone;Fiber optic;Streaming TV;Streaming Movies;Device Protection,4257.41,No
C001837,Female,23,Jabodetabek,9,Month-to-month,Standard,Fiber optic,No,No,Yes,No,Yes,No,No,No,Yes,Bank transfer (auto),Yes,88.68,805.66,81.0,2,1,0,,0,17,0,3,Fiber optic;Online Security;Streaming TV,777.66,No
C001557,Male,37,Jawa Barat,41,Two year,Basic,DSL,Yes,No,No,No,No,No,No,Yes,Yes,Virtual account,No,51.78,1787.58,29.9,1,0,2,4.3,4,3,15,3,Phone;DSL;Device Protection,1879.58,No
C001826,Female,63,Jabodetabek,28,One year,Standard,Fiber optic,Yes,No,No,No,Yes,No,No,No,Yes,E-wallet,No,80.39,2146.81,90.5,0,1,1,4.1,3,6,5,3,Phone;Fiber optic;Streaming TV,2209.81,No
C001754,Male,50,Jawa Tengah,23,Month-to-month,Standard,DSL,Yes,No,Yes,No,No,No,Yes,No,No,Credit card (auto),Yes,76.19,1766.5,56.2,0,0,0,3.3,1,12,0,4,Phone;DSL;Online Security;Cloud Storage,1791.5,No
C001211,Male,36,Jabodetabek,10,One year,Basic,Fiber optic,Yes,No,Yes,No,No,No,No,No,Yes,Bank transfer (auto),Yes,61.88,628.17,21.5,1,0,2,3.5,1,7,0,3,Phone;Fiber optic;Online Security,645.17,No
C000053,Female,24,Sumatera,22,Month-to-month,Standard,Fiber optic,Yes,No,No,Yes,No,No,No,No,Yes,Virtual account,No,82.27,1607.5,101.4,2,0,1,,0,9,10,3,Phone;Fiber optic;Tech Support,1591.5,Yes
C000912,Female,28,Jabodetabek,9,Month-to-month,Standard,Fixed wireless,Yes,Yes,Yes,No,No,No,No,No,No,Virtual account,No,70.78,513.08,86.8,2,1,2,2.1,0,10,20,4,Phone;Multiple Lines;Fixed wireless;Online Security,485.08,No
C000958,Male,38,Jabodetabek,27,Month-to-month,Standard,Fiber optic,Yes,Yes,Yes,Yes,No,No,No,No,Yes,E-wallet,No,102.64,2710.08,98.6,2,1,2,3.0,0,5,0,5,Phone;Multiple Lines;Fiber optic;Online Security;Tech Support,2682.08,No
C001447,Female,39,Jawa Barat,35,One year,Premium,Fixed wireless,Yes,No,Yes,Yes,No,Yes,Yes,Yes,No,Cash/retail outlet,No,122.44,4160.33,108.0,3,1,2,2.6,2,12,5,7,Phone;Fixed wireless;Online Security;Tech Support;Streaming Movies;Cloud Storage;Device Protection,4174.33,Yes
C001356,Male,34,Jawa Barat,29,One year,Basic,Fiber optic,Yes,No,No,No,Yes,No,No,No,Yes,Credit card (auto),Yes,60.64,1571.4,57.1,1,1,0,1.3,0,9,10,3,Phone;Fiber optic;Streaming TV,1551.4,No
C001265,Male,26,Jabodetabek,34,One year,Standard,None,Yes,Yes,No,No,No,No,No,No,Yes,Bank transfer (auto),Yes,51.18,1473.0,,3,1,2,1.2,0,9,15,2,Phone;Multiple Lines,1437.0,No
C000435,Male,48,Bali-Nusa Tenggara,27,One year,Standard,Fixed wireless,Yes,No,No,No,Yes,No,No,Yes,Yes,Virtual account,No,81.56,1908.5,120.2,0,0,0,3.3,2,3,15,4,Phone;Fixed wireless;Streaming TV;Device Protection,1958.5,No
C000727,Female,32,Jabodetabek,33,Month-to-month,Standard,Fiber optic,Yes,No,Yes,Yes,No,Yes,No,Yes,Yes,Cash/retail outlet,No,102.91,3319.53,92.6,2,0,2,2.8,3,10,0,6,Phone;Fiber optic;Online Security;Tech Support;Streaming Movies;Device Protection,3378.53,No
C000328,Male,49,Jabodetabek,20,Month-to-month,Premium,Fiber optic,Yes,Yes,No,No,Yes,Yes,No,Yes,No,Bank transfer (auto),Yes,126.23,2492.44,202.1,1,2,0,2.9,2,7,0,6,Phone;Multiple Lines;Fiber optic;Streaming TV;Streaming Movies;Device Protection,2510.44,No
C001458,Male,40,Jabodetabek,18,Two year,Basic,Fixed wireless,Yes,No,Yes,Yes,No,No,Yes,Yes,Yes,Bank transfer (auto),Yes,75.13,1205.24,73.6,1,0,2,,0,8,10,6,Phone;Fixed wireless;Online Security;Tech Support;Cloud Storage;Device Protection,1197.24,No
C001642,Male,58,Jawa Barat,17,Month-to-month,Basic,DSL,Yes,Yes,Yes,Yes,No,Yes,No,Yes,Yes,Credit card (auto),Yes,76.55,1274.24,45.9,1,0,2,3.1,3,14,0,7,Phone;Multiple Lines;DSL;Online Security;Tech Support;Streaming Movies;Device Protection,1341.24,Yes
C001191,Male,36,Jawa Tengah,63,One year,Standard,Fiber optic,Yes,Yes,No,No,No,Yes,Yes,Yes,No,E-wallet,No,94.34,5406.63,92.4,2,1,2,1.8,3,16,10,6,Phone;Multiple Lines;Fiber optic;Streaming Movies;Cloud Storage;Device Protection,5453.63,No
C000662,Female,27,Kalimantan,51,Month-to-month,Basic,Fiber optic,Yes,No,No,No,No,No,No,Yes,No,Virtual account,No,63.16,3226.66,60.3,2,0,3,3.0,3,11,0,3,Phone;Fiber optic;Device Protection,3285.66,No
C000919,Male,42,Sumatera,30,One year,Standard,Fiber optic,Yes,No,Yes,No,Yes,No,Yes,No,Yes,Credit card (auto),Yes,90.53,2616.26,107.1,1,0,1,2.1,1,13,5,5,Phone;Fiber optic;Online Security;Streaming TV;Cloud Storage,2633.26,No
C000899,Male,25,Bali-Nusa Tenggara,31,Month-to-month,Basic,Fiber optic,Yes,Yes,No,No,Yes,Yes,Yes,No,No,Virtual account,No,88.81,2809.97,66.7,1,1,1,3.3,4,4,0,6,Phone;Multiple Lines;Fiber optic;Streaming TV;Streaming Movies;Cloud Storage,2889.97,No
C000292,Female,38,Bali-Nusa Tenggara,27,One year,Standard,Fiber optic,Yes,No,Yes,Yes,No,Yes,Yes,No,Yes,E-wallet,No,105.93,2638.21,133.3,1,0,1,2.7,0,10,10,6,Phone;Fiber optic;Online Security;Tech Support;Streaming Movies;Cloud Storage,2630.21,No
C000239,Male,40,Sumatera,47,One year,Standard,Fiber optic,Yes,No,No,No,Yes,No,No,Yes,Yes,E-wallet,No,91.94,4303.33,69.2,1,2,2,2.6,2,7,0,4,Phone;Fiber optic;Streaming TV;Device Protection,4321.33,No
C001084,Male,53,Jabodetabek,46,One year,Standard,Fiber optic,Yes,No,No,No,Yes,No,No,No,Yes,E-wallet,No,86.31,3668.12,108.8,1,1,0,2.5,2,10,10,3,Phone;Fiber optic;Streaming TV,3698.12,No
C000844,Male,28,Jawa Timur,16,Month-to-month,Basic,DSL,No,No,No,No,No,Yes,No,No,No,,No,47.43,778.56,48.5,0,0,2,,1,8,0,2,DSL;Streaming Movies,803.56,No
C001888,Male,58,Jawa Timur,38,Month-to-month,Basic,DSL,Yes,No,No,No,No,No,Yes,No,Yes,Virtual account,No,49.04,1546.61,27.2,1,0,1,3.7,3,2,15,3,Phone;DSL;Cloud Storage,1613.61,No
C000985,Male,32,Jawa Tengah,47,Month-to-month,Premium,Fiber optic,Yes,Yes,No,Yes,No,Yes,No,No,Yes,Credit card (auto),Yes,122.28,5877.34,146.3,0,0,0,3.6,3,6,0,5,Phone;Multiple Lines;Fiber optic;Tech Support;Streaming Movies,5952.34,No
C001499,Male,38,Jawa Barat,22,One year,Standard,Fiber optic,Yes,Yes,No,No,Yes,No,No,No,No,Cash/retail outlet,No,93.9,2015.44,99.1,1,0,1,3.5,0,2,5,4,Phone;Multiple Lines;Fiber optic;Streaming TV,2007.44,No
C001268,Male,28,Jawa Barat,16,Two year,Basic,Fiber optic,Yes,No,Yes,No,No,No,Yes,No,No,Credit card (auto),Yes,65.33,914.37,103.2,1,0,1,4.0,0,3,15,4,Phone;Fiber optic;Online Security;Cloud Storage,906.37,No
C001363,Female,64,Jawa Tengah,26,Month-to-month,Basic,Fixed wireless,Yes,No,Yes,No,No,Yes,No,No,No,Virtual account,No,56.64,1331.83,75.9,0,0,2,3.6,1,8,10,4,Phone;Fixed wireless;Online Security;Streaming Movies,1356.83,No
C001285,Female,52,Kalimantan,40,Month-to-month,Basic,Fixed wireless,Yes,Yes,Yes,No,No,No,No,Yes,No,Virtual account,No,66.87,2707.55,64.1,1,1,2,2.6,1,20,0,5,Phone;Multiple Lines;Fixed wireless;Online Security;Device Protection,2712.55,Yes
C001039,Female,66,Jawa Timur,36,One year,Basic,None,Yes,No,No,No,No,No,No,No,No,Bank transfer (auto),Yes,26.5,915.38,,0,0,1,5.0,3,4,5,1,Phone,990.38,No
C000232,Male,51,Sumatera,20,Two year,Standard,Fixed wireless,Yes,No,No,No,No,No,No,No,Yes,Bank transfer (auto),Yes,75.48,1216.72,82.1,1,1,0,3.9,1,11,20,2,Phone;Fixed wireless,1221.72,No
C001619,Female,36,Jabodetabek,23,Month-to-month,Premium,Fixed wireless,Yes,Yes,No,No,Yes,No,No,Yes,Yes,Bank transfer (auto),Yes,114.92,2643.62,76.9,1,1,0,3.8,1,5,0,5,Phone;Multiple Lines;Fixed wireless;Streaming TV;Device Protection,2648.62,No
C001579,Male,46,Jabodetabek,33,One year,Basic,Fiber optic,Yes,Yes,No,No,No,Yes,No,No,Yes,Bank transfer (auto),Yes,72.85,2327.78,76.5,1,0,0,2.3,4,13,5,4,Phone;Multiple Lines;Fiber optic;Streaming Movies,2419.78,Yes
C001801,Male,37,Jawa Barat,44,Month-to-month,Basic,DSL,Yes,No,No,Yes,Yes,No,No,No,Yes,Virtual account,No,61.65,2634.04,36.5,1,1,3,2.2,0,9,0,4,Phone;DSL;Tech Support;Streaming TV,2614.04,No
C001740,Male,55,Jabodetabek,29,Month-to-month,Basic,Fiber optic,No,No,No,Yes,Yes,Yes,Yes,No,No,Credit card (auto),Yes,81.37,2204.56,122.2,1,1,2,3.0,2,8,5,5,Fiber optic;Tech Support;Streaming TV;Streaming Movies;Cloud Storage,2234.56,No
C000459,Male,52,Jawa Timur,24,Two year,Standard,Fixed wireless,Yes,No,Yes,No,Yes,No,Yes,No,Yes,Credit card (auto),Yes,86.27,1884.32,160.3,1,1,0,3.0,2,5,10,5,Phone;Fixed wireless;Online Security;Streaming TV;Cloud Storage,1914.32,No
C000437,Male,30,Jawa Barat,29,Two year,Standard,DSL,Yes,No,No,Yes,No,No,No,No,No,E-wallet,No,70.67,1768.2,86.3,0,1,1,4.0,1,19,15,3,Phone;DSL;Tech Support,1781.2,Yes
C000960,Female,67,Jabodetabek,20,Month-to-month,Premium,DSL,Yes,Yes,No,Yes,Yes,Yes,No,Yes,Yes,Virtual account,No,124.11,2485.15,169.4,0,0,2,3.4,1,3,0,7,Phone;Multiple Lines;DSL;Tech Support;Streaming TV;Streaming Movies;Device Protection,2510.15,No
C000863,Male,31,Jawa Barat,39,One year,Standard,Fiber optic,Yes,No,No,No,No,No,No,No,Yes,E-wallet,No,74.97,2977.41,70.5,0,0,1,3.6,2,3,0,2,Phone;Fiber optic,3027.41,No
C000222,Female,33,Sumatera,53,Two year,Basic,None,Yes,No,No,No,No,No,No,No,No,E-wallet,No,27.49,1281.9,,1,2,3,1.7,2,23,10,1,Phone,1299.9,No
C001098,Male,41,Jawa Tengah,28,Two year,Premium,Fixed wireless,No,No,Yes,Yes,Yes,Yes,No,No,Yes,Bank transfer (auto),Yes,117.98,2969.52,222.1,0,1,0,2.9,3,6,10,5,Fixed wireless;Online Security;Tech Support;Streaming TV;Streaming Movies,3032.52,No
C000887,Male,34,Sulawesi,7,One year,Standard,Fiber optic,No,No,No,No,No,No,No,No,No,E-wallet,No,77.86,483.27,65.3,1,0,3,3.5,0,5,10,1,Fiber optic,475.27,No
C000957,Female,34,Jabodetabek,27,Two year,Basic,Fiber optic,Yes,No,No,No,Yes,Yes,No,No,Yes,E-wallet,No,75.26,1848.05,104.4,2,1,1,2.7,0,8,10,4,Phone;Fiber optic;Streaming TV;Streaming Movies,1820.05,No
C000576,Male,37,Sumatera,35,One year,Standard,Fiber optic,Yes,Yes,No,No,No,Yes,Yes,Yes,No,E-wallet,No,98.75,3510.24,87.1,2,1,3,1.5,1,13,0,6,Phone;Multiple Lines;Fiber optic;Streaming Movies;Cloud Storage;Device Protection,3507.24,Yes
C000125,Male,43,Sumatera,19,One year,Standard,Fiber optic,Yes,Yes,No,No,No,Yes,Yes,No,Yes,Credit card (auto),Yes,96.62,1823.74,100.9,3,1,0,2.5,0,7,0,5,Phone;Multiple Lines;Fiber optic;Streaming Movies;Cloud Storage,1787.74,No
C000663,Female,45,Jawa Tengah,26,Month-to-month,Premium,Fiber optic,Yes,No,Yes,Yes,No,Yes,Yes,No,No,Virtual account,No,131.96,3188.4,187.7,0,0,0,4.0,2,2,5,6,Phone;Fiber optic;Online Security;Tech Support;Streaming Movies;Cloud Storage,3238.4,No
C000215,Female,53,Kalimantan,22,Month-to-month,Basic,Fixed wireless,Yes,No,Yes,No,No,No,Yes,Yes,No,Credit card (auto),Yes,52.39,1005.56,33.1,3,0,0,2.0,1,5,15,5,Phone;Fixed wireless;Online Security;Cloud Storage;Device Protection,1006.56,No
C000560,Male,29,Jawa Barat,31,Two year,Premium,Fiber optic,Yes,Yes,No,No,No,Yes,No,No,Yes,Bank transfer (auto),Yes,114.97,3165.76,144.3,2,0,0,2.9,2,5,10,4,Phone;Multiple Lines;Fiber optic;Streaming Movies,3199.76,No
C000343,Male,37,Kalimantan,15,Two year,Standard,DSL,Yes,Yes,No,No,No,Yes,No,Yes,Yes,E-wallet,No,84.24,1168.99,101.5,2,1,2,2.1,0,7,10,5,Phone;Multiple Lines;DSL;Streaming Movies;Device Protection,1140.99,No
C001690,Male,45,Sumatera,18,Month-to-month,Standard,Fiber optic,Yes,No,No,No,Yes,No,Yes,Yes,Yes,Bank transfer (auto),Yes,93.7,1565.29,128.7,2,0,1,3.4,2,9,5,5,Phone;Fiber optic;Streaming TV;Cloud Storage;Device Protection,1599.29,No
C000151,Male,32,Jabodetabek,12,Month-to-month,Premium,DSL,Yes,Yes,Yes,Yes,Yes,Yes,Yes,No,Yes,E-wallet,No,122.91,1402.95,165.7,3,1,1,2.6,2,7,5,8,Phone;Multiple Lines;DSL;Online Security;Tech Support;Streaming TV;Streaming Movies;Cloud Storage,1416.95,No
C001495,Female,61,Bali-Nusa Tenggara,20,Month-to-month,Premium,DSL,No,No,Yes,No,Yes,No,Yes,Yes,Yes,Bank transfer (auto),Yes,112.12,1794.22,163.6,3,0,0,1.4,0,6,20,5,DSL;Online Security;Streaming TV;Cloud Storage;Device Protection,1770.22,No
C001117,Male,36,Jabodetabek,66,One year,Premium,DSL,No,No,No,No,Yes,Yes,No,No,No,Cash/retail outlet,No,106.53,6648.01,178.1,4,0,0,2.2,1,11,5,3,DSL;Streaming TV;Streaming Movies,6641.01,No
C001170,Male,62,Jabodetabek,18,Month-to-month,Basic,DSL,Yes,No,No,No,No,No,Yes,No,Yes,E-wallet,No,49.0,907.48,38.9,1,1,3,2.8,0,5,0,3,Phone;DSL;Cloud Storage,887.48,No
C001751,Male,40,Jawa Barat,25,One year,Standard,Fiber optic,Yes,Yes,Yes,Yes,No,No,Yes,No,Yes,Virtual account,No,97.94,2094.29,57.1,1,1,3,2.5,3,11,15,6,Phone;Multiple Lines;Fiber optic;Online Security;Tech Support;Cloud Storage,2149.29,No
C001726,Female,49,Jawa Tengah,15,Month-to-month,Standard,Fiber optic,Yes,Yes,No,No,Yes,No,No,No,Yes,E-wallet,No,92.19,1309.51,74.5,0,0,1,5.0,4,1,5,4,Phone;Multiple Lines;Fiber optic;Streaming TV,1409.51,No
C000019,Female,34,Bali-Nusa Tenggara,34,Month-to-month,Standard,DSL,Yes,Yes,No,No,No,Yes,No,No,No,Virtual account,No,75.11,2002.52,101.3,5,2,2,1,1,9,20,4,Phone;Multiple Lines;DSL;Streaming Movies,1963.52,Yes
C000065,Female,32,Jabodetabek,39,One year,Basic,DSL,Yes,No,Yes,Yes,Yes,No,No,No,No,Credit card (auto),Yes,72.22,2862.42,35.3,1,0,0,2.8,3,8,0,5,Phone;DSL;Online Security;Tech Support;Streaming TV,2929.42,No
C001402,Male,53,Jabodetabek,24,Two year,Standard,DSL,Yes,No,Yes,Yes,Yes,Yes,Yes,No,Yes,Bank transfer (auto),Yes,97.92,2171.04,114.4,1,0,0,4.3,3,9,10,7,Phone;DSL;Online Security;Tech Support;Streaming TV;Streaming Movies;Cloud Storage,2238.04,No
C000726,Female,42,Jawa Timur,20,Month-to-month,Standard,Fiber optic,Yes,No,No,No,Yes,No,Yes,No,No,E-wallet,No,90.19,1511.47,49.9,3,1,1,1.0,1,16,15,4,Phone;Fiber optic;Streaming TV;Cloud Storage,1500.47,No
C001239,Male,49,Jawa Tengah,56,One year,Basic,Fiber optic,Yes,No,No,No,No,Yes,No,No,Yes,Bank transfer (auto),Yes,70.58,4010.61,52.5,2,1,1,3.0,4,6,0,3,Phone;Fiber optic;Streaming Movies,4082.61,No
C000221,Female,49,Jawa Timur,61,One year,Basic,Fiber optic,Yes,No,No,No,No,No,No,Yes,Yes,Virtual account,No,63.45,3721.61,39.1,1,2,2,1.9,2,8,5,3,Phone;Fiber optic;Device Protection,3739.61,No
C000002,Male,33,Jawa Barat,16,One year,Standard,Fixed wireless,Yes,No,No,No,Yes,No,No,No,No,Credit card (auto),Yes,80.07,1302.71,126.5,0,0,0,,3,7,0,3,Phone;Fixed wireless;Streaming TV,1377.71,No
C000470,Female,24,Jawa Barat,23,Month-to-month,Standard,DSL,Yes,Yes,No,No,Yes,Yes,Yes,No,Yes,E-wallet,No,84.71,1725.04,112.2,2,1,0,3.1,0,8,10,6,Phone;Multiple Lines;DSL;Streaming TV;Streaming Movies;Cloud Storage,1697.04,No
C001437,Male,25,Jabodetabek,54,One year,Basic,Fiber optic,Yes,No,No,No,Yes,No,No,No,Yes,Bank transfer (auto),Yes,65.07,3337.2,101.3,2,0,0,3.4,1,10,5,3,Phone;Fiber optic;Streaming TV,3346.2,No
C000213,Male,52,Jabodetabek,26,One year,Basic,DSL,Yes,Yes,Yes,No,No,Yes,No,Yes,Yes,Cash/retail outlet,No,72.87,1750.84,66.6,1,0,0,4.2,1,2,5,6,Phone;Multiple Lines;DSL;Online Security;Streaming Movies;Device Protection,1767.84,No
C000810,Male,34,Sulawesi,27,Two year,Premium,Fiber optic,Yes,No,Yes,Yes,Yes,No,No,No,Yes,E-wallet,No,121.56,3033.64,130.8,1,0,1,3.7,2,11,10,5,Phone;Fiber optic;Online Security;Tech Support;Streaming TV,3075.64,No
C000637,Female,63,Jawa Timur,18,Month-to-month,Basic,Fiber optic,Yes,Yes,No,No,No,No,No,No,Yes,Bank transfer (auto),Yes,52.72,877.25,12.4,3,2,1,,0,20,10,3,Phone;Multiple Lines;Fiber optic,829.25,Yes
C001074,Male,38,Jawa Tengah,34,One year,Standard,Fixed wireless,Yes,No,No,No,Yes,Yes,No,No,No,Credit card (auto),Yes,85.51,2586.26,80.5,1,0,1,3.4,2,8,10,4,Phone;Fixed wireless;Streaming TV;Streaming Movies,2628.26,No
C001608,Female,55,Jabodetabek,54,Month-to-month,Standard,Fiber optic,Yes,No,No,No,No,No,No,No,Yes,Credit card (auto),Yes,75.5,4109.34,57.5,5,0,2,1.6,1,8,0,2,Phone;Fiber optic,4094.34,No
C001943,Female,45,Jabodetabek,42,Month-to-month,Standard,DSL,Yes,No,No,No,No,No,Yes,No,No,Bank transfer (auto),Yes,72.77,2719.71,127.2,1,1,2,3.5,2,14,10,3,Phone;DSL;Cloud Storage,2749.71,No
C000795,Female,32,Jabodetabek,52,One year,Standard,Fiber optic,Yes,Yes,No,Yes,No,Yes,No,No,Yes,Credit card (auto),Yes,90.23,4276.6,138.6,0,0,2,3.0,3,30,10,5,Phone;Multiple Lines;Fiber optic;Tech Support;Streaming Movies,4351.6,No
C001366,Female,36,Jawa Barat,18,Month-to-month,Standard,DSL,Yes,Yes,Yes,No,Yes,No,No,No,No,Virtual account,No,89.68,1521.28,127.4,0,0,1,2.6,0,5,5,5,Phone;Multiple Lines;DSL;Online Security;Streaming TV,1521.28,No
C001676,Female,46,Jawa Tengah,25,One year,Standard,Fiber optic,No,No,No,No,No,Yes,No,No,Yes,Credit card (auto),Yes,84.9,2063.45,65.1,3,0,1,3.0,2,4,0,2,Fiber optic;Streaming Movies,2089.45,No
C001623,Female,43,Sumatera,32,Month-to-month,Standard,DSL,Yes,No,No,No,Yes,No,No,No,No,E-wallet,No,77.44,2384.59,116.3,1,0,1,3.3,2,4,5,3,Phone;DSL;Streaming TV,2426.59,No
C000071,Male,51,Jawa Barat,18,One year,Standard,Fixed wireless,No,No,Yes,No,No,No,Yes,No,No,Credit card (auto),Yes,79.18,1457.04,64.6,3,1,0,1.7,0,13,0,3,Fixed wireless;Online Security;Cloud Storage,1421.04,No
C001569,Female,33,Sumatera,42,Two year,Standard,DSL,Yes,No,Yes,No,Yes,No,No,No,Yes,Virtual account,No,75.43,2916.54,90.1,2,1,2,2.0,1,6,10,4,Phone;DSL;Online Security;Streaming TV,2913.54,No
C001340,Female,41,Jawa Barat,12,Month-to-month,Premium,Fiber optic,Yes,No,No,No,No,Yes,No,Yes,No,Bank transfer (auto),Yes,109.97,1301.05,177.8,4,0,0,3.6,1,8,0,4,Phone;Fiber optic;Streaming Movies;Device Protection,1294.05,No
C001864,Male,46,Jabodetabek,12,Month-to-month,Basic,DSL,Yes,Yes,No,No,No,Yes,No,Yes,No,Bank transfer (auto),Yes,65.96,706.79,65.0,0,1,1,3.1,1,6,10,5,Phone;Multiple Lines;DSL;Streaming Movies;Device Protection,719.79,No
C001322,Male,32,Jawa Tengah,14,Month-to-month,Standard,Fiber optic,Yes,No,No,No,No,Yes,No,No,Yes,E-wallet,No,79.15,1077.12,122.9,4,2,2,,1,9,0,3,Phone;Fiber optic;Streaming Movies,1046.12,Yes
C000728,Male,32,Jawa Timur,21,Month-to-month,Standard,Fiber optic,Yes,Yes,No,No,No,No,Yes,Yes,Yes,Bank transfer (auto),Yes,92.84,1902.6,82.2,2,0,1,,2,14,5,5,Phone;Multiple Lines;Fiber optic;Cloud Storage;Device Protection,1936.6,No
C001940,Male,36,Jawa Barat,33,One year,Standard,DSL,Yes,Yes,No,No,Yes,No,Yes,No,Yes,Bank transfer (auto),Yes,80.99,2411.3,97.9,1,0,0,3.7,2,27,10,5,Phone;Multiple Lines;DSL;Streaming TV;Cloud Storage,2453.3,No
C001220,Male,37,Jawa Timur,31,One year,Standard,Fiber optic,Yes,No,Yes,No,No,Yes,Yes,Yes,No,Bank transfer (auto),Yes,98.66,3019.22,102.0,2,0,1,2.9,2,5,0,6,Phone;Fiber optic;Online Security;Streaming Movies;Cloud Storage;Device Protection,3053.22,No
C000729,Male,42,Bali-Nusa Tenggara,42,One year,Basic,Fixed wireless,Yes,No,Yes,No,Yes,No,No,No,No,E-wallet,No,64.82,2753.33,9.1,1,0,1,3.5,4,3,0,4,Phone;Fixed wireless;Online Security;Streaming TV,2845.33,No
C001926,Female,37,Jabodetabek,35,One year,Basic,None,Yes,Yes,No,No,No,No,No,No,No,Credit card (auto),Yes,26.62,902.09,,0,1,0,2.8,2,9,5,2,Phone;Multiple Lines,940.09,No
C000332,Male,44,Jawa Tengah,21,One year,Basic,Fixed wireless,Yes,No,No,No,No,Yes,No,No,No,Credit card (auto),Yes,58.7,1263.36,65.5,2,1,1,2.6,1,6,0,3,Phone;Fixed wireless;Streaming Movies,1260.36,No
C000999,Male,35,Sumatera,40,Month-to-month,Standard,DSL,Yes,No,No,Yes,Yes,No,No,No,Yes,E-wallet,No,81.42,3160.82,116.4,0,0,0,5,3,6,0,4,Phone;DSL;Tech Support;Streaming TV,3235.82,No
C000402,Female,49,Jabodetabek,12,Month-to-month,Basic,Fiber optic,Yes,Yes,No,No,No,Yes,No,No,Yes,Virtual account,No,69.29,810.62,15.5,0,1,3,,1,4,0,4,Phone;Multiple Lines;Fiber optic;Streaming Movies,823.62,No
C001467,Male,48,Sulawesi,12,Month-to-month,Basic,Fixed wireless,Yes,No,Yes,No,No,No,No,No,No,Virtual account,No,48.0,483.03,30.3,1,1,2,3.4,1,6,15,3,Phone;Fixed wireless;Online Security,488.03,No
C000648,Female,50,Sulawesi,22,Two year,Standard,Fiber optic,Yes,Yes,No,No,Yes,No,No,No,Yes,E-wallet,No,88.1,1714.77,83.4,0,1,2,3.1,2,6,10,4,Phone;Multiple Lines;Fiber optic;Streaming TV,1752.77,No
C000505,Female,53,Jawa Timur,26,Month-to-month,Standard,Fiber optic,Yes,No,Yes,Yes,Yes,No,No,No,Yes,Virtual account,No,100.88,2697.94,132.9,3,0,1,3.0,2,10,0,5,Phone;Fiber optic;Online Security;Tech Support;Streaming TV,2723.94,Yes
C001862,Male,37,Jawa Timur,8,One year,Standard,Fixed wireless,Yes,No,No,Yes,No,No,No,Yes,No,E-wallet,No,75.88,556.56,81.0,2,0,1,,1,8,10,4,Phone;Fixed wireless;Tech Support;Device Protection,565.56,No
C001181,Male,45,Kalimantan,35,One year,Basic,Fixed wireless,No,No,No,Yes,No,No,No,Yes,No,Cash/retail outlet,No,53.37,1709.34,25.6,0,0,2,,2,4,10,3,Fixed wireless;Tech Support;Device Protection,1759.34,No
C001029,Male,22,Sumatera,34,Two year,Basic,Fiber optic,Yes,No,No,No,Yes,No,Yes,No,Yes,E-wallet,No,63.56,1809.08,24.6,1,0,1,3.8,2,4,15,4,Phone;Fiber optic;Streaming TV;Cloud Storage,1851.08,No
C000189,Male,23,Jawa Barat,16,Month-to-month,Standard,Fiber optic,Yes,No,No,No,Yes,No,No,Yes,Yes,Credit card (auto),Yes,85.39,1221.6,139.3,2,1,1,2.0,2,13,10,4,Phone;Fiber optic;Streaming TV;Device Protection,1243.6,No
C001789,Female,37,Jawa Timur,18,One year,Standard,Fiber optic,Yes,Yes,No,No,Yes,Yes,Yes,No,Yes,Credit card (auto),Yes,102.72,1804.93,125.8,2,1,1,2.3,2,13,0,6,Phone;Multiple Lines;Fiber optic;Streaming TV;Streaming Movies;Cloud Storage,1826.93,Yes
C001362,Female,38,Jabodetabek,39,Month-to-month,Premium,Fixed wireless,No,No,Yes,No,Yes,No,Yes,No,Yes,Bank transfer (auto),Yes,101.5,3278.55,127.8,3,2,0,1.4,0,15,15,4,Fixed wireless;Online Security;Streaming TV;Cloud Storage,3230.55,Yes
C001327,Male,52,Jabodetabek,22,Two year,Basic,None,Yes,Yes,No,No,No,No,No,No,Yes,Credit card (auto),Yes,33.88,654.39,,2,1,0,,0,6,10,2,Phone;Multiple Lines,626.39,No
C001411,Female,29,Sumatera,36,Month-to-month,Premium,None,Yes,Yes,No,No,No,No,No,No,Yes,Credit card (auto),Yes,78.4,2526.08,,0,1,1,3.4,1,11,10,2,Phone;Multiple Lines,2539.08,No
C000035,Male,26,Jabodetabek,12,Month-to-month,Standard,Fiber optic,Yes,No,Yes,Yes,No,Yes,No,No,Yes,E-wallet,No,97.45,1170.99,68.9,1,1,1,2.3,2,7,0,5,Phone;Fiber optic;Online Security;Tech Support;Streaming Movies,1200.99,Yes
C000362,Male,55,Jabodetabek,15,One year,Basic,Fiber optic,Yes,No,No,No,No,No,No,Yes,Yes,Bank transfer (auto),Yes,64.56,971.66,36.7,1,1,3,3.3,1,4,0,3,Phone;Fiber optic;Device Protection,976.66,No
C001937,Male,40,Bali-Nusa Tenggara,12,Month-to-month,Standard,DSL,No,No,No,No,Yes,No,No,No,No,E-wallet,No,69.07,818.58,97.6,0,0,1,4.1,2,2,0,2,DSL;Streaming TV,868.58,No
C001683,Male,42,Jawa Barat,50,One year,Standard,Fixed wireless,Yes,No,Yes,Yes,No,Yes,No,No,No,Credit card (auto),Yes,90.8,3926.14,115.7,2,1,1,,3,8,15,5,Phone;Fixed wireless;Online Security;Tech Support;Streaming Movies,3973.14,Yes
C000977,Female,49,Jawa Timur,18,Month-to-month,Premium,DSL,Yes,Yes,No,No,Yes,No,Yes,No,No,Credit card (auto),Yes,109.38,1801.94,182.9,1,0,0,,2,3,10,5,Phone;Multiple Lines;DSL;Streaming TV;Cloud Storage,1843.94,No
C000928,Male,34,Jawa Barat,27,Month-to-month,Standard,Fiber optic,No,No,Yes,No,Yes,No,No,No,No,Virtual account,No,91.64,2086.26,86.3,3,0,1,2.5,0,8,15,3,Fiber optic;Online Security;Streaming TV,2062.26,Yes
C001661,Female,25,Jabodetabek,20,Month-to-month,Basic,DSL,Yes,No,Yes,No,No,No,No,No,No,E-wallet,No,53.11,956.6,28.6,0,0,2,3.7,1,2,10,3,Phone;DSL;Online Security,981.6,No
C000719,Male,44,Jabodetabek,14,One year,Premium,DSL,Yes,No,Yes,No,Yes,Yes,Yes,Yes,Yes,Bank transfer (auto),Yes,122.7,1629.9,168.4,0,1,1,3.0,3,11,5,7,Phone;DSL;Online Security;Streaming TV;Streaming Movies;Cloud Storage;Device Protection,1692.9,No
C000756,Male,24,Jabodetabek,23,Month-to-month,Standard,DSL,Yes,Yes,Yes,No,Yes,Yes,Yes,No,Yes,Bank transfer (auto),Yes,100.37,2243.71,116.3,0,0,1,2.6,2,6,0,7,Phone;Multiple Lines;DSL;Online Security;Streaming TV;Streaming Movies;Cloud Storage,2293.71,No
C000938,Female,55,Jabodetabek,54,Two year,Premium,Fiber optic,Yes,Yes,Yes,No,Yes,Yes,Yes,No,Yes,E-wallet,No,133.48,6357.62,138.9,0,1,2,3.0,3,17,10,7,Phone;Multiple Lines;Fiber optic;Online Security;Streaming TV;Streaming Movies;Cloud Storage,6420.62,Yes
C000117,Female,49,Sumatera,18,One year,Standard,DSL,No,No,No,No,No,Yes,No,No,Yes,Virtual account,No,74.58,1348.28,88.0,0,0,0,3.7,3,5,0,2,DSL;Streaming Movies,1423.28,No
C001080,Male,47,Jabodetabek,19,Two year,Basic,Fiber optic,Yes,No,No,Yes,No,Yes,Yes,Yes,No,Bank transfer (auto),Yes,79.37,1318.38,54.7,0,0,1,3.8,3,3,15,6,Phone;Fiber optic;Tech Support;Streaming Movies;Cloud Storage;Device Protection,1393.38,No
C001817,Female,39,Jabodetabek,43,Two year,Basic,DSL,Yes,No,No,No,No,No,No,No,No,E-wallet,No,38.61,1297.21,63.3,4,1,2,1,0,9,20,2,Phone;DSL,1253.21,No
C001144,Male,57,Jawa Barat,9,Month-to-month,Premium,Fiber optic,Yes,No,No,No,No,Yes,Yes,Yes,No,Bank transfer (auto),Yes,110.96,1024.99,125.0,2,0,0,,0,7,0,5,Phone;Fiber optic;Streaming Movies;Cloud Storage;Device Protection,1008.99,Yes
C000557,Female,37,Jawa Timur,67,Two year,Standard,Fiber optic,Yes,Yes,No,No,Yes,No,No,No,Yes,Bank transfer (auto),Yes,90.78,5300.19,115.0,2,0,1,,3,24,15,4,Phone;Multiple Lines;Fiber optic;Streaming TV,5359.19,Yes
C001113,Female,29,Jawa Barat,33,Two year,Standard,Fiber optic,Yes,No,No,No,No,Yes,Yes,No,No,E-wallet,No,89.7,2685.15,107.2,0,0,0,4.0,3,7,10,4,Phone;Fiber optic;Streaming Movies;Cloud Storage,2760.15,No
C001956,Male,49,Sumatera,16,One year,Basic,Fiber optic,Yes,Yes,No,Yes,Yes,No,No,No,Yes,E-wallet,No,83.59,1300.2,62.2,2,0,3,2.8,0,13,0,5,Phone;Multiple Lines;Fiber optic;Tech Support;Streaming TV,1284.2,No
C001538,Female,58,Jabodetabek,6,Month-to-month,Standard,Fixed wireless,Yes,No,No,No,No,No,No,No,Yes,E-wallet,No,68.1,394.86,96.7,1,1,3,3.2,0,9,5,2,Phone;Fixed wireless,374.86,No
C001750,Female,42,Sumatera,45,Two year,Standard,DSL,Yes,Yes,Yes,Yes,No,No,No,No,No,Virtual account,No,83.61,3469.69,39.0,2,1,3,1.8,0,10,10,5,Phone;Multiple Lines;DSL;Online Security;Tech Support,3441.69,No
C000698,Female,32,Jawa Barat,4,Month-to-month,Basic,DSL,Yes,Yes,No,Yes,Yes,Yes,No,Yes,Yes,Credit card (auto),Yes,77.0,308.33,84.9,3,1,1,2.5,0,15,0,7,Phone;Multiple Lines;DSL;Tech Support;Streaming TV;Streaming Movies;Device Protection,272.33,No
C000956,Male,33,Jabodetabek,12,Two year,Standard,None,Yes,No,No,No,No,No,No,No,No,Virtual account,No,40.87,439.54,,5,3,1,1,0,15,10,1,Phone,363.54,Yes
C001866,Female,34,Jawa Tengah,23,Month-to-month,Premium,Fiber optic,Yes,Yes,Yes,No,No,Yes,No,No,No,Virtual account,No,123.14,2831.23,147.0,0,0,2,3.0,2,4,0,5,Phone;Multiple Lines;Fiber optic;Online Security;Streaming Movies,2881.23,Yes
C001186,Male,49,Jawa Tengah,58,Two year,Basic,DSL,Yes,No,No,Yes,Yes,No,Yes,No,Yes,Cash/retail outlet,No,62.22,2866.12,79.3,1,0,2,3.3,3,5,20,5,Phone;DSL;Tech Support;Streaming TV;Cloud Storage,2933.12,No
C001792,Male,53,Jawa Timur,23,Two year,Premium,Fixed wireless,No,No,No,No,Yes,No,Yes,No,Yes,Virtual account,No,105.28,2205.81,123.0,0,0,0,3.0,0,4,10,3,Fixed wireless;Streaming TV;Cloud Storage,2205.81,No
C000807,Female,47,Sulawesi,28,One year,Premium,Fiber optic,Yes,Yes,No,Yes,No,Yes,No,Yes,Yes,Virtual account,No,129.87,3396.66,187.3,0,0,2,3.7,3,6,5,6,Phone;Multiple Lines;Fiber optic;Tech Support;Streaming Movies;Device Protection,3471.66,No
C000174,Female,51,Jawa Timur,19,Month-to-month,Standard,Fixed wireless,Yes,No,Yes,No,No,No,No,Yes,No,Bank transfer (auto),Yes,69.72,1226.34,87.4,1,1,0,2.7,2,8,5,4,Phone;Fixed wireless;Online Security;Device Protection,1256.34,No
C001385,Male,54,Jawa Tengah,42,One year,Basic,Fiber optic,Yes,No,No,No,No,No,Yes,Yes,Yes,Cash/retail outlet,No,68.95,2550.24,37.9,0,0,0,4.2,2,4,10,4,Phone;Fiber optic;Cloud Storage;Device Protection,2600.24,No
C000237,Female,28,Sulawesi,27,One year,Standard,DSL,Yes,No,No,No,No,Yes,No,Yes,Yes,Credit card (auto),Yes,75.92,1972.57,100.7,2,1,1,1.8,0,6,5,4,Phone;DSL;Streaming Movies;Device Protection,1944.57,No
C000119,Male,61,Jawa Tengah,38,Month-to-month,Premium,DSL,Yes,No,No,Yes,No,No,No,Yes,Yes,Virtual account,No,97.98,3458.85,142.8,3,0,1,,4,5,5,4,Phone;DSL;Tech Support;Device Protection,3534.85,No
C001863,Male,60,Bali-Nusa Tenggara,33,Month-to-month,Standard,Fiber optic,Yes,Yes,No,No,Yes,Yes,No,No,Yes,Bank transfer (auto),Yes,102.65,3287.9,108.0,2,0,1,3.0,1,5,5,5,Phone;Multiple Lines;Fiber optic;Streaming TV;Streaming Movies,3296.9,No
C000244,Male,47,Kalimantan,12,One year,Basic,Fiber optic,Yes,No,Yes,No,Yes,No,Yes,No,Yes,Credit card (auto),Yes,68.68,831.6,75.8,2,2,2,2.0,0,19,0,5,Phone;Fiber optic;Online Security;Streaming TV;Cloud Storage,791.6,No
C001154,Female,47,Jabodetabek,20,Month-to-month,Premium,Fiber optic,Yes,No,No,Yes,Yes,Yes,No,No,Yes,E-wallet,No,121.93,2269.77,188.3,2,0,0,3.1,1,7,5,5,Phone;Fiber optic;Tech Support;Streaming TV;Streaming Movies,2278.77,Yes
C000981,Male,40,Sumatera,34,One year,Basic,Fiber optic,Yes,Yes,No,No,No,Yes,Yes,Yes,Yes,Virtual account,No,74.79,2350.76,61.1,0,1,1,3.1,3,9,10,6,Phone;Multiple Lines;Fiber optic;Streaming Movies;Cloud Storage;Device Protection,2413.76,No
C001446,Female,35,Jabodetabek,6,Month-to-month,Standard,Fixed wireless,Yes,No,Yes,No,No,No,Yes,No,Yes,Credit card (auto),Yes,79.07,404.79,114.0,2,1,0,1.9,0,15,15,4,Phone;Fixed wireless;Online Security;Cloud Storage,376.79,Yes
C001399,Female,47,Jawa Timur,32,Two year,Standard,Fiber optic,Yes,No,No,No,Yes,No,No,No,Yes,Bank transfer (auto),Yes,79.47,2259.54,95.9,1,0,1,,3,8,10,3,Phone;Fiber optic;Streaming TV,2326.54,No
C001172,Male,27,Jawa Timur,29,Month-to-month,Premium,Fixed wireless,Yes,Yes,No,No,No,Yes,No,Yes,No,Credit card (auto),Yes,112.67,3073.11,131.2,0,0,0,4.8,2,9,5,5,Phone;Multiple Lines;Fixed wireless;Streaming Movies;Device Protection,3123.11,No
C000845,Male,64,Jabodetabek,23,Month-to-month,Premium,Fiber optic,No,No,No,Yes,No,No,No,No,Yes,Virtual account,No,118.69,2687.58,122.0,2,0,3,,1,13,0,2,Fiber optic;Tech Support,2696.58,No
C000670,Female,53,Kalimantan,50,Month-to-month,Standard,Fiber optic,No,No,No,No,No,No,No,No,No,Bank transfer (auto),Yes,75.56,3842.31,82.9,2,0,0,2.8,3,3,0,1,Fiber optic,3901.31,No
C001897,Male,44,Jabodetabek,46,One year,Premium,Fixed wireless,Yes,Yes,No,No,Yes,No,No,Yes,No,Bank transfer (auto),Yes,114.27,5274.31,176.6,2,0,0,3.3,3,14,0,5,Phone;Multiple Lines;Fixed wireless;Streaming TV;Device Protection,5333.31,No
C000330,Female,30,Kalimantan,40,One year,Basic,None,Yes,No,No,No,No,No,No,No,Yes,E-wallet,No,20.52,819.2,,1,2,0,2.8,1,7,0,1,Phone,812.2,No
C001524,Female,42,Sumatera,42,One year,Standard,Fixed wireless,Yes,No,No,No,Yes,No,Yes,Yes,No,Credit card (auto),Yes,87.91,3067.76,134.4,0,1,0,4.4,1,3,15,5,Phone;Fixed wireless;Streaming TV;Cloud Storage;Device Protection,3080.76,No
C001833,Female,57,Jabodetabek,16,One year,Standard,Fiber optic,Yes,No,Yes,No,No,No,No,Yes,Yes,Bank transfer (auto),Yes,88.0,1429.35,115.2,1,1,1,3.0,1,11,0,4,Phone;Fiber optic;Online Security;Device Protection,1434.35,No
C000488,Female,52,Jawa Tengah,42,Month-to-month,Basic,Fiber optic,No,No,Yes,No,No,No,Yes,No,Yes,E-wallet,No,64.87,2510.97,33.4,1,0,3,3.3,2,4,5,3,Fiber optic;Online Security;Cloud Storage,2552.97,Yes
C001571,Female,49,Jabodetabek,10,Month-to-month,Premium,Fiber optic,Yes,Yes,Yes,Yes,No,No,Yes,No,No,E-wallet,No,115.03,1046.78,169.7,4,1,4,,0,8,10,6,Phone;Multiple Lines;Fiber optic;Online Security;Tech Support;Cloud Storage,1002.78,Yes
C001161,Male,21,Jawa Timur,29,One year,Standard,Fiber optic,No,No,No,No,No,Yes,No,No,No,Credit card (auto),Yes,84.7,2499.52,108.9,0,0,0,3.7,1,7,0,2,Fiber optic;Streaming Movies,2524.52,No
C000832,Female,39,Sulawesi,48,One year,Standard,DSL,Yes,No,Yes,Yes,No,No,No,No,Yes,Bank transfer (auto),Yes,72.8,3126.69,91.3,0,1,1,2.8,2,5,10,4,Phone;DSL;Online Security;Tech Support,3164.69,No
C001344,Male,45,Sulawesi,15,One year,Standard,Fixed wireless,Yes,No,Yes,No,Yes,No,No,No,Yes,E-wallet,No,79.19,1153.65,92.3,2,0,1,3.4,1,6,5,4,Phone;Fixed wireless;Online Security;Streaming TV,1162.65,No
C000788,Female,34,Bali-Nusa Tenggara,35,Month-to-month,Premium,None,No,No,No,No,No,No,No,No,No,Virtual account,No,71.62,1949.51,,0,0,0,3.5,2,13,20,0,,1999.51,No
C000623,Male,66,Jawa Barat,55,Two year,Basic,Fiber optic,Yes,Yes,Yes,No,No,No,No,No,Yes,Virtual account,No,65.32,3179.51,39.2,1,0,2,3.2,2,6,10,4,Phone;Multiple Lines;Fiber optic;Online Security,3221.51,No
C000831,Male,45,Jabodetabek,33,One year,Standard,DSL,Yes,No,Yes,No,No,No,No,Yes,Yes,Bank transfer (auto),Yes,73.77,2246.08,122.9,1,2,1,2.5,0,17,10,4,Phone;DSL;Online Security;Device Protection,2214.08,No
C001656,Female,29,Kalimantan,27,One year,Basic,DSL,Yes,No,No,No,Yes,No,No,No,Yes,Virtual account,No,58.68,1555.19,56.1,0,1,1,3.6,2,9,0,3,Phone;DSL;Streaming TV,1593.19,No
C001559,Female,51,Jabodetabek,17,Two year,Basic,Fixed wireless,Yes,No,No,No,No,No,No,No,No,Bank transfer (auto),Yes,51.2,760.86,4,0,0,2,3.4,4,3,10,2,Phone;Fixed wireless,860.86,No
C001607,Female,36,Jawa Timur,37,Two year,Standard,Fiber optic,Yes,No,No,Yes,No,No,No,No,No,Credit card (auto),Yes,85.98,2776.32,83.7,1,0,1,3.0,3,5,15,3,Phone;Fiber optic;Tech Support,2843.32,No
C000759,Female,49,Jabodetabek,52,One year,Standard,DSL,No,No,No,No,Yes,No,No,No,Yes,Cash/retail outlet,No,78.25,4062.2,85.0,0,0,1,4.5,4,6,0,2,DSL;Streaming TV,4162.2,No
C000720,Male,59,Jabodetabek,30,One year,Basic,Fiber optic,Yes,No,No,No,No,No,No,No,No,Cash/retail outlet,No,61.9,1471.63,63.6,1,0,1,3.8,1,5,20,2,Phone;Fiber optic,1488.63,No
C001244,Female,56,Jabodetabek,24,Two year,Standard,Fiber optic,Yes,No,Yes,No,Yes,No,No,No,Yes,E-wallet,No,90.97,1897.29,108.2,2,0,3,2.4,2,9,15,4,Phone;Fiber optic;Online Security;Streaming TV,1931.29,Yes
C000522,Female,38,Jabodetabek,37,One year,Premium,Fiber optic,Yes,Yes,Yes,Yes,Yes,Yes,Yes,Yes,No,Bank transfer (auto),Yes,142.05,4439.85,196.4,1,2,2,3.8,3,8,15,9,Phone;Multiple Lines;Fiber optic;Online Security;Tech Support;Streaming TV;Streaming Movies;Cloud Storage;Device Protection,4482.85,No
C000290,Female,37,Jawa Tengah,27,One year,Basic,None,Yes,No,No,No,No,No,No,No,Yes,Credit card (auto),Yes,27.39,655.21,,0,1,1,2.9,0,4,10,1,Phone,643.21,No
C001034,Female,33,Sumatera,20,Month-to-month,Premium,Fiber optic,No,No,No,Yes,No,No,No,Yes,Yes,Virtual account,No,106.62,2179.61,124.0,1,1,1,2.7,1,9,0,3,Fiber optic;Tech Support;Device Protection,2184.61,No
C000520,Female,29,Jawa Barat,9,Month-to-month,Premium,Fiber optic,Yes,No,No,Yes,No,Yes,No,No,No,Bank transfer (auto),Yes,119.72,1013.4,123.6,1,0,1,,0,11,5,4,Phone;Fiber optic;Tech Support;Streaming Movies,1005.4,Yes
C001418,Male,42,Jawa Barat,27,One year,Standard,Fiber optic,Yes,No,No,No,No,No,No,Yes,No,Credit card (auto),Yes,79.74,1788.05,74.4,3,1,1,1.7,0,9,15,3,Phone;Fiber optic;Device Protection,1752.05,No
C000512,Male,28,Sulawesi,13,Month-to-month,Standard,Fiber optic,Yes,No,No,No,Yes,Yes,No,No,Yes,Cash/retail outlet,No,96.41,1223.2,99.6,1,1,2,2.3,1,12,0,4,Phone;Fiber optic;Streaming TV;Streaming Movies,1228.2,Yes
C001078,Male,40,Jawa Barat,21,Month-to-month,Basic,Fiber optic,Yes,No,No,No,No,No,No,Yes,Yes,E-wallet,No,59.5,1186.38,60.7,2,0,1,,0,8,5,3,Phone;Fiber optic;Device Protection,1170.38,No
C000722,Male,45,Jawa Timur,46,Two year,Standard,Fixed wireless,Yes,Yes,Yes,No,No,Yes,Yes,No,No,Credit card (auto),Yes,89.82,3251.56,144.5,1,1,0,4.1,1,4,20,6,Phone;Multiple Lines;Fixed wireless;Online Security;Streaming Movies;Cloud Storage,3256.56,No
C001765,Female,35,Jawa Tengah,46,Month-to-month,Premium,Fiber optic,Yes,No,No,Yes,Yes,No,Yes,No,No,Credit card (auto),Yes,123.4,5559.17,145.5,3,0,1,2.0,1,33,0,5,Phone;Fiber optic;Tech Support;Streaming TV;Cloud Storage,5560.17,Yes
C001836,Male,51,Jabodetabek,17,One year,Basic,Fixed wireless,No,No,No,No,Yes,No,No,No,Yes,Bank transfer (auto),Yes,54.05,804.5,57.4,0,0,0,4.2,1,2,10,2,Fixed wireless;Streaming TV,829.5,No
C000888,Female,62,Jabodetabek,29,Two year,Premium,Fiber optic,Yes,Yes,Yes,No,No,No,No,Yes,Yes,E-wallet,No,120.46,3132.31,136.9,0,0,0,5,2,4,10,5,Phone;Multiple Lines;Fiber optic;Online Security;Device Protection,3182.31,No
C001606,Male,26,Jawa Barat,8,One year,Standard,None,Yes,No,No,No,No,No,No,No,Yes,Bank transfer (auto),Yes,43.2,342.7,,1,1,1,3.2,1,10,0,1,Phone,347.7,No
C001902,Male,56,Jawa Tengah,13,One year,Standard,Fiber optic,Yes,No,No,No,No,No,Yes,No,Yes,Bank transfer (auto),Yes,80.71,881.27,118.5,0,1,1,4.4,2,3,15,3,Phone;Fiber optic;Cloud Storage,919.27,No
C000633,Male,29,Kalimantan,38,Month-to-month,Standard,Fiber optic,Yes,Yes,No,No,No,No,No,No,No,E-wallet,No,79.38,2838.71,83.8,2,0,2,2.4,1,5,5,3,Phone;Multiple Lines;Fiber optic,2847.71,No
C001473,Male,65,Jawa Timur,38,One year,Standard,DSL,Yes,Yes,No,No,Yes,No,No,Yes,No,E-wallet,No,84.11,3150.52,94.7,2,2,2,1.9,1,10,0,5,Phone;Multiple Lines;DSL;Streaming TV;Device Protection,3135.52,No
C000088,Female,62,Jabodetabek,33,One year,Premium,Fiber optic,Yes,Yes,No,Yes,Yes,Yes,No,No,No,Credit card (auto),Yes,127.28,3617.5,194.5,1,0,1,,4,20,15,6,Phone;Multiple Lines;Fiber optic;Tech Support;Streaming TV;Streaming Movies,3709.5,Yes
C001570,Male,37,Sulawesi,19,Two year,Premium,Fiber optic,Yes,No,No,No,No,Yes,No,Yes,Yes,Bank transfer (auto),Yes,112.26,1760.46,182.0,3,0,2,2.3,1,6,15,4,Phone;Fiber optic;Streaming Movies;Device Protection,1761.46,No
C001328,Male,60,Jabodetabek,32,One year,Basic,DSL,Yes,No,No,Yes,No,Yes,No,Yes,Yes,Bank transfer (auto),Yes,66.12,1767.1,103.0,1,1,0,2.3,2,7,15,5,Phone;DSL;Tech Support;Streaming Movies;Device Protection,1797.1,No
C000640,Male,43,Jabodetabek,33,Month-to-month,Basic,Fiber optic,Yes,No,No,No,No,No,No,No,No,E-wallet,No,53.04,1424.81,26.1,1,0,2,,2,3,20,2,Phone;Fiber optic,1466.81,No
C001838,Male,53,Sumatera,15,Two year,Basic,Fiber optic,Yes,Yes,Yes,Yes,No,Yes,No,No,Yes,Credit card (auto),Yes,89.24,1187.47,85.4,1,0,1,3.4,1,15,10,6,Phone;Multiple Lines;Fiber optic;Online Security;Tech Support;Streaming Movies,1204.47,No
C000532,Female,35,Jawa Timur,16,One year,Standard,Fiber optic,Yes,Yes,No,No,No,No,No,Yes,Yes,E-wallet,No,78.29,1101.73,50.9,1,0,2,2.5,0,4,10,4,Phone;Multiple Lines;Fiber optic;Device Protection,1093.73,No
C001627,Female,38,Jawa Barat,18,One year,Standard,Fiber optic,Yes,Yes,No,No,No,Yes,Yes,Yes,No,Credit card (auto),Yes,102.91,1885.65,132.8,0,1,0,3.2,1,7,0,6,Phone;Multiple Lines;Fiber optic;Streaming Movies;Cloud Storage;Device Protection,1898.65,Yes
C001847,Female,33,Jabodetabek,48,One year,Standard,None,Yes,Yes,No,No,No,No,No,No,Yes,Bank transfer (auto),Yes,48.27,2322.48,,3,1,2,2.1,2,11,0,2,Phone;Multiple Lines,2336.48,No
C001809,Female,33,Jabodetabek,24,Month-to-month,Basic,DSL,Yes,Yes,No,No,Yes,No,No,No,Yes,E-wallet,No,59.73,1175.02,72.6,1,0,1,4.2,2,4,20,4,Phone;Multiple Lines;DSL;Streaming TV,1217.02,No
C001510,Female,47,Jawa Timur,62,Two year,Standard,DSL,Yes,No,No,No,No,No,No,No,Yes,Credit card (auto),Yes,65.01,3696.83,93.3,2,0,0,3.4,2,3,10,2,Phone;DSL,3730.83,No
C001293,Female,29,Jawa Timur,3,One year,Standard,Fixed wireless,Yes,No,Yes,Yes,No,No,Yes,No,Yes,Credit card (auto),Yes,86.84,242.17,50.2,0,1,1,,1,9,5,5,Phone;Fixed wireless;Online Security;Tech Support;Cloud Storage,255.17,No
C000305,Female,20,Jawa Timur,34,Two year,Basic,Fixed wireless,Yes,Yes,Yes,No,No,No,No,No,No,Virtual account,No,61.56,1839.8,64.7,1,0,0,2.9,1,3,10,4,Phone;Multiple Lines;Fixed wireless;Online Security,1856.8,No
C001228,Female,60,Bali-Nusa Tenggara,49,One year,Standard,Fixed wireless,Yes,Yes,No,No,No,Yes,No,No,No,Virtual account,No,72.35,2758.0,139.9,2,0,2,3.6,5,3,20,4,Phone;Multiple Lines;Fixed wireless;Streaming Movies,2867.0,No
C000826,Male,46,Jawa Tengah,22,Two year,Premium,Fiber optic,Yes,Yes,No,No,No,No,No,Yes,Yes,Virtual account,No,112.22,2247.38,140.9,3,2,1,1.7,2,11,10,4,Phone;Multiple Lines;Fiber optic;Device Protection,2249.38,Yes
C000460,Female,44,Sumatera,27,Month-to-month,Standard,Fiber optic,Yes,Yes,No,Yes,No,No,No,No,Yes,E-wallet,No,98.29,2279.46,96.8,2,2,2,1.7,2,9,15,4,Phone;Multiple Lines;Fiber optic;Tech Support,2289.46,Yes
C000326,Female,43,Jabodetabek,21,Month-to-month,Basic,Fiber optic,Yes,No,Yes,No,Yes,Yes,No,Yes,Yes,E-wallet,No,82.0,1724.17,68.3,1,1,2,,0,6,0,6,Phone;Fiber optic;Online Security;Streaming TV;Streaming Movies;Device Protection,1704.17,Yes
C000294,Male,57,Kalimantan,53,Month-to-month,Standard,DSL,Yes,Yes,No,No,Yes,No,Yes,Yes,Yes,Credit card (auto),Yes,90.39,4760.51,126.0,0,0,1,3.1,4,5,0,6,Phone;Multiple Lines;DSL;Streaming TV;Cloud Storage;Device Protection,4860.51,No
C000478,Male,40,Sumatera,50,Two year,Standard,Fiber optic,Yes,Yes,No,No,No,No,No,No,Yes,E-wallet,No,87.88,3986.75,79.3,2,0,2,2.9,2,8,10,3,Phone;Multiple Lines;Fiber optic,4020.75,No
C000439,Male,30,Sumatera,35,Month-to-month,Standard,Fiber optic,Yes,Yes,Yes,No,Yes,No,No,No,No,Bank transfer (auto),Yes,96.3,2867.91,92.0,1,1,2,2.1,1,6,15,5,Phone;Multiple Lines;Fiber optic;Online Security;Streaming TV,2872.91,Yes
C000475,Male,62,Jawa Tengah,46,Month-to-month,Standard,Fiber optic,Yes,No,No,No,Yes,No,No,No,No,E-wallet,No,81.23,3768.54,92.6,1,1,0,2.1,0,7,0,3,Phone;Fiber optic;Streaming TV,3748.54,No
C001907,Male,37,Jawa Timur,27,One year,Standard,None,Yes,No,No,No,No,No,No,No,Yes,,No,48.59,1214.75,,3,2,0,1.2,1,13,5,1,Phone,1191.75,Yes
C000837,Male,36,Jawa Barat,24,One year,Premium,DSL,Yes,Yes,No,No,No,Yes,No,Yes,Yes,Virtual account,No,105.99,2159.01,146.3,3,0,3,1.5,1,6,15,5,Phone;Multiple Lines;DSL;Streaming Movies;Device Protection,2160.01,Yes
C001498,Female,49,Kalimantan,5,One year,Basic,Fiber optic,Yes,No,No,No,No,No,No,No,Yes,Credit card (auto),Yes,52.39,218.56,71.2,1,0,0,3.4,1,15,15,2,Phone;Fiber optic,235.56,No
C001489,Female,34,Kalimantan,47,One year,Standard,Fiber optic,Yes,No,No,No,Yes,Yes,Yes,No,Yes,Bank transfer (auto),Yes,99.47,3912.84,71.0,0,0,1,4.2,3,4,15,5,Phone;Fiber optic;Streaming TV;Streaming Movies;Cloud Storage,3987.84,No
C001544,Male,37,Sulawesi,54,One year,Standard,DSL,Yes,No,No,Yes,No,Yes,Yes,No,No,Virtual account,No,84.11,4495.31,48.2,0,0,1,3.1,3,17,0,5,Phone;DSL;Tech Support;Streaming Movies;Cloud Storage,4570.31,No
C001892,Female,55,Bali-Nusa Tenggara,54,One year,Standard,Fiber optic,Yes,Yes,Yes,No,Yes,Yes,Yes,No,Yes,Virtual account,No,102.74,5284.49,97.6,1,1,3,2.6,3,8,5,7,Phone;Multiple Lines;Fiber optic;Online Security;Streaming TV;Streaming Movies;Cloud Storage,5339.49,No
C001655,Female,64,Jabodetabek,18,Two year,Standard,Fiber optic,Yes,No,No,Yes,No,No,No,No,Yes,Virtual account,No,84.28,1358.17,93.9,2,1,1,3.5,3,13,10,3,Phone;Fiber optic;Tech Support,1405.17,No
C000784,Female,34,Sumatera,11,Month-to-month,Basic,Fiber optic,Yes,Yes,Yes,Yes,No,Yes,Yes,No,Yes,E-wallet,No,89.82,1011.9,67.8,0,0,2,3.2,2,3,0,7,Phone;Multiple Lines;Fiber optic;Online Security;Tech Support;Streaming Movies;Cloud Storage,1061.9,Yes
C001984,Male,65,Jabodetabek,30,Month-to-month,Premium,Fiber optic,Yes,Yes,No,No,No,Yes,No,Yes,Yes,Bank transfer (auto),Yes,120.59,3193.97,163.2,0,0,2,3.5,2,9,10,5,Phone;Multiple Lines;Fiber optic;Streaming Movies;Device Protection,3243.97,No
C001884,Male,68,Jawa Tengah,28,One year,Premium,Fiber optic,Yes,Yes,No,Yes,Yes,No,No,Yes,No,E-wallet,No,121.83,3080.18,144.6,2,0,1,2.8,2,11,10,6,Phone;Multiple Lines;Fiber optic;Tech Support;Streaming TV;Device Protection,3114.18,No
C001612,Male,60,Sumatera,33,Month-to-month,Basic,Fiber optic,Yes,Yes,Yes,Yes,No,No,No,No,No,E-wallet,No,71.24,2405.76,50.6,1,2,1,3.1,2,21,0,5,Phone;Multiple Lines;Fiber optic;Online Security;Tech Support,2423.76,No
C000202,Male,40,Jawa Timur,47,One year,Premium,Fiber optic,Yes,Yes,No,Yes,No,No,No,No,Yes,Credit card (auto),Yes,110.95,4795.94,149.8,0,1,2,2.9,3,14,10,4,Phone;Multiple Lines;Fiber optic;Tech Support,4858.94,No
C000898,Female,65,Jawa Tengah,33,Two year,Standard,Fiber optic,Yes,No,No,Yes,No,No,No,No,Yes,E-wallet,No,78.15,2372.3,65.7,0,0,2,3.6,1,3,10,3,Phone;Fiber optic;Tech Support,2397.3,No
C000248,Male,45,Jabodetabek,31,One year,Standard,DSL,Yes,Yes,No,No,Yes,Yes,No,No,Yes,Bank transfer (auto),Yes,87.79,2308.7,127.3,1,1,0,3.1,1,12,15,5,Phone;Multiple Lines;DSL;Streaming TV;Streaming Movies,2313.7,No
C000995,Male,32,Jawa Timur,59,One year,Standard,Fiber optic,Yes,No,No,No,No,No,No,No,Yes,E-wallet,No,71.7,3674.93,61.6,1,1,0,2.9,3,5,15,2,Phone;Fiber optic,3729.93,No
C000739,Male,34,Jawa Tengah,9,Month-to-month,Premium,Fiber optic,Yes,No,Yes,Yes,Yes,Yes,No,Yes,Yes,Credit card (auto),Yes,131.52,1149.11,191.7,1,0,0,2.9,2,3,5,7,Phone;Fiber optic;Online Security;Tech Support;Streaming TV;Streaming Movies;Device Protection,1191.11,No
C001945,Male,62,Jabodetabek,47,Two year,Basic,Fiber optic,Yes,No,Yes,No,Yes,No,No,No,Yes,Cash/retail outlet,No,72.65,3163.74,31.9,1,2,2,2.0,2,7,10,4,Phone;Fiber optic;Online Security;Streaming TV,3181.74,No
C000415,Female,24,Bali-Nusa Tenggara,50,Month-to-month,Standard,Fiber optic,Yes,Yes,Yes,No,Yes,No,No,Yes,Yes,Virtual account,No,103.64,5301.3,92.3,2,2,0,1.4,2,10,0,6,Phone;Multiple Lines;Fiber optic;Online Security;Streaming TV;Device Protection,5311.3,No
C000210,Female,25,Jawa Barat,38,One year,Premium,Fiber optic,Yes,Yes,Yes,No,Yes,No,Yes,Yes,Yes,Virtual account,No,130.43,4952.63,180.2,2,2,2,,0,17,0,7,Phone;Multiple Lines;Fiber optic;Online Security;Streaming TV;Cloud Storage;Device Protection,4912.63,Yes
C000038,Male,56,Jawa Timur,51,Two year,Standard,Fiber optic,Yes,Yes,No,No,No,No,Yes,No,No,E-wallet,No,86.02,3892.63,99.3,2,1,2,3.3,4,6,10,4,Phone;Multiple Lines;Fiber optic;Cloud Storage,3964.63,No
C000877,Male,56,Sumatera,19,One year,Standard,Fixed wireless,Yes,Yes,No,No,No,No,No,Yes,Yes,Bank transfer (auto),Yes,74.53,1358.01,31.8,3,1,0,2.1,1,8,5,4,Phone;Multiple Lines;Fixed wireless;Device Protection,1347.01,No
C001212,Female,22,Jawa Tengah,11,Month-to-month,Premium,Fiber optic,Yes,Yes,No,Yes,Yes,Yes,No,Yes,Yes,Cash/retail outlet,No,138.58,1291.22,148.4,0,0,1,4.4,3,1,15,7,Phone;Multiple Lines;Fiber optic;Tech Support;Streaming TV;Streaming Movies;Device Protection,1366.22,No
C001046,Male,37,Jawa Barat,36,One year,Basic,Fixed wireless,Yes,Yes,No,Yes,Yes,No,No,No,Yes,E-wallet,No,73.32,2129.58,53.7,2,2,1,1.2,1,15,20,5,Phone;Multiple Lines;Fixed wireless;Tech Support;Streaming TV,2114.58,Yes
C000838,Male,48,Jawa Timur,42,Month-to-month,Premium,Fixed wireless,Yes,Yes,Yes,Yes,Yes,Yes,Yes,Yes,Yes,Bank transfer (auto),Yes,137.17,5295.54,118.2,0,0,1,3.6,3,6,10,9,Phone;Multiple Lines;Fixed wireless;Online Security;Tech Support;Streaming TV;Streaming Movies;Cloud Storage;Device Protection,5370.54,No
C000841,Male,59,Jawa Timur,36,One year,Basic,Fiber optic,Yes,No,No,No,No,No,No,No,Yes,E-wallet,No,52.59,1875.59,52.1,0,0,2,3.3,4,10,0,2,Phone;Fiber optic,1975.59,No
C000238,Female,40,Sumatera,48,One year,Premium,None,Yes,No,No,No,No,No,No,No,Yes,Virtual account,No,67.54,3001.11,,0,0,2,3.5,4,5,5,1,Phone,3101.11,No
C001077,Female,31,Jawa Barat,21,Month-to-month,Basic,Fixed wireless,Yes,Yes,Yes,Yes,Yes,Yes,No,No,Yes,E-wallet,No,76.54,1388.74,75.1,0,1,1,,1,7,15,7,Phone;Multiple Lines;Fixed wireless;Online Security;Tech Support;Streaming TV;Streaming Movies,1401.74,No
C001439,Female,37,Jawa Tengah,20,Month-to-month,Standard,Fiber optic,Yes,Yes,No,Yes,Yes,No,No,No,No,Credit card (auto),Yes,104.46,1989.82,119.7,0,0,0,3.5,0,8,5,5,Phone;Multiple Lines;Fiber optic;Tech Support;Streaming TV,1989.82,No
C000971,Female,55,Sulawesi,25,Two year,Standard,DSL,Yes,No,No,Yes,No,Yes,No,No,Yes,Credit card (auto),Yes,74.44,1700.56,60.5,3,1,1,1.5,0,12,10,4,Phone;DSL;Tech Support;Streaming Movies,1664.56,No
C000001,Male,33,Jabodetabek,48,One year,Basic,DSL,Yes,No,Yes,No,No,Yes,No,No,Yes,Credit card (auto),Yes,61.91,2914.57,79.4,3,1,0,1.8,1,10,0,4,Phone;DSL;Online Security;Streaming Movies,2903.57,No
C000498,Female,42,Sulawesi,54,Month-to-month,Basic,Fiber optic,Yes,No,No,No,No,No,No,No,No,Credit card (auto),Yes,56.99,2942.12,59.8,2,1,1,2.3,2,7,5,2,Phone;Fiber optic,2964.12,No
C000074,Female,55,Jawa Barat,8,Month-to-month,Basic,Fiber optic,Yes,No,Yes,No,No,No,No,No,Yes,Cash/retail outlet,No,60.2,446.06,19.7,3,0,1,2.5,1,5,10,3,Phone;Fiber optic;Online Security,447.06,No
C001609,Female,27,Sulawesi,38,Two year,Standard,DSL,Yes,No,No,No,No,No,No,No,No,E-wallet,No,73.72,2293.17,94.0,0,0,3,2.5,2,13,20,2,Phone;DSL,2343.17,No
C001849,Male,22,Jawa Tengah,7,One year,Standard,Fiber optic,No,No,No,No,No,No,Yes,Yes,Yes,E-wallet,No,83.88,530.06,72.6,1,0,1,,2,11,10,3,Fiber optic;Cloud Storage;Device Protection,572.06,No
C001020,Male,31,Jabodetabek,32,Month-to-month,Premium,Fiber optic,Yes,No,Yes,No,Yes,No,No,No,Yes,Bank transfer (auto),Yes,116.16,3812.74,167.9,4,0,1,2.6,3,4,0,4,Phone;Fiber optic;Online Security;Streaming TV,3855.74,No
C001527,Male,29,Jawa Barat,29,Two year,Standard,Fiber optic,Yes,Yes,No,Yes,Yes,Yes,No,No,Yes,Cash/retail outlet,No,104.59,2544.58,153.0,3,2,2,1,0,11,15,6,Phone;Multiple Lines;Fiber optic;Tech Support;Streaming TV;Streaming Movies,2496.58,Yes
C001966,Female,60,Jawa Tengah,62,One year,Premium,Fiber optic,No,No,Yes,No,Yes,Yes,No,Yes,No,Bank transfer (auto),Yes,132.64,8124.4,165.0,0,0,1,2.7,2,9,0,5,Fiber optic;Online Security;Streaming TV;Streaming Movies;Device Protection,8174.4,No
C000842,Female,42,Jabodetabek,18,One year,Premium,Fiber optic,Yes,No,Yes,No,No,No,No,Yes,No,Credit card (auto),Yes,111.44,1637.66,144.0,0,1,0,3.0,0,7,20,4,Phone;Fiber optic;Online Security;Device Protection,1625.66,No
C000829,Male,41,Jabodetabek,32,One year,Premium,Fixed wireless,Yes,No,Yes,No,Yes,Yes,Yes,Yes,Yes,Credit card (auto),Yes,124.7,3890.77,194.5,0,0,2,3.2,1,4,0,7,Phone;Fixed wireless;Online Security;Streaming TV;Streaming Movies;Cloud Storage;Device Protection,3915.77,No
C000015,Female,39,Jawa Barat,29,One year,Basic,DSL,Yes,Yes,No,No,No,No,No,Yes,Yes,Bank transfer (auto),Yes,46.76,1156.96,47.9,0,1,0,,1,11,15,4,Phone;Multiple Lines;DSL;Device Protection,1169.96,No
C001934,Female,32,Sumatera,40,Two year,Premium,Fiber optic,Yes,No,Yes,No,No,No,No,Yes,Yes,Credit card (auto),Yes,104.29,3837.81,156.2,2,2,0,2.0,2,37,10,4,Phone;Fiber optic;Online Security;Device Protection,3847.81,No
C000114,Male,31,Jabodetabek,49,One year,Premium,Fixed wireless,No,No,Yes,No,Yes,No,No,No,Yes,Bank transfer (auto),Yes,108.95,5396.87,142.8,2,1,0,2.7,2,5,0,3,Fixed wireless;Online Security;Streaming TV,5418.87,No
C000678,Male,46,Sulawesi,17,Month-to-month,Standard,None,Yes,Yes,No,No,No,No,No,No,Yes,Credit card (auto),Yes,52.43,903.46,,2,0,1,3.3,2,6,0,2,Phone;Multiple Lines,937.46,No
C001650,Female,31,Jawa Tengah,18,Two year,Standard,Fixed wireless,Yes,No,No,No,No,No,No,No,No,Credit card (auto),Yes,74.75,1204.1,110.9,2,1,2,1.4,0,23,10,2,Phone;Fixed wireless,1176.1,Yes
C000949,Female,41,Sumatera,29,Month-to-month,Standard,DSL,Yes,No,No,Yes,No,No,No,Yes,Yes,Bank transfer (auto),Yes,78.75,2348.63,51.7,2,1,1,2.4,3,21,0,4,Phone;DSL;Tech Support;Device Protection,2395.63,No
C001841,Female,35,Jawa Tengah,17,Month-to-month,Basic,Fiber optic,Yes,Yes,No,No,No,No,No,No,No,Credit card (auto),Yes,64.42,1047.89,64.6,3,2,1,1.7,0,15,5,3,Phone;Multiple Lines;Fiber optic,999.89,Yes
C001985,Male,27,Jawa Timur,27,Two year,Basic,Fiber optic,Yes,No,Yes,No,No,No,Yes,No,Yes,E-wallet,No,65.65,1479.72,36.7,2,0,0,2.7,2,14,15,4,Phone;Fiber optic;Online Security;Cloud Storage,1513.72,No
C001466,Male,60,Jawa Tengah,28,Month-to-month,Basic,Fiber optic,Yes,Yes,Yes,No,No,No,No,No,No,Virtual account,No,66.01,1885.27,53.5,1,0,1,3.8,2,8,0,4,Phone;Multiple Lines;Fiber optic;Online Security,1927.27,No
C000426,Female,39,Jabodetabek,29,Month-to-month,Standard,Fixed wireless,Yes,No,No,No,No,No,No,No,No,Virtual account,No,69.3,1867.09,80.1,0,0,2,3.8,3,14,5,2,Phone;Fixed wireless,1942.09,No
C001867,Male,34,Jawa Barat,24,One year,Premium,Fiber optic,Yes,No,Yes,Yes,Yes,Yes,No,No,Yes,E-wallet,No,131.26,3103.45,161.7,2,0,2,3.9,4,8,0,6,Phone;Fiber optic;Online Security;Tech Support;Streaming TV;Streaming Movies,3187.45,No
C001125,Female,30,Sumatera,35,Month-to-month,Premium,Fiber optic,Yes,Yes,No,Yes,No,Yes,Yes,No,Yes,Virtual account,No,125.7,4027.4,182.2,1,1,0,2.3,1,6,10,6,Phone;Multiple Lines;Fiber optic;Tech Support;Streaming Movies;Cloud Storage,4032.4,Yes
C000042,Male,46,Sumatera,6,Month-to-month,Basic,DSL,Yes,Yes,No,Yes,Yes,No,No,Yes,Yes,Bank transfer (auto),Yes,66.96,413.49,57.7,2,0,0,2.7,3,8,0,6,Phone;Multiple Lines;DSL;Tech Support;Streaming TV;Device Protection,472.49,No
C000897,Male,30,Jabodetabek,22,One year,Premium,Fiber optic,Yes,Yes,No,No,No,Yes,No,No,Yes,Bank transfer (auto),Yes,117.09,2062.84,161.3,2,0,0,,2,9,20,4,Phone;Multiple Lines;Fiber optic;Streaming Movies,2096.84,No
C000432,Male,37,Kalimantan,37,One year,Basic,Fixed wireless,Yes,No,No,No,No,Yes,No,No,Yes,Credit card (auto),Yes,49.38,1565.44,54.8,1,0,1,4.3,2,1,15,3,Phone;Fixed wireless;Streaming Movies,1607.44,No
C001639,Female,55,Jabodetabek,51,One year,Basic,DSL,Yes,No,Yes,No,Yes,No,No,No,No,Bank transfer (auto),Yes,54.87,2514.46,79.3,1,2,1,1.9,3,18,10,4,Phone;DSL;Online Security;Streaming TV,2557.46,No
C000451,Male,48,Jawa Timur,29,Month-to-month,Standard,Fiber optic,No,No,No,Yes,No,No,No,No,Yes,Virtual account,No,82.4,2300.1,71.4,0,0,2,3.2,0,3,5,2,Fiber optic;Tech Support,2300.1,Yes
C000033,Female,37,Jawa Timur,36,Month-to-month,Standard,Fiber optic,Yes,No,Yes,No,No,Yes,Yes,Yes,No,Cash/retail outlet,No,95.26,3408.34,107.2,2,0,1,3.8,1,3,0,6,Phone;Fiber optic;Online Security;Streaming Movies;Cloud Storage;Device Protection,3417.34,No
C001691,Female,28,Jawa Timur,43,Two year,Premium,DSL,Yes,No,No,No,No,Yes,No,No,Yes,Bank transfer (auto),Yes,93.23,3573.33,131.4,1,0,0,3.7,4,5,10,3,Phone;DSL;Streaming Movies,3665.33,No
C001392,Female,28,Jabodetabek,42,Month-to-month,Standard,DSL,Yes,No,No,No,No,No,No,Yes,Yes,E-wallet,No,67.64,2554.72,53.1,1,0,1,5,4,13,10,3,Phone;DSL;Device Protection,2646.72,No
C001887,Female,39,Jabodetabek,14,Month-to-month,Basic,Fiber optic,Yes,Yes,Yes,Yes,No,No,No,No,Yes,E-wallet,No,64.03,724.28,35.3,1,1,1,2.0,1,11,20,5,Phone;Multiple Lines;Fiber optic;Online Security;Tech Support,729.28,No
C001593,Female,44,Jabodetabek,28,Month-to-month,Basic,DSL,Yes,No,No,No,Yes,Yes,No,No,Yes,Credit card (auto),Yes,63.97,1666.77,108.0,1,1,0,2.9,1,6,5,4,Phone;DSL;Streaming TV;Streaming Movies,1671.77,No
C001384,Female,28,Jawa Barat,43,Month-to-month,Standard,Fiber optic,Yes,No,No,No,No,No,No,No,Yes,E-wallet,No,73.74,3186.97,70.7,1,0,2,,3,5,0,2,Phone;Fiber optic,3253.97,No
C001824,Male,49,Bali-Nusa Tenggara,41,Two year,Standard,Fiber optic,Yes,Yes,Yes,No,No,Yes,No,No,Yes,E-wallet,No,99.56,3698.1,142.6,0,0,2,2.9,1,3,10,5,Phone;Multiple Lines;Fiber optic;Online Security;Streaming Movies,3723.1,No
C001103,Male,61,Bali-Nusa Tenggara,18,Two year,Standard,Fiber optic,Yes,No,No,No,No,No,No,No,No,Virtual account,No,83.58,1370.16,129.0,1,1,2,2.3,1,9,10,2,Phone;Fiber optic,1375.16,No
C001685,Female,52,Jabodetabek,26,Month-to-month,Standard,Fiber optic,Yes,No,No,Yes,Yes,No,No,No,Yes,Bank transfer (auto),Yes,85.14,2171.3,114.0,1,0,0,2.9,0,6,0,4,Phone;Fiber optic;Tech Support;Streaming TV,2163.3,No
C000486,Female,63,Sulawesi,31,One year,Standard,DSL,Yes,No,No,No,No,Yes,No,No,No,,No,70.0,2003.1,131.4,2,0,2,2.3,0,8,5,3,Phone;DSL;Streaming Movies,1987.1,No
C000254,Female,51,Jawa Barat,14,Month-to-month,Basic,DSL,Yes,Yes,No,No,No,No,No,No,Yes,Cash/retail outlet,No,47.79,657.81,68.7,0,0,1,3.6,3,3,0,3,Phone;Multiple Lines;DSL,732.81,No
C001964,Male,49,Jawa Barat,37,One year,Premium,DSL,Yes,No,Yes,No,No,Yes,No,Yes,Yes,Bank transfer (auto),Yes,105.93,3798.71,180.0,1,1,2,3.2,2,5,5,5,Phone;DSL;Online Security;Streaming Movies;Device Protection,3828.71,No
C000377,Female,34,Jawa Tengah,19,Month-to-month,Standard,DSL,Yes,Yes,No,No,No,No,No,No,Yes,Bank transfer (auto),Yes,71.32,1374.11,91.9,3,0,2,3.0,2,10,0,3,Phone;Multiple Lines;DSL,1400.11,No
C001853,Female,55,Jabodetabek,18,One year,Basic,Fixed wireless,No,No,No,Yes,Yes,No,Yes,No,Yes,Virtual account,No,65.59,1148.54,88.9,0,0,0,4.0,3,2,5,4,Fixed wireless;Tech Support;Streaming TV;Cloud Storage,1223.54,No
C001226,Female,43,Jawa Barat,9,One year,Basic,DSL,Yes,Yes,No,No,Yes,No,No,No,No,E-wallet,No,62.36,452.12,35.3,1,2,3,2.6,2,18,20,4,Phone;Multiple Lines;DSL;Streaming TV,470.12,No
C001037,Female,62,Jabodetabek,70,One year,Premium,DSL,Yes,No,No,Yes,No,Yes,Yes,No,Yes,Virtual account,No,101.44,7095.38,166.2,2,0,1,2.4,2,6,0,5,Phone;DSL;Tech Support;Streaming Movies;Cloud Storage,7129.38,No
C000939,Female,43,Bali-Nusa Tenggara,28,Two year,Premium,Fiber optic,Yes,Yes,Yes,Yes,Yes,No,Yes,No,Yes,Bank transfer (auto),Yes,126.71,3142.97,168.5,2,0,0,2.9,0,6,10,7,Phone;Multiple Lines;Fiber optic;Online Security;Tech Support;Streaming TV;Cloud Storage,3126.97,No
C000195,Male,59,Sumatera,27,Two year,Standard,Fiber optic,Yes,No,Yes,No,Yes,No,No,No,No,Virtual account,No,91.46,2157.39,87.8,3,1,1,3.2,1,9,10,4,Phone;Fiber optic;Online Security;Streaming TV,2146.39,No
C000755,Male,49,Jawa Timur,20,Two year,Standard,DSL,Yes,No,No,No,No,No,No,No,Yes,Credit card (auto),Yes,58.45,959.44,104.4,2,0,1,3.3,3,6,20,2,Phone;DSL,1018.44,No
C000323,Male,22,Jabodetabek,27,Month-to-month,Premium,Fixed wireless,Yes,No,No,No,Yes,Yes,No,Yes,No,Virtual account,No,112.42,2759.3,210.0,0,1,1,,2,5,10,5,Phone;Fixed wireless;Streaming TV;Streaming Movies;Device Protection,2797.3,No
C000394,Male,39,Sumatera,10,Month-to-month,Basic,DSL,Yes,No,No,No,No,No,No,No,No,E-wallet,No,45.7,397.03,4,3,0,1,3.1,1,8,15,2,Phone;DSL,398.03,No
C000979,Female,61,Sumatera,7,Month-to-month,Standard,DSL,Yes,Yes,No,No,No,No,No,Yes,No,Cash/retail outlet,No,68.37,466.84,79.9,0,1,1,2.6,2,14,0,4,Phone;Multiple Lines;DSL;Device Protection,504.84,No
C000748,Male,43,Jabodetabek,29,One year,Standard,DSL,No,No,No,Yes,No,Yes,No,No,Yes,E-wallet,No,79.1,2134.52,84.1,1,0,2,4.2,1,7,5,3,DSL;Tech Support;Streaming Movies,2151.52,No
C001939,Female,32,Bali-Nusa Tenggara,38,Two year,Standard,DSL,Yes,No,No,Yes,No,No,No,No,Yes,E-wallet,No,70.44,2218.59,74.3,0,0,0,,2,4,15,3,Phone;DSL;Tech Support,2268.59,No
C000457,Female,58,Kalimantan,3,Month-to-month,Standard,Fiber optic,Yes,No,No,No,No,No,Yes,No,Yes,Virtual account,No,84.61,224.05,110.2,0,1,2,2.9,0,11,10,3,Phone;Fiber optic;Cloud Storage,212.05,No
C001885,Male,35,Jawa Barat,14,Month-to-month,Basic,DSL,Yes,No,No,No,Yes,No,No,Yes,Yes,Virtual account,No,53.15,703.42,35.9,2,2,2,,0,12,5,4,Phone;DSL;Streaming TV;Device Protection,663.42,Yes
C000436,Female,48,Jawa Timur,17,One year,Basic,Fixed wireless,Yes,Yes,No,Yes,Yes,No,No,No,No,Bank transfer (auto),Yes,69.2,1173.21,54.5,2,0,1,2.9,0,7,0,5,Phone;Multiple Lines;Fixed wireless;Tech Support;Streaming TV,1157.21,No
C001720,Female,66,Sumatera,4,One year,Basic,Fixed wireless,Yes,No,No,No,Yes,No,No,No,Yes,Bank transfer (auto),Yes,61.36,237.57,51.7,2,1,0,1.7,1,6,5,3,Phone;Fixed wireless;Streaming TV,234.57,No
C001657,Male,49,Jabodetabek,19,Month-to-month,Standard,Fiber optic,Yes,Yes,No,No,Yes,Yes,No,No,Yes,E-wallet,No,95.86,1839.69,137.1,2,1,2,2.0,0,10,0,5,Phone;Multiple Lines;Fiber optic;Streaming TV;Streaming Movies,1811.69,Yes
C000551,Male,24,Jawa Tengah,25,One year,Basic,Fiber optic,Yes,No,No,No,No,Yes,No,Yes,Yes,E-wallet,No,72.69,1832.17,23.1,1,0,2,1.5,1,8,0,4,Phone;Fiber optic;Streaming Movies;Device Protection,1849.17,No
C001291,Female,57,Jawa Barat,19,Month-to-month,Basic,DSL,Yes,No,No,Yes,No,No,No,No,Yes,Bank transfer (auto),Yes,49.11,907.85,16.6,2,0,0,2.7,0,10,0,3,Phone;DSL;Tech Support,891.85,No
C000240,Male,22,Jabodetabek,26,Month-to-month,Standard,Fixed wireless,Yes,No,No,No,No,No,No,No,No,Bank transfer (auto),Yes,63.46,1549.76,150.5,0,0,0,3.6,0,2,5,2,Phone;Fixed wireless,1549.76,No
C001663,Female,39,Jabodetabek,3,Month-to-month,Standard,None,Yes,No,No,No,No,No,No,No,No,Credit card (auto),Yes,54.17,146.93,,0,0,1,3.8,1,6,10,1,Phone,171.93,Yes
C001550,Male,39,Jawa Barat,43,Month-to-month,Premium,Fiber optic,Yes,Yes,Yes,No,Yes,No,Yes,Yes,No,Bank transfer (auto),Yes,127.59,4926.95,182.3,2,1,0,3.9,3,8,10,7,Phone;Multiple Lines;Fiber optic;Online Security;Streaming TV;Cloud Storage;Device Protection,4973.95,No
C000282,Male,66,Sumatera,25,Two year,Basic,Fiber optic,Yes,No,Yes,No,Yes,Yes,No,No,Yes,Credit card (auto),Yes,76.13,1736.11,125.3,2,0,1,3.9,1,3,10,5,Phone;Fiber optic;Online Security;Streaming TV;Streaming Movies,1745.11,No
C001893,Female,40,Jawa Barat,7,One year,Basic,Fixed wireless,No,No,Yes,No,Yes,Yes,Yes,No,Yes,Virtual account,No,72.41,431.06,53.5,2,0,1,,2,7,15,5,Fixed wireless;Online Security;Streaming TV;Streaming Movies;Cloud Storage,465.06,No
C000970,Female,31,Sulawesi,21,Month-to-month,Standard,DSL,Yes,Yes,Yes,No,No,No,Yes,No,Yes,E-wallet,No,79.84,1345.18,110.5,1,0,1,4.0,2,4,20,5,Phone;Multiple Lines;DSL;Online Security;Cloud Storage,1387.18,No
C000850,Male,30,Jabodetabek,14,Month-to-month,Premium,DSL,Yes,Yes,Yes,Yes,Yes,Yes,No,No,Yes,E-wallet,No,122.13,1649.07,178.9,0,0,0,3.1,0,24,5,7,Phone;Multiple Lines;DSL;Online Security;Tech Support;Streaming TV;Streaming Movies,1649.07,No
C000709,Female,26,Bali-Nusa Tenggara,22,Month-to-month,Basic,None,Yes,Yes,No,No,No,No,No,No,Yes,Bank transfer (auto),Yes,28.21,636.22,,0,0,0,3.5,2,3,0,2,Phone;Multiple Lines,686.22,No
C001980,Male,39,Jawa Tengah,13,One year,Standard,Fixed wireless,No,No,No,Yes,No,Yes,Yes,No,No,E-wallet,No,85.21,1125.19,75.8,1,0,2,3.6,0,2,0,4,Fixed wireless;Tech Support;Streaming Movies;Cloud Storage,1117.19,No
C001933,Female,36,Jawa Tengah,40,Month-to-month,Standard,Fixed wireless,Yes,No,Yes,No,No,No,No,No,Yes,Bank transfer (auto),Yes,75.05,2637.99,44.7,3,1,1,1.7,3,18,10,3,Phone;Fixed wireless;Online Security,2676.99,No
C001552,Female,36,Kalimantan,17,Two year,Basic,Fiber optic,No,No,No,No,Yes,No,No,No,Yes,E-wallet,No,63.56,971.95,89.5,2,1,2,3.3,1,13,10,2,Fiber optic;Streaming TV,968.95,No
C001430,Female,48,Jawa Tengah,43,Month-to-month,Standard,DSL,Yes,No,No,No,Yes,No,No,Yes,Yes,Virtual account,No,68.16,2643.83,133.0,2,1,0,2.6,4,7,10,4,Phone;DSL;Streaming TV;Device Protection,2715.83,No
C001904,Male,32,Sumatera,27,Month-to-month,Standard,Fixed wireless,Yes,No,No,Yes,No,Yes,Yes,No,Yes,E-wallet,No,85.67,1844.59,92.0,2,1,2,3.1,3,8,20,5,Phone;Fixed wireless;Tech Support;Streaming Movies;Cloud Storage,1891.59,No
C000631,Female,61,Jawa Timur,58,Month-to-month,Standard,DSL,Yes,Yes,No,Yes,Yes,No,No,No,Yes,E-wallet,No,84.03,4680.01,67.3,0,0,1,3.8,3,6,5,5,Phone;Multiple Lines;DSL;Tech Support;Streaming TV,4755.01,No
C001520,Female,74,Jabodetabek,30,Two year,Standard,Fixed wireless,Yes,No,No,Yes,Yes,Yes,No,Yes,Yes,E-wallet,No,92.64,2544.6,112.3,2,1,0,2.4,1,33,10,6,Phone;Fixed wireless;Tech Support;Streaming TV;Streaming Movies;Device Protection,2541.6,Yes
C000792,Male,42,Sumatera,33,Month-to-month,Basic,Fiber optic,Yes,No,No,Yes,No,No,No,Yes,No,E-wallet,No,65.23,2030.1,34.5,2,1,0,,0,8,5,4,Phone;Fiber optic;Tech Support;Device Protection,2002.1,Yes
C000106,Male,47,Jawa Tengah,36,Month-to-month,Standard,Fiber optic,Yes,Yes,Yes,Yes,No,No,Yes,No,No,Credit card (auto),Yes,101.0,3642.04,89.3,3,0,1,2.6,3,15,0,6,Phone;Multiple Lines;Fiber optic;Online Security;Tech Support;Cloud Storage,3693.04,No
C000679,Male,32,Sulawesi,32,One year,Premium,Fiber optic,Yes,Yes,Yes,No,No,Yes,Yes,No,Yes,Bank transfer (auto),Yes,123.21,3449.39,169.9,0,1,1,,2,6,10,6,Phone;Multiple Lines;Fiber optic;Online Security;Streaming Movies;Cloud Storage,3487.39,No
C001485,Female,48,Jawa Tengah,21,Month-to-month,Standard,DSL,Yes,Yes,No,Yes,Yes,No,No,No,Yes,Credit card (auto),Yes,86.99,1579.3,113.1,1,0,0,4.0,3,5,15,5,Phone;Multiple Lines;DSL;Tech Support;Streaming TV,1646.3,No
C001977,Female,38,Jawa Timur,12,Month-to-month,Basic,Fiber optic,Yes,No,No,No,No,No,No,No,Yes,E-wallet,No,59.15,711.58,78.9,2,0,1,3.1,2,3,0,2,Phone;Fiber optic,745.58,No
C001675,Male,54,Jabodetabek,61,Month-to-month,Standard,Fiber optic,Yes,Yes,No,No,No,No,No,No,Yes,Virtual account,No,80.14,4389.21,69.2,2,1,1,3.4,5,15,10,3,Phone;Multiple Lines;Fiber optic,4486.21,No
C001413,Male,68,Kalimantan,18,Month-to-month,Standard,Fiber optic,Yes,No,No,No,Yes,Yes,No,No,Yes,E-wallet,No,88.92,1582.61,143.0,2,2,3,3.2,0,25,0,4,Phone;Fiber optic;Streaming TV;Streaming Movies,1542.61,Yes
C001954,Male,40,Jawa Timur,21,Month-to-month,Standard,Fixed wireless,No,No,No,No,Yes,Yes,No,No,Yes,E-wallet,No,90.77,1746.73,131.5,2,0,2,3.0,1,4,10,3,Fixed wireless;Streaming TV;Streaming Movies,1755.73,No
C001132,Male,49,Jabodetabek,23,Month-to-month,Basic,Fiber optic,Yes,Yes,No,Yes,Yes,Yes,Yes,No,Yes,E-wallet,No,90.87,1965.84,95.7,2,2,3,,0,14,5,7,Phone;Multiple Lines;Fiber optic;Tech Support;Streaming TV;Streaming Movies;Cloud Storage,1925.84,Yes
C000980,Male,55,Jawa Tengah,17,One year,Standard,None,Yes,No,No,No,No,No,No,No,Yes,Virtual account,No,46.2,746.06,,1,1,1,1.7,0,12,5,1,Phone,726.06,No
C001307,Male,38,Jabodetabek,10,Month-to-month,Premium,Fiber optic,Yes,Yes,Yes,No,Yes,Yes,No,No,No,Virtual account,No,131.77,1283.63,167.4,2,1,1,2.5,1,12,5,6,Phone;Multiple Lines;Fiber optic;Online Security;Streaming TV;Streaming Movies,1280.63,Yes
C000265,Male,34,Jabodetabek,26,One year,Basic,Fiber optic,No,No,No,No,No,Yes,No,Yes,Yes,Credit card (auto),Yes,67.73,1777.23,51.3,1,0,0,3.1,2,8,0,3,Fiber optic;Streaming Movies;Device Protection,1819.23,No
C001429,Male,36,Jabodetabek,34,Month-to-month,Basic,Fiber optic,Yes,Yes,No,Yes,No,Yes,No,No,Yes,E-wallet,No,74.9,2527.17,60.0,1,1,1,1.9,2,6,0,5,Phone;Multiple Lines;Fiber optic;Tech Support;Streaming Movies,2557.17,No
C000163,Female,30,Jawa Tengah,39,Two year,Standard,DSL,Yes,Yes,No,No,Yes,No,No,Yes,Yes,Virtual account,No,84.37,2988.06,145.4,1,2,1,2.0,1,9,10,5,Phone;Multiple Lines;DSL;Streaming TV;Device Protection,2981.06,No
C000401,Male,22,Jabodetabek,32,One year,Standard,Fixed wireless,Yes,No,No,Yes,No,No,No,No,No,E-wallet,No,75.26,2372.43,87.6,0,0,0,4.1,4,1,0,3,Phone;Fixed wireless;Tech Support,2472.43,No
C000267,Male,52,Jawa Barat,35,Month-to-month,Basic,Fiber optic,Yes,Yes,No,Yes,No,No,Yes,Yes,Yes,E-wallet,No,82.21,2325.68,18.1,0,0,1,3.9,3,6,20,6,Phone;Multiple Lines;Fiber optic;Tech Support;Cloud Storage;Device Protection,2400.68,No
C000351,Female,38,Jawa Barat,27,One year,Basic,Fiber optic,Yes,Yes,No,No,Yes,No,No,No,Yes,Bank transfer (auto),Yes,69.23,1832.54,46.1,0,1,1,3.0,2,7,0,4,Phone;Multiple Lines;Fiber optic;Streaming TV,1870.54,No
C000681,Female,44,Jawa Timur,13,Month-to-month,Basic,DSL,Yes,No,No,No,No,No,No,No,Yes,Bank transfer (auto),Yes,44.44,575.79,75.1,0,1,1,2.2,0,9,0,2,Phone;DSL,563.79,No
C001376,Female,45,Jabodetabek,51,Month-to-month,Standard,Fixed wireless,Yes,No,No,Yes,Yes,No,Yes,No,Yes,Virtual account,No,93.37,4226.28,112.0,1,1,1,2.5,1,10,10,5,Phone;Fixed wireless;Tech Support;Streaming TV;Cloud Storage,4231.28,No
C001540,Female,50,Jawa Barat,17,Month-to-month,Premium,DSL,Yes,Yes,Yes,Yes,No,Yes,Yes,No,No,Bank transfer (auto),Yes,122.32,2067.43,100.3,1,1,1,,0,6,0,7,Phone;Multiple Lines;DSL;Online Security;Tech Support;Streaming Movies;Cloud Storage,2047.43,No
C000256,Female,39,Sulawesi,27,Two year,Standard,Fiber optic,Yes,No,No,Yes,Yes,No,No,No,Yes,E-wallet,No,88.19,2195.18,86.6,1,1,2,3.2,2,8,10,4,Phone;Fiber optic;Tech Support;Streaming TV,2225.18,No
C000961,Female,30,Jawa Tengah,18,Two year,Standard,Fiber optic,Yes,No,No,No,No,Yes,No,No,Yes,E-wallet,No,81.54,1282.5,103.9,0,0,2,3.5,1,2,10,3,Phone;Fiber optic;Streaming Movies,1307.5,No
C000525,Male,50,Jawa Tengah,18,One year,Basic,Fiber optic,Yes,Yes,No,No,No,No,Yes,No,Yes,Credit card (auto),Yes,69.95,1100.67,23.2,0,0,0,3.9,1,10,10,4,Phone;Multiple Lines;Fiber optic;Cloud Storage,1125.67,No
C001695,Female,28,Bali-Nusa Tenggara,34,Two year,Standard,DSL,Yes,No,No,No,No,Yes,No,Yes,Yes,Bank transfer (auto),Yes,81.65,2439.82,99.0,1,1,0,3.8,4,3,10,4,Phone;DSL;Streaming Movies;Device Protection,2519.82,No
C000405,Male,37,Jabodetabek,23,One year,Standard,Fiber optic,Yes,No,No,No,No,No,No,No,No,E-wallet,No,77.97,1726.73,109.5,2,0,1,2.3,2,9,5,2,Phone;Fiber optic,1760.73,No
C001547,Female,42,Jawa Tengah,67,Two year,Basic,Fiber optic,Yes,Yes,No,No,No,Yes,No,No,Yes,Bank transfer (auto),Yes,71.9,4334.46,67.9,4,1,1,1.4,2,9,10,4,Phone;Multiple Lines;Fiber optic;Streaming Movies,4340.46,No
C000588,Female,47,Kalimantan,52,Month-to-month,Premium,Fixed wireless,Yes,No,Yes,Yes,No,No,No,Yes,No,E-wallet,No,106.09,4842.36,105.8,1,1,0,3.2,2,7,10,5,Phone;Fixed wireless;Online Security;Tech Support;Device Protection,4872.36,No
C001734,Male,42,Jabodetabek,14,Month-to-month,Basic,Fiber optic,Yes,No,No,No,No,No,No,Yes,Yes,,No,66.36,925.82,16.2,1,0,1,3.7,2,11,0,3,Phone;Fiber optic;Device Protection,967.82,No
C000574,Male,56,Jawa Barat,39,Month-to-month,Basic,Fiber optic,Yes,No,Yes,No,No,Yes,No,No,No,Virtual account,No,67.92,2573.37,50.5,2,0,3,4.4,3,5,0,4,Phone;Fiber optic;Online Security;Streaming Movies,2632.37,No
C000786,Male,33,Jabodetabek,32,One year,Standard,Fiber optic,Yes,No,No,No,No,Yes,No,No,No,Bank transfer (auto),Yes,85.29,2798.47,135.2,0,0,0,3.6,1,5,0,3,Phone;Fiber optic;Streaming Movies,2823.47,No
C000199,Male,27,Kalimantan,20,Month-to-month,Basic,Fiber optic,Yes,Yes,No,No,No,No,Yes,Yes,Yes,E-wallet,No,74.02,1362.49,30.0,0,0,0,4.3,2,4,10,5,Phone;Multiple Lines;Fiber optic;Cloud Storage;Device Protection,1412.49,No
C001168,Female,49,Jawa Tengah,26,One year,Premium,DSL,Yes,No,Yes,Yes,Yes,Yes,No,Yes,Yes,Virtual account,No,118.98,2866.3,174.1,0,0,2,3.1,1,9,5,7,Phone;DSL;Online Security;Tech Support;Streaming TV;Streaming Movies;Device Protection,2891.3,No
C000086,Male,33,Jawa Barat,36,Month-to-month,Standard,DSL,Yes,Yes,Yes,No,No,No,No,Yes,No,E-wallet,No,79.88,2523.91,102.7,2,0,1,2.8,2,6,10,5,Phone;Multiple Lines;DSL;Online Security;Device Protection,2557.91,Yes
C001900,Male,61,Kalimantan,28,Month-to-month,Standard,DSL,Yes,No,Yes,No,Yes,Yes,Yes,No,No,Bank transfer (auto),Yes,83.81,2008.63,101.8,0,1,1,3.2,0,8,15,6,Phone;DSL;Online Security;Streaming TV;Streaming Movies;Cloud Storage,1996.63,No
C000157,Female,36,Jabodetabek,26,Two year,Basic,Fiber optic,Yes,Yes,Yes,Yes,Yes,Yes,No,No,Yes,Bank transfer (auto),Yes,89.77,2077.18,123.5,1,1,0,2.6,0,10,10,7,Phone;Multiple Lines;Fiber optic;Online Security;Tech Support;Streaming TV;Streaming Movies,2057.18,No
C001329,Male,35,Bali-Nusa Tenggara,15,Two year,Premium,Fixed wireless,Yes,No,No,No,No,No,No,No,Yes,Credit card (auto),Yes,94.18,1284.97,159.1,2,1,0,3.7,1,3,10,2,Phone;Fixed wireless,1281.97,No
C001839,Male,30,Bali-Nusa Tenggara,41,One year,Standard,DSL,Yes,No,Yes,No,No,Yes,No,Yes,Yes,E-wallet,No,80.54,3388.55,115.5,2,1,2,2.8,3,7,0,5,Phone;DSL;Online Security;Streaming Movies;Device Protection,3435.55,No
C000455,Female,41,Jawa Timur,21,Month-to-month,Standard,DSL,Yes,No,Yes,No,No,No,No,No,Yes,Credit card (auto),Yes,71.24,1283.44,90.3,2,2,2,1.6,1,20,15,3,Phone;DSL;Online Security,1268.44,Yes
C001747,Male,37,Jawa Timur,21,Month-to-month,Basic,None,Yes,Yes,No,No,No,No,No,No,No,E-wallet,No,28.47,580.76,,2,2,2,1.4,1,13,0,2,Phone;Multiple Lines,565.76,Yes
C001178,Female,36,Jawa Timur,43,Month-to-month,Basic,Fiber optic,Yes,Yes,No,No,No,No,Yes,No,No,Bank transfer (auto),Yes,66.26,2629.72,56.7,2,1,0,2.9,3,17,5,4,Phone;Multiple Lines;Fiber optic;Cloud Storage,2676.72,Yes
C000181,Male,46,Jawa Tengah,22,Two year,Premium,Fiber optic,Yes,No,No,No,No,Yes,Yes,Yes,Yes,Bank transfer (auto),Yes,111.29,2143.67,165.5,2,2,0,1.7,1,9,10,5,Phone;Fiber optic;Streaming Movies;Cloud Storage;Device Protection,2128.67,No
C001395,Male,22,Jawa Tengah,29,One year,Standard,Fiber optic,Yes,No,No,No,No,No,No,No,Yes,E-wallet,No,75.79,2246.87,80.1,0,1,1,3.1,1,13,0,2,Phone;Fiber optic,2259.87,No
C001931,Female,40,Kalimantan,15,Month-to-month,Standard,Fiber optic,Yes,No,No,No,No,No,No,No,Yes,Bank transfer (auto),Yes,80.75,1088.69,70.2,2,2,0,2.4,1,14,10,2,Phone;Fiber optic,1073.69,No
C001730,Female,37,Jawa Timur,41,Month-to-month,Standard,Fiber optic,Yes,Yes,No,Yes,Yes,No,No,No,No,E-wallet,No,96.18,3925.58,109.6,2,1,1,2.0,3,7,0,5,Phone;Multiple Lines;Fiber optic;Tech Support;Streaming TV,3972.58,No
C001785,Male,39,Sulawesi,12,Month-to-month,Premium,DSL,Yes,Yes,No,No,No,Yes,No,No,Yes,Credit card (auto),Yes,110.38,1317.26,156.9,1,1,2,2.6,1,5,0,4,Phone;Multiple Lines;DSL;Streaming Movies,1322.26,Yes
C000620,Male,55,Jabodetabek,54,One year,Basic,None,Yes,No,No,No,No,No,No,No,Yes,Bank transfer (auto),Yes,18,814.4,,0,0,0,3.0,2,6,15,1,Phone,864.4,No
C000986,Male,28,Jawa Barat,28,One year,Basic,Fixed wireless,Yes,No,Yes,Yes,Yes,Yes,No,No,Yes,E-wallet,No,78.92,2188.43,83.5,0,0,3,3.0,3,5,0,6,Phone;Fixed wireless;Online Security;Tech Support;Streaming TV;Streaming Movies,2263.43,No
C000797,Male,43,Sulawesi,43,Two year,Standard,Fiber optic,Yes,Yes,No,No,Yes,No,No,No,No,Bank transfer (auto),Yes,91.66,3517.51,104.2,0,2,2,3.1,3,8,10,4,Phone;Multiple Lines;Fiber optic;Streaming TV,3568.51,No
C001030,Male,43,Sulawesi,45,One year,Standard,Fiber optic,Yes,No,No,No,No,No,Yes,No,Yes,Bank transfer (auto),Yes,88.61,3880.94,50.2,2,0,0,3.1,0,6,0,3,Phone;Fiber optic;Cloud Storage,3864.94,No
C001548,Female,40,Jabodetabek,29,One year,Standard,Fiber optic,Yes,Yes,Yes,No,No,Yes,No,No,Yes,Credit card (auto),Yes,98.41,2309.43,93.5,2,0,1,3.6,2,3,20,5,Phone;Multiple Lines;Fiber optic;Online Security;Streaming Movies,2343.43,No
C001055,Female,39,Jawa Tengah,51,Month-to-month,Basic,Fiber optic,Yes,No,No,Yes,No,No,No,No,Yes,E-wallet,No,57.84,2297.16,65.0,0,0,2,3.4,3,8,20,3,Phone;Fiber optic;Tech Support,2372.16,No
C000197,Male,31,Jawa Timur,38,Month-to-month,Standard,Fiber optic,Yes,No,No,Yes,Yes,No,No,Yes,Yes,E-wallet,No,91.95,3405.65,110.7,1,1,1,,2,9,0,5,Phone;Fiber optic;Tech Support;Streaming TV;Device Protection,3435.65,Yes
C000769,Male,38,Jawa Barat,68,Two year,Basic,Fixed wireless,Yes,Yes,No,No,No,No,No,No,No,E-wallet,No,58.58,3650.07,51.9,1,1,3,2.9,2,6,10,3,Phone;Multiple Lines;Fixed wireless,3680.07,No
C001105,Female,51,Jawa Barat,8,Two year,Standard,Fixed wireless,Yes,No,No,No,No,No,No,Yes,Yes,Credit card (auto),Yes,72.93,531.73,58.0,1,0,0,4.6,2,3,10,3,Phone;Fixed wireless;Device Protection,573.73,No
C000062,Male,35,Jawa Timur,14,Month-to-month,Standard,DSL,Yes,No,Yes,No,Yes,Yes,No,Yes,Yes,E-wallet,No,84.54,1129.39,137.7,1,2,1,2.3,1,17,5,6,Phone;DSL;Online Security;Streaming TV;Streaming Movies;Device Protection,1122.39,No
C000048,Female,48,Jawa Timur,16,Two year,Standard,DSL,Yes,Yes,Yes,Yes,No,No,Yes,Yes,Yes,Bank transfer (auto),Yes,90.9,1243.77,75.0,1,0,0,2.9,2,5,15,7,Phone;Multiple Lines;DSL;Online Security;Tech Support;Cloud Storage;Device Protection,1285.77,No
C001760,Female,46,Jawa Barat,20,Month-to-month,Standard,Fiber optic,Yes,Yes,Yes,No,No,No,No,Yes,No,Bank transfer (auto),Yes,92.8,1627.52,84.2,3,0,1,1.8,2,15,10,5,Phone;Multiple Lines;Fiber optic;Online Security;Device Protection,1653.52,Yes
C001554,Male,42,Kalimantan,47,Two year,Standard,Fixed wireless,No,No,No,Yes,No,Yes,Yes,No,No,E-wallet,No,88.29,3820.07,82.6,1,0,0,3.4,1,5,10,4,Fixed wireless;Tech Support;Streaming Movies;Cloud Storage,3837.07,No
C000108,Female,27,Jabodetabek,13,Month-to-month,Basic,DSL,Yes,No,No,No,No,No,No,No,No,Credit card (auto),Yes,43.22,564.04,4,1,0,1,3.4,1,4,0,2,Phone;DSL,581.04,No
C001625,Male,50,Bali-Nusa Tenggara,29,Month-to-month,Premium,Fixed wireless,Yes,No,Yes,No,Yes,No,No,No,Yes,Credit card (auto),Yes,113.7,3196.77,120.4,0,1,0,3.3,2,5,5,4,Phone;Fixed wireless;Online Security;Streaming TV,3234.77,No
C000446,Female,31,Sumatera,52,Month-to-month,Basic,Fiber optic,Yes,No,Yes,No,No,No,No,No,Yes,Bank transfer (auto),Yes,58.73,2712.03,41.0,1,0,0,3.4,2,6,10,3,Phone;Fiber optic;Online Security,2754.03,No
C000695,Female,28,Sumatera,35,Month-to-month,Standard,DSL,Yes,No,No,Yes,Yes,Yes,No,No,Yes,Bank transfer (auto),Yes,83.69,2950.73,116.5,2,1,0,2.2,2,9,0,5,Phone;DSL;Tech Support;Streaming TV;Streaming Movies,2972.73,No
C001817,Female,39,Jabodetabek,43,Two year,Basic,DSL,Yes,No,No,No,No,No,No,No,No,E-wallet,No,38.61,1297.21,63.3,4,1,2,1,0,9,20,2,Phone;DSL,1253.21,No
C001359,Female,36,Jawa Barat,13,Month-to-month,Premium,DSL,Yes,Yes,Yes,No,Yes,No,Yes,No,Yes,,Yes,116.66,1513.66,155.4,1,1,0,,0,23,0,6,Phone;Multiple Lines;DSL;Online Security;Streaming TV;Cloud Storage,1493.66,No
C001528,Male,55,Jawa Tengah,42,Month-to-month,Premium,Fiber optic,Yes,Yes,No,No,Yes,Yes,Yes,No,No,Bank transfer (auto),Yes,136.66,5627.9,190.3,0,1,1,,2,9,0,6,Phone;Multiple Lines;Fiber optic;Streaming TV;Streaming Movies;Cloud Storage,5665.9,No
C000579,Female,44,Jabodetabek,51,One year,Basic,Fiber optic,Yes,No,Yes,No,No,No,Yes,No,Yes,Bank transfer (auto),Yes,62.67,2767.04,61.4,1,0,1,3.9,4,5,15,4,Phone;Fiber optic;Online Security;Cloud Storage,2859.04,No
C000004,Male,33,Jabodetabek,56,One year,Standard,Fiber optic,Yes,No,No,No,Yes,Yes,Yes,No,Yes,Credit card (auto),Yes,94.62,5039.37,152.0,1,1,0,,2,7,5,5,Phone;Fiber optic;Streaming TV;Streaming Movies;Cloud Storage,5069.37,No
C000261,Female,55,Jawa Barat,61,One year,Basic,Fiber optic,Yes,Yes,No,No,No,No,No,No,Yes,Cash/retail outlet,No,61.34,3678.38,29.9,0,1,1,3.6,3,5,0,3,Phone;Multiple Lines;Fiber optic,3741.38,No
C000306,Male,36,Jabodetabek,47,One year,Standard,DSL,Yes,No,No,No,No,No,No,No,No,Virtual account,No,67.21,,88.2,2,0,0,3.7,4,3,10,2,Phone;DSL,2858.57,No
C001769,Female,38,Jabodetabek,23,Month-to-month,Basic,Fiber optic,Yes,No,Yes,No,No,No,No,No,Yes,Credit card (auto),Yes,68.5,1399.82,18.6,0,0,0,5,4,0,10,3,Phone;Fiber optic;Online Security,1499.82,No
C001628,Male,41,Bali-Nusa Tenggara,12,One year,Basic,Fiber optic,Yes,No,No,No,Yes,Yes,No,No,No,Virtual account,No,77.53,904.48,66.2,2,2,2,,0,13,5,4,Phone;Fiber optic;Streaming TV;Streaming Movies,864.48,Yes
C000900,Male,25,Jawa Barat,20,One year,Standard,Fiber optic,No,No,No,No,No,No,Yes,No,No,Virtual account,No,81.31,1595.07,65.9,0,1,1,2.8,0,7,0,2,Fiber optic;Cloud Storage,1583.07,No
C000910,Female,24,Jabodetabek,4,Month-to-month,Standard,DSL,Yes,Yes,No,No,Yes,Yes,Yes,No,Yes,Virtual account,No,89.91,342.17,147.6,1,0,0,3.8,4,5,5,6,Phone;Multiple Lines;DSL;Streaming TV;Streaming Movies;Cloud Storage,434.17,No
C000945,Female,39,Jawa Barat,60,One year,Basic,Fiber optic,Yes,Yes,No,No,Yes,No,No,Yes,No,Cash/retail outlet,No,70.42,3988.02,35.2,1,1,1,2.7,3,8,5,5,Phone;Multiple Lines;Fiber optic;Streaming TV;Device Protection,4043.02,No
C001710,Male,35,Sulawesi,29,Month-to-month,Basic,None,Yes,No,No,No,No,No,No,No,No,Credit card (auto),Yes,31.93,947.74,,2,0,1,2.7,2,8,0,1,Phone,981.74,No
C000148,Male,62,Jawa Timur,23,One year,Standard,DSL,No,No,No,Yes,No,No,Yes,No,Yes,Credit card (auto),Yes,81.15,1751.81,98.3,1,0,0,2.6,1,6,5,3,DSL;Tech Support;Cloud Storage,1768.81,No
C000699,Male,19,Jawa Tengah,11,One year,Standard,DSL,Yes,Yes,Yes,No,No,No,No,No,No,Virtual account,No,74.84,837.51,81.9,3,2,0,2.2,1,19,0,4,Phone;Multiple Lines;DSL;Online Security,814.51,No
C000561,Male,62,Jawa Barat,5,Month-to-month,Basic,DSL,Yes,No,No,No,Yes,No,No,Yes,Yes,Virtual account,No,57.35,247.4,43.6,0,0,1,,0,5,15,4,Phone;DSL;Streaming TV;Device Protection,247.4,No
C000289,Male,52,Jawa Barat,24,One year,Standard,None,Yes,No,No,No,No,No,No,No,No,Credit card (auto),Yes,38.41,804.34,,0,1,0,3.2,5,19,15,1,Phone,917.34,No
C000527,Female,28,Jawa Tengah,26,Month-to-month,Standard,Fiber optic,Yes,Yes,No,No,No,Yes,Yes,No,Yes,Credit card (auto),Yes,91.11,2308.62,85.5,0,0,2,4.6,2,2,0,5,Phone;Multiple Lines;Fiber optic;Streaming Movies;Cloud Storage,2358.62,No
C000493,Male,52,Jawa Tengah,34,Month-to-month,Standard,Fiber optic,Yes,No,No,Yes,No,No,No,No,Yes,E-wallet,No,77.9,2137.11,96.9,0,1,0,3.3,1,9,20,3,Phone;Fiber optic;Tech Support,2150.11,No
C000091,Male,52,Sumatera,17,Month-to-month,Standard,DSL,Yes,No,No,No,Yes,No,No,No,No,E-wallet,No,71.58,1104.76,78.3,0,0,0,4.7,3,3,10,3,Phone;DSL;Streaming TV,1179.76,No
C000338,Female,35,Jawa Barat,34,One year,Standard,Fixed wireless,Yes,No,No,No,No,No,No,No,Yes,E-wallet,No,61.93,2133.66,106.9,0,0,0,,1,3,0,2,Phone;Fixed wireless,2158.66,No
C000724,Female,50,Sumatera,27,One year,Premium,DSL,Yes,Yes,Yes,No,Yes,No,No,Yes,Yes,Credit card (auto),Yes,112.27,2944.29,106.1,1,0,0,,2,7,5,6,Phone;Multiple Lines;DSL;Online Security;Streaming TV;Device Protection,2986.29,No
C000085,Female,33,Sulawesi,12,Month-to-month,Basic,DSL,Yes,No,No,No,No,No,No,No,No,E-wallet,No,48.41,511.0,67.9,0,0,1,3.5,0,3,10,2,Phone;DSL,511.0,No
C001317,Female,41,Sumatera,46,Month-to-month,Basic,Fiber optic,Yes,No,No,Yes,Yes,No,Yes,No,Yes,Bank transfer (auto),Yes,77.73,3518.53,58.3,3,0,0,,3,9,0,5,Phone;Fiber optic;Tech Support;Streaming TV;Cloud Storage,3569.53,No
C000874,Male,37,Bali-Nusa Tenggara,23,One year,Premium,Fiber optic,Yes,No,No,No,No,No,No,Yes,Yes,Credit card (auto),Yes,110.88,2031.65,141.0,1,0,2,3.1,3,3,20,3,Phone;Fiber optic;Device Protection,2098.65,Yes
C001325,Female,40,Jabodetabek,24,One year,Standard,Fiber optic,Yes,No,No,No,Yes,No,No,No,Yes,Cash/retail outlet,No,84.26,1988.01,107.0,2,0,1,3.7,3,19,0,3,Phone;Fiber optic;Streaming TV,2047.01,No
C001722,Male,43,Jawa Tengah,56,One year,Basic,Fiber optic,Yes,No,Yes,No,No,Yes,Yes,No,Yes,Bank transfer (auto),Yes,79.0,4485.83,38.8,0,2,0,3.3,4,13,0,5,Phone;Fiber optic;Online Security;Streaming Movies;Cloud Storage,4561.83,No
C000132,Female,29,Jabodetabek,14,One year,Basic,Fiber optic,Yes,No,Yes,Yes,No,No,Yes,No,No,Virtual account,No,62.2,873.41,48.6,0,0,0,4.5,3,2,0,5,Phone;Fiber optic;Online Security;Tech Support;Cloud Storage,948.41,No
C000196,Male,19,Jabodetabek,24,Two year,Standard,Fiber optic,Yes,No,No,Yes,Yes,No,No,Yes,No,Credit card (auto),Yes,98.03,2083.03,67.5,2,0,0,1.9,0,8,10,5,Phone;Fiber optic;Tech Support;Streaming TV;Device Protection,2067.03,No
C001346,Female,44,Jawa Timur,10,One year,Basic,Fiber optic,No,No,Yes,Yes,No,No,No,No,Yes,Virtual account,No,68.03,590.83,31.6,1,2,1,1.8,0,11,15,3,Fiber optic;Online Security;Tech Support,558.83,No
C000521,Female,42,Jawa Barat,16,Month-to-month,Standard,Fiber optic,Yes,Yes,No,No,No,No,Yes,Yes,No,Bank transfer (auto),Yes,90.23,1419.17,107.3,0,0,1,,0,6,0,5,Phone;Multiple Lines;Fiber optic;Cloud Storage;Device Protection,1419.17,Yes
C000646,Female,24,Jabodetabek,40,Month-to-month,Premium,Fixed wireless,Yes,Yes,No,No,Yes,Yes,Yes,No,No,E-wallet,No,118.3,4692.45,168.7,2,1,1,1.9,2,12,0,6,Phone;Multiple Lines;Fixed wireless;Streaming TV;Streaming Movies;Cloud Storage,4714.45,Yes
C001269,Male,22,Sulawesi,18,Month-to-month,Premium,Fiber optic,Yes,Yes,No,Yes,Yes,No,Yes,Yes,No,Bank transfer (auto),Yes,141.77,2359.9,140.1,1,1,0,2.9,1,5,10,7,Phone;Multiple Lines;Fiber optic;Tech Support;Streaming TV;Cloud Storage;Device Protection,2364.9,No
C000116,Female,47,Jabodetabek,22,Month-to-month,Standard,Fixed wireless,Yes,No,Yes,No,Yes,No,Yes,No,No,Cash/retail outlet,No,85.99,1785.81,125.5,1,0,1,3.4,3,3,5,5,Phone;Fixed wireless;Online Security;Streaming TV;Cloud Storage,1852.81,No
C000412,Female,39,Sumatera,44,One year,Premium,Fixed wireless,Yes,Yes,Yes,No,Yes,No,No,No,Yes,E-wallet,No,112.05,4244.02,176.7,3,1,4,2.7,3,12,15,5,Phone;Multiple Lines;Fixed wireless;Online Security;Streaming TV,4283.02,No
C001767,Female,27,Jawa Timur,47,Month-to-month,Standard,DSL,Yes,Yes,No,No,No,Yes,No,No,Yes,Bank transfer (auto),Yes,74.09,3122.23,96.4,2,0,0,3.9,3,9,10,4,Phone;Multiple Lines;DSL;Streaming Movies,3181.23,No
C001698,Male,40,Jawa Timur,54,One year,Basic,DSL,Yes,Yes,No,No,Yes,No,No,No,No,Cash/retail outlet,No,58.19,2496.79,65.1,2,0,0,3.3,4,4,20,4,Phone;Multiple Lines;DSL;Streaming TV,2580.79,No
C000441,Male,50,Sulawesi,29,Month-to-month,Basic,Fiber optic,Yes,No,No,No,Yes,No,No,No,No,Bank transfer (auto),Yes,68.09,1919.6,78.5,1,1,1,,0,5,5,3,Phone;Fiber optic;Streaming TV,1899.6,Yes
C000463,Male,30,Sulawesi,6,Month-to-month,Basic,Fiber optic,Yes,No,No,No,Yes,No,No,No,Yes,Bank transfer (auto),Yes,57.23,351.89,45.5,0,2,1,2.2,1,9,0,3,Phone;Fiber optic;Streaming TV,352.89,No
C000003,Female,29,Jabodetabek,28,Month-to-month,Basic,Fiber optic,Yes,No,Yes,No,No,Yes,No,No,No,Virtual account,No,59.85,1672.83,66.0,2,0,0,3.6,3,4,0,4,Phone;Fiber optic;Online Security;Streaming Movies,1731.83,No
C000569,Male,32,Bali-Nusa Tenggara,27,One year,Premium,Fiber optic,No,No,No,Yes,Yes,Yes,Yes,No,Yes,Bank transfer (auto),Yes,124.89,3289.98,209.3,1,0,0,3.1,2,10,5,5,Fiber optic;Tech Support;Streaming TV;Streaming Movies;Cloud Storage,3331.98,No
C000653,Female,37,Jawa Tengah,26,Two year,Basic,Fixed wireless,Yes,Yes,Yes,Yes,Yes,No,No,No,No,E-wallet,No,80.23,1830.58,34.3,1,0,0,3.5,2,4,10,6,Phone;Multiple Lines;Fixed wireless;Online Security;Tech Support;Streaming TV,1872.58,No
C001948,Female,60,Sulawesi,2,Month-to-month,Standard,DSL,Yes,No,No,Yes,No,No,No,Yes,No,Virtual account,No,84.28,161.0,93.5,0,1,1,2.5,0,16,5,4,Phone;DSL;Tech Support;Device Protection,149.0,Yes
C000171,Male,32,Jawa Barat,52,One year,Standard,Fiber optic,Yes,No,No,No,No,No,No,No,Yes,Virtual account,No,68.24,2941.04,78.7,1,1,1,,3,6,15,2,Phone;Fiber optic,2996.04,No
C000052,Male,34,Jabodetabek,20,Month-to-month,Basic,Fiber optic,Yes,No,No,No,No,Yes,No,No,Yes,Cash/retail outlet,No,60.66,1052.4,38.5,2,1,3,1,0,23,15,3,Phone;Fiber optic;Streaming Movies,1024.4,Yes
C001986,Male,27,Jawa Timur,20,One year,Premium,Fiber optic,No,No,No,No,No,No,No,No,No,Credit card (auto),Yes,103.46,1778.07,169.0,1,1,0,2.6,0,19,15,1,Fiber optic,1758.07,Yes
C001272,Female,37,Jawa Timur,55,Two year,Basic,None,Yes,No,No,No,No,No,No,No,No,Credit card (auto),Yes,28.0,1210.24,,1,0,1,2.9,5,6,20,1,Phone,1327.24,No
C001898,Male,28,Jawa Timur,44,One year,Standard,DSL,Yes,Yes,No,No,Yes,Yes,No,No,No,Virtual account,No,89.35,3635.03,158.4,1,0,1,,2,26,5,5,Phone;Multiple Lines;DSL;Streaming TV;Streaming Movies,3677.03,No
C001505,Male,32,Bali-Nusa Tenggara,29,Month-to-month,Standard,Fiber optic,No,No,No,No,Yes,No,No,Yes,Yes,Bank transfer (auto),Yes,99.18,2802.54,107.8,1,0,1,3.2,2,12,0,3,Fiber optic;Streaming TV;Device Protection,2844.54,No
C000142,Female,26,Jawa Barat,14,Month-to-month,Standard,Fiber optic,Yes,Yes,No,Yes,No,Yes,No,No,Yes,Virtual account,No,93.15,1277.15,120.4,1,1,1,2.1,2,7,0,5,Phone;Multiple Lines;Fiber optic;Tech Support;Streaming Movies,1307.15,No
C001000,Female,43,Sumatera,23,Two year,Standard,Fixed wireless,Yes,Yes,No,No,No,No,Yes,No,No,Credit card (auto),Yes,76.66,1547.71,74.9,5,2,1,1.5,2,10,10,4,Phone;Multiple Lines;Fixed wireless;Cloud Storage,1533.71,No
C000411,Female,69,Sumatera,18,Month-to-month,Basic,Fiber optic,Yes,No,Yes,No,No,Yes,Yes,No,Yes,Bank transfer (auto),Yes,77.42,1264.3,33.6,1,0,1,3.6,2,6,10,5,Phone;Fiber optic;Online Security;Streaming Movies;Cloud Storage,1306.3,No
C001493,Female,54,Jawa Barat,26,One year,Premium,Fiber optic,Yes,No,No,No,Yes,No,No,Yes,No,Cash/retail outlet,No,112.99,2733.38,170.1,2,0,2,3.4,1,3,5,4,Phone;Fiber optic;Streaming TV;Device Protection,2742.38,Yes
C000555,Female,37,Sumatera,22,Month-to-month,Standard,DSL,No,No,No,No,No,Yes,No,Yes,No,Credit card (auto),Yes,78.97,1756.07,148.7,3,2,0,1.6,0,17,0,3,DSL;Streaming Movies;Device Protection,1708.07,No
C001011,Female,45,Jawa Barat,60,Two year,Standard,Fixed wireless,Yes,Yes,No,Yes,No,Yes,No,Yes,No,Credit card (auto),Yes,92.36,4964.26,131.8,2,1,0,2.6,3,22,10,6,Phone;Multiple Lines;Fixed wireless;Tech Support;Streaming Movies;Device Protection,5011.26,No
C001414,Female,65,Sulawesi,41,Two year,Basic,Fiber optic,Yes,No,No,Yes,No,No,No,No,No,E-wallet,No,59.97,2066.13,85.2,1,0,2,3.4,0,5,15,3,Phone;Fiber optic;Tech Support,2058.13,No
C001036,Female,38,Jawa Tengah,53,One year,Basic,DSL,Yes,Yes,No,No,No,No,Yes,Yes,Yes,E-wallet,No,63.31,2768.05,42.6,0,0,0,,1,2,15,5,Phone;Multiple Lines;DSL;Cloud Storage;Device Protection,2793.05,No
C001865,Male,57,Jawa Barat,50,One year,Standard,Fiber optic,Yes,Yes,Yes,No,Yes,Yes,No,Yes,Yes,,Yes,112.23,5531.29,78.3,2,2,1,1.8,2,11,0,7,Phone;Multiple Lines;Fiber optic;Online Security;Streaming TV;Streaming Movies;Device Protection,5541.29,Yes
C001371,Female,68,Jabodetabek,29,Two year,Basic,DSL,Yes,No,No,Yes,No,Yes,No,Yes,Yes,E-wallet,No,68.27,1784.01,56.5,0,1,1,,3,6,10,5,Phone;DSL;Tech Support;Streaming Movies;Device Protection,1847.01,No
C001470,Female,35,Jawa Timur,11,Month-to-month,Standard,DSL,No,No,No,No,Yes,No,No,No,Yes,Credit card (auto),Yes,80.52,833.09,97.5,2,0,2,2.0,0,8,5,2,DSL;Streaming TV,817.09,No
C000096,Male,66,Jawa Tengah,19,Month-to-month,Standard,Fiber optic,Yes,No,No,No,No,No,No,No,Yes,Virtual account,No,76.63,1496.7,80.4,0,1,1,2.8,1,9,0,2,Phone;Fiber optic,1509.7,No
C000658,Male,23,Jawa Tengah,18,Two year,Standard,DSL,Yes,No,No,Yes,No,No,No,No,Yes,Virtual account,No,78.48,1246.74,73.4,1,0,0,4.0,2,2,10,3,Phone;DSL;Tech Support,1288.74,No
C001955,Male,58,Jawa Timur,19,Month-to-month,Standard,DSL,Yes,No,No,No,Yes,No,No,No,Yes,Bank transfer (auto),Yes,73.24,1372.12,109.2,0,0,1,3.8,2,5,0,3,Phone;DSL;Streaming TV,1422.12,No
C000489,Male,21,Bali-Nusa Tenggara,51,One year,Premium,Fiber optic,Yes,No,Yes,Yes,Yes,No,Yes,No,No,Credit card (auto),Yes,128.65,5267.24,160.2,1,1,0,1.7,2,8,20,6,Phone;Fiber optic;Online Security;Tech Support;Streaming TV;Cloud Storage,5297.24,No
C001982,Female,60,Jabodetabek,46,Two year,Premium,Fiber optic,Yes,Yes,No,No,No,No,Yes,No,Yes,E-wallet,No,121.6,4951.5,163.0,1,1,0,2.6,3,6,10,4,Phone;Multiple Lines;Fiber optic;Cloud Storage,5006.5,Yes
C001017,Female,50,Jawa Timur,18,Two year,Standard,Fixed wireless,Yes,Yes,Yes,No,No,No,Yes,No,Yes,Bank transfer (auto),Yes,87.67,1309.2,87.1,1,0,2,3.1,2,4,15,5,Phone;Multiple Lines;Fixed wireless;Online Security;Cloud Storage,1351.2,No
C001741,Male,61,Sulawesi,48,Two year,Basic,DSL,Yes,No,No,No,No,No,No,No,Yes,Credit card (auto),Yes,44.35,1931.42,28.3,3,0,1,,1,5,10,2,Phone;DSL,1932.42,No
C000016,Male,39,Jabodetabek,10,One year,Standard,Fiber optic,Yes,No,Yes,Yes,No,Yes,No,No,Yes,E-wallet,No,97.29,764.71,92.0,4,1,1,1,0,9,20,5,Phone;Fiber optic;Online Security;Tech Support;Streaming Movies,720.71,Yes
C001156,Male,62,Jawa Timur,40,Month-to-month,Premium,Fiber optic,No,No,No,Yes,Yes,Yes,No,No,No,Virtual account,No,119.62,4559.05,148.5,0,0,1,,2,3,5,4,Fiber optic;Tech Support;Streaming TV;Streaming Movies,4609.05,Yes
C000156,Male,39,Jawa Tengah,23,One year,Premium,Fiber optic,Yes,Yes,Yes,No,Yes,Yes,Yes,No,Yes,Bank transfer (auto),Yes,132.22,2682.27,127.6,1,0,1,4.0,2,6,10,7,Phone;Multiple Lines;Fiber optic;Online Security;Streaming TV;Streaming Movies;Cloud Storage,2724.27,No
C000509,Female,41,Sumatera,23,One year,Basic,DSL,Yes,Yes,No,No,No,Yes,No,Yes,Yes,E-wallet,No,65.78,1481.8,71.8,3,0,0,2.3,2,5,0,5,Phone;Multiple Lines;DSL;Streaming Movies;Device Protection,1507.8,No
C000473,Female,35,Jabodetabek,38,One year,Basic,Fixed wireless,Yes,No,No,No,No,No,Yes,No,Yes,Credit card (auto),Yes,55.95,2132.71,16.4,0,1,0,3.7,3,7,0,3,Phone;Fixed wireless;Cloud Storage,2195.71,No
C000024,Male,40,Bali-Nusa Tenggara,67,Month-to-month,Standard,None,Yes,Yes,No,No,No,No,No,No,Yes,Credit card (auto),Yes,58.76,3467.5,,1,1,0,2.8,1,12,10,2,Phone;Multiple Lines,3472.5,No
C000581,Female,48,Jawa Barat,29,Month-to-month,Basic,DSL,Yes,Yes,No,No,No,No,No,No,Yes,Cash/retail outlet,No,51.3,1262.9,26.5,1,0,1,3.1,1,5,15,3,Phone;Multiple Lines;DSL,1279.9,No
C001188,Female,47,Jabodetabek,59,One year,Standard,Fiber optic,Yes,No,Yes,No,Yes,No,No,No,Yes,Virtual account,No,91.94,5215.08,162.1,1,1,1,3.0,1,16,5,4,Phone;Fiber optic;Online Security;Streaming TV,5220.08,No
C000804,Female,50,Jawa Barat,22,Month-to-month,Standard,Fiber optic,Yes,No,Yes,No,No,No,Yes,Yes,Yes,E-wallet,No,89.95,1771.51,47.7,2,1,2,2.0,2,6,10,5,Phone;Fiber optic;Online Security;Cloud Storage;Device Protection,1793.51,Yes
C001780,Male,45,Jawa Barat,27,Month-to-month,Standard,None,Yes,Yes,No,No,No,No,No,No,No,E-wallet,No,49.99,1149.85,,0,0,0,4.3,0,4,15,2,Phone;Multiple Lines,1149.85,No
C001859,Male,29,Jawa Timur,7,Month-to-month,Standard,Fiber optic,Yes,No,No,Yes,No,No,Yes,No,Yes,Cash/retail outlet,No,83.46,509.39,37.9,2,1,1,2.8,0,15,15,4,Phone;Fiber optic;Tech Support;Cloud Storage,481.39,Yes
C001692,Male,56,Jawa Timur,58,Month-to-month,Standard,Fiber optic,No,No,No,No,Yes,No,Yes,No,No,Virtual account,No,79.15,4121.42,159.7,0,0,1,4.8,4,1,10,3,Fiber optic;Streaming TV;Cloud Storage,4221.42,No
C000990,Male,45,Jawa Barat,20,Two year,Basic,Fixed wireless,Yes,No,No,No,No,Yes,Yes,No,Yes,E-wallet,No,61.55,1131.63,89.7,0,1,2,,1,13,10,4,Phone;Fixed wireless;Streaming Movies;Cloud Storage,1144.63,No
C001664,Female,44,Jabodetabek,54,Two year,Basic,Fiber optic,Yes,Yes,Yes,No,Yes,No,Yes,No,Yes,Cash/retail outlet,No,79.13,3545.66,25.0,1,1,3,2.7,3,10,15,6,Phone;Multiple Lines;Fiber optic;Online Security;Streaming TV;Cloud Storage,3600.66,No
C001386,Female,35,Jabodetabek,12,One year,Standard,Fiber optic,Yes,Yes,No,Yes,Yes,No,Yes,No,Yes,Credit card (auto),Yes,105.37,1230.34,109.0,2,1,0,2.9,0,15,0,6,Phone;Multiple Lines;Fiber optic;Tech Support;Streaming TV;Cloud Storage,1202.34,No
C000418,Female,25,Jabodetabek,46,One year,Basic,Fixed wireless,Yes,Yes,No,No,Yes,No,No,Yes,Yes,Cash/retail outlet,No,72.41,2722.07,72.6,0,0,1,,1,23,20,5,Phone;Multiple Lines;Fixed wireless;Streaming TV;Device Protection,2747.07,No
C000034,Female,20,Jawa Barat,13,Month-to-month,Standard,Fixed wireless,Yes,No,No,Yes,No,No,No,No,No,Credit card (auto),Yes,65.66,791.85,75.0,0,1,0,3.1,3,9,5,3,Phone;Fixed wireless;Tech Support,854.85,No
C000632,Female,68,Bali-Nusa Tenggara,27,Month-to-month,Standard,Fiber optic,Yes,Yes,Yes,No,No,Yes,No,No,Yes,Bank transfer (auto),Yes,88.66,2339.01,104.0,1,1,0,2.6,1,11,0,5,Phone;Multiple Lines;Fiber optic;Online Security;Streaming Movies,2344.01,Yes
C000065,Female,32,Jabodetabek,39,One year,Basic,DSL,Yes,No,Yes,Yes,Yes,No,No,No,No,Credit card (auto),Yes,72.22,2862.42,35.3,1,0,0,2.8,3,8,0,5,Phone;DSL;Online Security;Tech Support;Streaming TV,2929.42,No
C001732,Female,34,Jawa Barat,65,One year,Basic,DSL,Yes,No,No,Yes,Yes,No,No,No,No,Credit card (auto),Yes,59.52,3930.24,94.2,0,2,1,3.4,4,14,0,4,Phone;DSL;Tech Support;Streaming TV,4006.24,Yes
C001255,Male,44,Jawa Timur,55,Two year,Standard,Fiber optic,Yes,No,No,No,Yes,No,No,No,Yes,Bank transfer (auto),Yes,84.5,4066.28,100.0,3,1,0,1.6,2,7,10,3,Phone;Fiber optic;Streaming TV,4080.28,No
C001443,Female,41,Jabodetabek,29,Month-to-month,Standard,Fiber optic,Yes,No,No,Yes,Yes,Yes,No,No,No,Credit card (auto),Yes,96.51,2538.7,76.5,3,0,0,2.4,1,4,10,5,Phone;Fiber optic;Tech Support;Streaming TV;Streaming Movies,2539.7,No
C001580,Female,35,Jawa Tengah,61,One year,Standard,Fiber optic,Yes,No,No,No,Yes,Yes,Yes,No,No,Cash/retail outlet,No,87.79,5367.66,149.5,2,0,1,3.2,2,5,0,5,Phone;Fiber optic;Streaming TV;Streaming Movies;Cloud Storage,5401.66,No
C001204,Male,53,Jawa Tengah,21,Month-to-month,Basic,Fiber optic,Yes,No,No,No,No,Yes,No,No,Yes,Credit card (auto),Yes,59.53,1140.28,42.5,2,0,0,4.0,3,4,10,3,Phone;Fiber optic;Streaming Movies,1199.28,No
C000607,Female,38,Sumatera,36,One year,Standard,None,Yes,Yes,No,No,No,No,No,No,Yes,Bank transfer (auto),Yes,53.66,1797.33,,1,2,0,3.1,4,8,5,2,Phone;Multiple Lines,1865.33,No
C000676,Female,52,Jabodetabek,24,Month-to-month,Standard,DSL,Yes,No,Yes,Yes,Yes,Yes,No,No,Yes,Credit card (auto),Yes,95.46,2053.19,111.1,3,2,1,1,2,10,10,6,Phone;DSL;Online Security;Tech Support;Streaming TV;Streaming Movies,2055.19,Yes
C001266,Female,34,Jabodetabek,32,One year,Standard,Fixed wireless,Yes,No,No,No,Yes,No,No,No,Yes,Virtual account,No,74.23,2392.28,105.1,1,1,2,4.4,2,9,0,3,Phone;Fixed wireless;Streaming TV,2422.28,No
C000761,Female,32,Jabodetabek,15,One year,Standard,DSL,Yes,Yes,No,No,No,No,Yes,No,Yes,Bank transfer (auto),Yes,76.33,1033.56,72.1,1,0,0,,0,9,10,4,Phone;Multiple Lines;DSL;Cloud Storage,1025.56,No
C000367,Female,34,Kalimantan,17,Month-to-month,Basic,None,Yes,No,No,No,No,No,No,No,Yes,Bank transfer (auto),Yes,27.08,443.75,,1,0,1,3.1,1,8,5,1,Phone,460.75,No
C001227,Female,22,Bali-Nusa Tenggara,37,Two year,Standard,Fixed wireless,Yes,Yes,No,Yes,Yes,Yes,No,Yes,No,Cash/retail outlet,No,106.79,3155.57,92.3,2,1,2,2.0,2,9,20,7,Phone;Multiple Lines;Fixed wireless;Tech Support;Streaming TV;Streaming Movies;Device Protection,3177.57,Yes
C001287,Female,40,Jawa Timur,47,Month-to-month,Basic,None,Yes,No,No,No,No,No,No,No,Yes,E-wallet,No,24.01,1093.62,,3,1,3,1.7,2,9,5,1,Phone,1107.62,No
C001674,Female,58,Jabodetabek,40,Two year,Standard,None,Yes,No,No,No,No,No,No,No,Yes,Virtual account,No,42.38,1511.01,,2,0,1,3.1,2,5,10,1,Phone,1545.01,No
C001844,Female,31,Sumatera,21,Month-to-month,Standard,None,No,No,No,No,No,No,No,No,No,Virtual account,No,47.99,792.83,,0,1,1,4.1,1,6,20,0,,805.83,No
C001087,Male,57,Jabodetabek,29,Month-to-month,Basic,DSL,Yes,No,No,No,No,Yes,Yes,Yes,Yes,Cash/retail outlet,No,59.24,1731.98,56.3,0,1,0,3.3,2,11,0,5,Phone;DSL;Streaming Movies;Cloud Storage;Device Protection,1769.98,No
C001121,Female,39,Bali-Nusa Tenggara,34,Two year,Standard,Fixed wireless,Yes,Yes,Yes,Yes,No,No,No,Yes,Yes,Credit card (auto),Yes,90.56,2767.23,50.1,2,0,0,3.7,2,7,10,6,Phone;Multiple Lines;Fixed wireless;Online Security;Tech Support;Device Protection,2801.23,No
C001373,Male,23,Jawa Barat,30,One year,Standard,Fiber optic,Yes,No,No,No,Yes,Yes,No,Yes,Yes,Virtual account,No,95.2,2877.56,93.0,3,0,1,,2,7,0,5,Phone;Fiber optic;Streaming TV;Streaming Movies;Device Protection,2903.56,No
C000639,Male,35,Jabodetabek,62,Month-to-month,Standard,DSL,Yes,No,No,Yes,No,No,No,No,Yes,Cash/retail outlet,No,71.46,4395.14,86.5,1,0,1,3.2,3,9,0,3,Phone;DSL;Tech Support,4462.14,No
C001221,Female,31,Jawa Tengah,38,One year,Basic,DSL,Yes,No,No,No,No,No,No,No,No,Credit card (auto),Yes,44.06,1508.07,52.5,1,1,1,1.1,0,13,10,2,Phone;DSL,1488.07,No
C000930,Female,60,Jabodetabek,27,One year,Premium,Fiber optic,Yes,No,Yes,No,No,Yes,No,No,Yes,Credit card (auto),Yes,117.85,3093.05,166.2,0,1,0,3.6,1,5,5,4,Phone;Fiber optic;Online Security;Streaming Movies,3106.05,No
C000823,Male,44,Sumatera,17,Month-to-month,Standard,Fixed wireless,Yes,No,Yes,No,No,No,Yes,No,Yes,E-wallet,No,79.8,1381.55,94.3,2,2,1,2.4,0,9,0,4,Phone;Fixed wireless;Online Security;Cloud Storage,1341.55,Yes
C000518,Male,60,Sumatera,59,Two year,Premium,DSL,Yes,Yes,No,No,Yes,Yes,No,Yes,Yes,Virtual account,No,108.6,5863.45,180.6,2,1,1,,4,10,10,6,Phone;Multiple Lines;DSL;Streaming TV;Streaming Movies;Device Protection,5935.45,Yes
C000693,Male,38,Jabodetabek,27,Month-to-month,Standard,Fiber optic,Yes,No,No,No,No,Yes,No,No,Yes,E-wallet,No,88.56,2245.24,72.1,2,2,2,,2,10,5,3,Phone;Fiber optic;Streaming Movies,2255.24,Yes
C001556,Female,48,Bali-Nusa Tenggara,18,Month-to-month,Standard,DSL,Yes,No,No,No,No,Yes,Yes,No,Yes,Bank transfer (auto),Yes,84.34,1273.53,104.5,2,0,1,3.8,0,7,15,4,Phone;DSL;Streaming Movies;Cloud Storage,1257.53,No
C000309,Male,34,Jawa Barat,64,Two year,Standard,DSL,Yes,Yes,No,No,No,No,No,No,Yes,Credit card (auto),Yes,66.94,3772.58,150.0,2,0,1,2.8,3,7,10,3,Phone;Multiple Lines;DSL,3831.58,No
C000772,Male,51,Jawa Timur,35,Month-to-month,Premium,Fiber optic,Yes,No,No,No,No,Yes,Yes,No,Yes,E-wallet,No,127.58,4347.47,152.1,2,2,1,1.5,1,24,0,4,Phone;Fiber optic;Streaming Movies;Cloud Storage,4332.47,Yes
C001969,Male,52,Jawa Tengah,20,One year,Premium,Fixed wireless,Yes,Yes,Yes,Yes,No,No,Yes,Yes,Yes,Virtual account,No,120.31,2409.66,131.1,1,0,0,4.1,1,4,0,7,Phone;Multiple Lines;Fixed wireless;Online Security;Tech Support;Cloud Storage;Device Protection,2426.66,No
C000611,Female,60,Sumatera,42,Month-to-month,Standard,DSL,Yes,Yes,No,No,No,No,No,No,No,Credit card (auto),Yes,77.98,2719.09,105.2,1,1,0,4.2,3,4,15,3,Phone;Multiple Lines;DSL,2774.09,No
C000168,Female,51,Jabodetabek,21,One year,Basic,Fiber optic,Yes,No,No,No,Yes,Yes,Yes,No,Yes,Cash/retail outlet,No,79.31,1686.24,63.2,3,1,1,2.5,2,6,0,5,Phone;Fiber optic;Streaming TV;Streaming Movies;Cloud Storage,1700.24,Yes
C000480,Male,41,Sumatera,48,Two year,Standard,DSL,Yes,Yes,Yes,No,Yes,No,No,No,No,Bank transfer (auto),Yes,86.84,3676.14,66.4,2,1,0,3.7,4,7,10,5,Phone;Multiple Lines;DSL;Online Security;Streaming TV,3748.14,No
C000462,Female,26,Sumatera,49,Two year,Basic,Fixed wireless,Yes,Yes,Yes,Yes,No,No,No,No,Yes,Bank transfer (auto),Yes,62.98,2757.55,28.3,0,0,1,3.6,3,4,10,5,Phone;Multiple Lines;Fixed wireless;Online Security;Tech Support,2832.55,No
C000519,Female,36,Jawa Tengah,36,One year,Standard,Fiber optic,Yes,Yes,No,Yes,Yes,No,No,No,Yes,E-wallet,No,99.08,3194.81,73.2,0,0,1,4.5,2,3,10,5,Phone;Multiple Lines;Fiber optic;Tech Support;Streaming TV,3244.81,No
C000539,Male,54,Jawa Timur,47,Month-to-month,Standard,Fiber optic,Yes,No,No,No,No,No,No,Yes,Yes,Bank transfer (auto),Yes,84.46,4073.56,99.4,0,0,1,3.4,2,7,0,3,Phone;Fiber optic;Device Protection,4123.56,No
C000583,Female,58,Bali-Nusa Tenggara,20,Month-to-month,Basic,Fixed wireless,Yes,No,No,No,Yes,No,No,No,Yes,Bank transfer (auto),Yes,49.99,986.15,89.3,0,0,2,3.8,2,14,0,3,Phone;Fixed wireless;Streaming TV,1036.15,No
C001949,Male,30,Sulawesi,26,Month-to-month,Standard,DSL,Yes,No,Yes,No,Yes,No,Yes,No,Yes,Bank transfer (auto),Yes,89.87,2256.19,90.2,0,1,0,3.5,4,16,5,5,Phone;DSL;Online Security;Streaming TV;Cloud Storage,2344.19,No
C001719,Female,38,Jawa Tengah,41,One year,Standard,DSL,Yes,Yes,No,No,No,No,No,No,Yes,Credit card (auto),Yes,66.0,2367.36,70.8,1,0,0,3.0,3,11,10,3,Phone;Multiple Lines;DSL,2434.36,No
C001380,Female,49,Jabodetabek,13,Month-to-month,Standard,Fiber optic,Yes,No,No,No,Yes,No,No,No,Yes,E-wallet,No,89.69,1156.28,100.0,0,0,2,3.2,2,6,0,3,Phone;Fiber optic;Streaming TV,1206.28,No
C001122,Male,37,Jawa Timur,37,One year,Premium,Fixed wireless,Yes,Yes,No,No,Yes,No,No,Yes,No,Bank transfer (auto),Yes,108.42,4020.69,165.4,1,0,1,3.2,3,13,0,5,Phone;Multiple Lines;Fixed wireless;Streaming TV;Device Protection,4087.69,No
C000901,Female,59,Kalimantan,15,One year,Standard,Fiber optic,Yes,No,No,No,Yes,No,No,No,No,Bank transfer (auto),Yes,86.2,1013.14,124.2,1,0,0,4.0,4,6,20,3,Phone;Fiber optic;Streaming TV,1105.14,No
C000159,Male,19,Sulawesi,24,Two year,Basic,DSL,Yes,No,Yes,Yes,No,No,Yes,Yes,Yes,Credit card (auto),Yes,65.74,1251.16,9.5,2,1,0,2.9,1,15,20,6,Phone;DSL;Online Security;Tech Support;Cloud Storage;Device Protection,1248.16,No
C001879,Male,32,Jawa Barat,38,Month-to-month,Premium,DSL,No,No,No,No,No,No,No,No,No,Virtual account,No,86.41,2561.89,126.2,3,1,2,,1,8,20,1,DSL,2550.89,Yes
C000059,Female,38,Jabodetabek,10,One year,Standard,Fixed wireless,Yes,Yes,Yes,No,No,Yes,No,No,Yes,E-wallet,No,90.94,891.05,117.3,1,1,0,2.4,1,11,0,5,Phone;Multiple Lines;Fixed wireless;Online Security;Streaming Movies,896.05,Yes
C001514,Female,25,Bali-Nusa Tenggara,58,One year,Standard,Fiber optic,Yes,No,No,Yes,No,No,Yes,No,Yes,Cash/retail outlet,No,85.87,4340.19,104.0,1,1,3,3.0,2,6,15,4,Phone;Fiber optic;Tech Support;Cloud Storage,4370.19,No
C000424,Female,54,Jawa Tengah,22,One year,Premium,Fiber optic,Yes,No,Yes,No,No,Yes,No,Yes,Yes,Cash/retail outlet,No,119.56,2642.48,149.0,2,1,1,2.4,0,11,0,5,Phone;Fiber optic;Online Security;Streaming Movies;Device Protection,2614.48,No
C000320,Male,48,Jawa Tengah,49,Month-to-month,Basic,Fiber optic,Yes,No,Yes,No,Yes,No,No,Yes,Yes,E-wallet,No,66.83,3271.32,59.4,1,1,2,,2,14,0,5,Phone;Fiber optic;Online Security;Streaming TV;Device Protection,3301.32,Yes
C000312,Female,69,Sumatera,46,One year,Basic,Fiber optic,Yes,No,No,No,Yes,No,Yes,No,No,E-wallet,No,70.21,3052.44,52.7,0,0,1,4.1,3,2,5,4,Phone;Fiber optic;Streaming TV;Cloud Storage,3127.44,No
C000883,Female,30,Jabodetabek,17,Month-to-month,Standard,Fiber optic,Yes,No,Yes,No,No,No,No,No,No,Bank transfer (auto),Yes,83.4,1176.03,103.6,0,1,1,,2,4,15,3,Phone;Fiber optic;Online Security,1214.03,No
C000683,Male,27,Jabodetabek,33,Two year,Premium,Fiber optic,Yes,No,Yes,No,No,Yes,No,No,No,Bank transfer (auto),Yes,118.9,3617.89,132.9,1,1,1,,2,6,10,4,Phone;Fiber optic;Online Security;Streaming Movies,3647.89,No
C000284,Female,62,Jawa Tengah,24,Month-to-month,Basic,Fixed wireless,Yes,Yes,No,No,Yes,Yes,No,Yes,No,Credit card (auto),Yes,74.59,1585.28,116.4,1,0,0,,3,15,10,6,Phone;Multiple Lines;Fixed wireless;Streaming TV;Streaming Movies;Device Protection,1652.28,No
C000060,Male,31,Sumatera,22,One year,Premium,Fiber optic,Yes,No,No,No,Yes,No,Yes,Yes,Yes,Credit card (auto),Yes,121.25,2347.55,182.8,1,1,0,3.3,1,4,10,5,Phone;Fiber optic;Streaming TV;Cloud Storage;Device Protection,2352.55,No
C000657,Male,40,Jawa Tengah,12,Month-to-month,Basic,None,Yes,No,No,No,No,No,No,No,Yes,Virtual account,No,23.15,238.95,,1,0,1,2.7,1,5,15,1,Phone,255.95,No
C001598,Female,57,Jawa Barat,12,One year,Premium,Fixed wireless,Yes,No,No,No,Yes,Yes,Yes,Yes,Yes,E-wallet,No,122.89,1504.8,188.6,1,0,2,3.6,1,32,0,6,Phone;Fixed wireless;Streaming TV;Streaming Movies;Cloud Storage;Device Protection,1521.8,Yes
C001522,Male,72,Jabodetabek,54,Two year,Standard,DSL,Yes,Yes,No,Yes,Yes,Yes,No,No,Yes,E-wallet,No,97.68,4734.11,127.6,1,0,1,3.6,4,3,10,6,Phone;Multiple Lines;DSL;Tech Support;Streaming TV;Streaming Movies,4826.11,No
C001585,Male,57,Jabodetabek,37,Month-to-month,Basic,None,Yes,No,No,No,No,No,No,No,No,Virtual account,No,30.4,1049.15,,0,2,2,,1,8,5,1,Phone,1050.15,Yes
C001976,Male,52,Jawa Tengah,42,Month-to-month,Standard,Fiber optic,Yes,No,No,No,No,No,No,No,Yes,Virtual account,No,77.0,3161.42,94.4,2,0,1,2.8,2,6,5,2,Phone;Fiber optic,3195.42,No
C001012,Female,21,Jabodetabek,21,Two year,Premium,None,Yes,Yes,No,No,No,No,No,No,Yes,Cash/retail outlet,No,76.55,1446.56,,1,1,0,3.5,2,12,10,2,Phone;Multiple Lines,1476.56,No
C000680,Male,40,Jabodetabek,28,One year,Standard,Fiber optic,Yes,No,No,No,No,Yes,Yes,No,Yes,Bank transfer (auto),Yes,84.9,2049.31,117.8,0,0,0,3.4,2,3,15,4,Phone;Fiber optic;Streaming Movies;Cloud Storage,2099.31,No
C000702,Male,41,Jawa Tengah,15,Month-to-month,Standard,Fiber optic,Yes,No,Yes,No,Yes,No,Yes,No,Yes,Bank transfer (auto),Yes,88.01,1332.06,128.6,1,0,1,,3,9,0,5,Phone;Fiber optic;Online Security;Streaming TV;Cloud Storage,1399.06,No
C001823,Female,46,Bali-Nusa Tenggara,29,Month-to-month,Premium,Fiber optic,Yes,No,Yes,No,No,No,Yes,No,No,Virtual account,No,118.12,2975.29,134.6,1,0,0,3.1,1,6,15,4,Phone;Fiber optic;Online Security;Cloud Storage,2992.29,No
C001486,Female,23,Sulawesi,61,Month-to-month,Premium,Fiber optic,Yes,No,Yes,No,Yes,Yes,No,No,No,Credit card (auto),Yes,124.47,7649.5,186.1,1,0,0,2.9,4,7,0,5,Phone;Fiber optic;Online Security;Streaming TV;Streaming Movies,7741.5,No
C000825,Female,70,Jabodetabek,37,One year,Basic,Fixed wireless,No,No,Yes,No,No,No,No,Yes,No,Credit card (auto),Yes,57.96,2105.11,59.0,0,0,1,3.7,1,12,0,3,Fixed wireless;Online Security;Device Protection,2130.11,No
C001857,Male,39,Jawa Tengah,42,Two year,Basic,None,Yes,Yes,No,No,No,No,No,No,No,Bank transfer (auto),Yes,29.65,1138.13,,0,1,0,,4,4,10,2,Phone;Multiple Lines,1226.13,No
C000303,Female,52,Jabodetabek,29,One year,Premium,DSL,Yes,No,Yes,No,No,No,No,No,Yes,E-wallet,No,99.13,2634.27,137.6,0,0,1,3.6,1,6,10,3,Phone;DSL;Online Security,2659.27,No
C000847,Male,36,Jawa Timur,19,Month-to-month,Basic,DSL,Yes,No,Yes,Yes,No,Yes,No,No,No,Virtual account,No,63.54,1016.61,71.0,3,0,2,3.0,0,5,15,5,Phone;DSL;Online Security;Tech Support;Streaming Movies,992.61,No
C000381,Female,31,Jabodetabek,16,Month-to-month,Basic,Fiber optic,Yes,Yes,No,No,No,No,No,No,Yes,E-wallet,No,62.17,912.01,66.4,2,2,1,1.5,0,10,10,3,Phone;Multiple Lines;Fiber optic,872.01,Yes
C001067,Female,26,Kalimantan,52,One year,Premium,DSL,Yes,No,No,Yes,No,No,No,No,Yes,Virtual account,No,89.65,4611.52,174.6,3,1,2,2.2,0,17,0,3,Phone;DSL;Tech Support,4575.52,Yes
C001405,Female,23,Jawa Barat,55,Two year,Standard,DSL,Yes,Yes,No,No,No,Yes,Yes,Yes,No,Cash/retail outlet,No,87.61,4459.97,92.8,1,1,0,,2,4,10,6,Phone;Multiple Lines;DSL;Streaming Movies;Cloud Storage;Device Protection,4489.97,No
C001565,Male,40,Jabodetabek,31,Two year,Premium,Fiber optic,Yes,Yes,No,No,No,No,No,No,Yes,Virtual account,No,109.56,3129.82,164.0,1,0,2,,2,2,10,3,Phone;Multiple Lines;Fiber optic,3171.82,No
C000175,Female,36,Jabodetabek,16,Month-to-month,Standard,Fiber optic,Yes,No,No,Yes,No,No,Yes,No,No,Bank transfer (auto),Yes,86.65,1404.82,77.3,1,0,1,4.0,0,3,0,4,Phone;Fiber optic;Tech Support;Cloud Storage,1396.82,No
C000625,Female,40,Jawa Tengah,32,Month-to-month,Standard,DSL,Yes,Yes,No,No,No,Yes,Yes,Yes,Yes,Bank transfer (auto),Yes,88.68,2744.69,76.9,2,1,0,2.9,2,7,5,6,Phone;Multiple Lines;DSL;Streaming Movies;Cloud Storage;Device Protection,2766.69,No
C001249,Male,32,Jawa Barat,23,Month-to-month,Standard,Fiber optic,Yes,Yes,No,Yes,Yes,Yes,Yes,No,No,Credit card (auto),Yes,114.5,2361.46,146.2,3,2,1,1.7,1,12,10,7,Phone;Multiple Lines;Fiber optic;Tech Support;Streaming TV;Streaming Movies;Cloud Storage,2338.46,Yes
C000565,Female,33,Jawa Timur,14,One year,Standard,Fiber optic,No,No,No,No,Yes,No,No,No,Yes,E-wallet,No,79.26,981.68,119.1,1,1,1,3.4,2,5,10,2,Fiber optic;Streaming TV,1011.68,No
C001790,Female,57,Jawa Tengah,31,Two year,Basic,Fiber optic,Yes,Yes,No,Yes,Yes,Yes,No,No,Yes,Cash/retail outlet,No,84.92,2315.15,101.1,1,1,1,2.3,2,14,10,6,Phone;Multiple Lines;Fiber optic;Tech Support;Streaming TV;Streaming Movies,2345.15,No
C001526,Male,50,Jabodetabek,17,Month-to-month,Standard,DSL,Yes,Yes,No,No,No,Yes,Yes,No,Yes,Virtual account,No,82.73,1209.58,88.5,2,2,1,1.6,0,10,15,5,Phone;Multiple Lines;DSL;Streaming Movies;Cloud Storage,1169.58,Yes
C000660,Male,56,Jawa Timur,24,Two year,Standard,Fiber optic,Yes,Yes,No,No,No,No,Yes,Yes,Yes,Credit card (auto),Yes,85.55,1845.83,72.4,1,1,0,3.2,0,5,10,5,Phone;Multiple Lines;Fiber optic;Cloud Storage;Device Protection,1825.83,No
C001448,Female,38,Kalimantan,28,One year,Basic,DSL,No,No,No,Yes,No,No,Yes,No,Yes,E-wallet,No,53.44,1460.26,28.3,0,1,0,4.0,3,4,0,3,DSL;Tech Support;Cloud Storage,1523.26,No
C000630,Male,50,Jawa Timur,29,Two year,Basic,Fiber optic,Yes,Yes,No,No,No,No,No,No,No,E-wallet,No,64.13,1679.91,68.4,3,1,2,1.4,2,11,10,3,Phone;Multiple Lines;Fiber optic,1693.91,No
C001309,Female,50,Jawa Barat,35,Two year,Standard,Fiber optic,Yes,Yes,No,No,Yes,No,Yes,No,Yes,Credit card (auto),Yes,102.88,3176.55,126.7,0,1,0,,2,21,10,5,Phone;Multiple Lines;Fiber optic;Streaming TV;Cloud Storage,3214.55,No
C000077,Female,49,Sumatera,27,Two year,Standard,DSL,Yes,Yes,Yes,No,Yes,No,Yes,Yes,Yes,Credit card (auto),Yes,92.77,2150.6,87.9,2,1,2,,2,5,15,7,Phone;Multiple Lines;DSL;Online Security;Streaming TV;Cloud Storage;Device Protection,2172.6,No
C001054,Male,35,Jawa Barat,30,One year,Standard,Fiber optic,Yes,No,No,No,No,No,Yes,Yes,Yes,E-wallet,No,89.33,2594.72,51.9,1,0,2,4.2,4,6,5,4,Phone;Fiber optic;Cloud Storage;Device Protection,2686.72,No
C000916,Male,42,Jabodetabek,31,Two year,Basic,Fiber optic,Yes,Yes,Yes,Yes,No,No,Yes,Yes,Yes,Virtual account,No,79.37,2150.14,59.0,4,1,1,2.0,0,14,10,7,Phone;Multiple Lines;Fiber optic;Online Security;Tech Support;Cloud Storage;Device Protection,2106.14,Yes
C000575,Male,45,Jawa Timur,24,One year,Premium,DSL,Yes,Yes,No,No,Yes,No,Yes,No,No,Credit card (auto),Yes,115.76,2833.39,109.3,0,0,1,3.7,0,4,0,5,Phone;Multiple Lines;DSL;Streaming TV;Cloud Storage,2833.39,No
C001449,Female,28,Jawa Timur,37,Two year,Premium,Fiber optic,Yes,No,No,Yes,Yes,Yes,Yes,No,Yes,Credit card (auto),Yes,130.62,4335.5,199.1,0,0,0,,3,6,10,6,Phone;Fiber optic;Tech Support;Streaming TV;Streaming Movies;Cloud Storage,4410.5,No
C000664,Male,27,Jabodetabek,23,Month-to-month,Basic,Fiber optic,Yes,No,No,No,No,No,No,No,No,E-wallet,No,56.43,1298.85,28.4,0,1,1,3.6,2,5,0,2,Phone;Fiber optic,1336.85,Yes
C000624,Female,67,Jawa Tengah,49,One year,Standard,Fiber optic,Yes,No,No,Yes,Yes,No,No,No,Yes,Bank transfer (auto),Yes,90.78,,107.3,1,0,0,3.2,2,3,5,4,Phone;Fiber optic;Tech Support;Streaming TV,4366.27,No
C000165,Female,59,Jawa Barat,39,Two year,Standard,Fixed wireless,No,No,Yes,No,No,No,No,No,Yes,E-wallet,No,72.25,2549.4,105.8,0,0,2,4.5,1,7,10,2,Fixed wireless;Online Security,2574.4,No
C000476,Male,47,Jawa Timur,31,Month-to-month,Basic,DSL,Yes,Yes,No,Yes,Yes,No,No,Yes,No,E-wallet,No,67.17,1666.27,61.4,1,1,0,2.8,2,8,20,6,Phone;Multiple Lines;DSL;Tech Support;Streaming TV;Device Protection,1696.27,No
C000791,Female,55,Jabodetabek,21,Month-to-month,Basic,DSL,Yes,No,No,Yes,No,Yes,No,No,Yes,Bank transfer (auto),Yes,59.19,990.05,65.0,0,0,0,4.0,1,27,20,4,Phone;DSL;Tech Support;Streaming Movies,1015.05,No
C001973,Female,60,Jabodetabek,42,Month-to-month,Standard,Fiber optic,Yes,No,Yes,No,Yes,No,No,No,Yes,Cash/retail outlet,No,86.69,3621.09,113.8,2,0,0,2.7,3,6,0,4,Phone;Fiber optic;Online Security;Streaming TV,3680.09,No
C000487,Male,26,Sulawesi,23,Month-to-month,Standard,Fiber optic,Yes,Yes,Yes,No,No,No,No,No,Yes,E-wallet,No,88.22,1892.13,46.8,2,1,2,,1,10,5,4,Phone;Multiple Lines;Fiber optic;Online Security,1889.13,Yes
C001345,Female,59,Jawa Barat,40,Two year,Standard,Fiber optic,Yes,No,No,No,Yes,No,No,No,Yes,Bank transfer (auto),Yes,83.55,3019.61,164.6,0,0,0,3.8,2,6,10,3,Phone;Fiber optic;Streaming TV,3069.61,No
C001631,Female,34,Sumatera,38,Month-to-month,Standard,Fiber optic,Yes,Yes,No,No,Yes,No,No,Yes,Yes,Credit card (auto),Yes,95.13,3428.85,91.5,2,2,1,1.4,0,16,5,5,Phone;Multiple Lines;Fiber optic;Streaming TV;Device Protection,3388.85,Yes
C001811,Male,33,Sulawesi,47,Month-to-month,Standard,Fiber optic,Yes,No,No,Yes,No,No,No,No,Yes,Credit card (auto),Yes,80.34,3755.21,84.0,2,0,1,3.4,2,3,0,3,Phone;Fiber optic;Tech Support,3789.21,No
C000508,Male,32,Jabodetabek,23,Month-to-month,Premium,Fiber optic,Yes,No,No,Yes,No,No,Yes,No,Yes,E-wallet,No,114.48,2699.48,153.3,1,0,1,3.8,2,3,0,4,Phone;Fiber optic;Tech Support;Cloud Storage,2741.48,No
C001996,Male,26,Jawa Barat,59,Month-to-month,Standard,Fiber optic,Yes,No,No,No,Yes,Yes,Yes,Yes,Yes,Credit card (auto),Yes,103.87,5651.08,140.8,1,0,0,3.4,4,3,5,6,Phone;Fiber optic;Streaming TV;Streaming Movies;Cloud Storage;Device Protection,5743.08,No
C000005,Female,27,Jawa Tengah,18,One year,Standard,Fiber optic,Yes,No,Yes,Yes,No,No,No,No,Yes,Bank transfer (auto),Yes,97.32,1448.01,98.2,2,0,2,2.2,0,6,15,4,Phone;Fiber optic;Online Security;Tech Support,1432.01,No
C001835,Female,37,Jabodetabek,15,Month-to-month,Basic,Fixed wireless,Yes,No,No,No,Yes,Yes,No,No,Yes,Bank transfer (auto),Yes,70.51,1057.44,14.3,1,0,0,4.1,1,11,0,4,Phone;Fixed wireless;Streaming TV;Streaming Movies,1074.44,No
C001206,Female,40,Jabodetabek,31,One year,Standard,Fiber optic,Yes,No,No,Yes,No,No,No,Yes,No,Cash/retail outlet,No,85.18,2621.31,24.9,3,1,2,1.7,0,13,0,4,Phone;Fiber optic;Tech Support;Device Protection,2585.31,No
C001341,Female,25,Sumatera,58,Month-to-month,Basic,Fiber optic,Yes,No,No,Yes,No,No,Yes,Yes,Yes,E-wallet,No,72.93,4120.62,18.1,2,1,2,2.6,2,5,0,5,Phone;Fiber optic;Tech Support;Cloud Storage;Device Protection,4142.62,No
C000235,Female,26,Jawa Barat,33,Two year,Basic,Fiber optic,Yes,No,No,Yes,Yes,No,No,No,Yes,E-wallet,No,78.68,2300.44,77.4,2,0,0,2.8,1,8,10,4,Phone;Fiber optic;Tech Support;Streaming TV,2309.44,No
C001169,Female,37,Jawa Timur,22,Month-to-month,Standard,Fiber optic,Yes,Yes,No,Yes,No,No,No,No,Yes,Virtual account,No,85.55,1857.17,100.1,0,1,1,3.8,3,4,0,4,Phone;Multiple Lines;Fiber optic;Tech Support,1920.17,No
C000849,Female,34,Jabodetabek,29,One year,Standard,Fiber optic,Yes,Yes,No,No,No,No,Yes,No,Yes,Bank transfer (auto),Yes,86.98,2086.08,61.7,2,0,0,1.5,0,6,15,4,Phone;Multiple Lines;Fiber optic;Cloud Storage,2070.08,No
C000570,Female,38,Jabodetabek,46,One year,Basic,Fiber optic,Yes,Yes,No,Yes,No,Yes,No,No,Yes,E-wallet,No,76.21,3416.93,85.4,1,0,1,3.4,2,14,0,5,Phone;Multiple Lines;Fiber optic;Tech Support;Streaming Movies,3458.93,No
C001338,Female,33,Jawa Tengah,53,One year,Basic,Fixed wireless,Yes,Yes,Yes,No,No,Yes,No,Yes,No,Virtual account,No,71.96,3915.17,85.5,0,1,2,3.4,2,7,0,6,Phone;Multiple Lines;Fixed wireless;Online Security;Streaming Movies;Device Protection,3953.17,No
C000400,Female,35,Jawa Barat,49,Two year,Standard,DSL,Yes,Yes,No,Yes,Yes,No,No,No,Yes,Credit card (auto),Yes,94.08,4045.58,98.6,0,0,0,4.1,3,6,10,5,Phone;Multiple Lines;DSL;Tech Support;Streaming TV,4120.58,No
C000075,Female,45,Jabodetabek,11,Month-to-month,Basic,DSL,Yes,No,No,No,No,No,No,No,Yes,Virtual account,No,41.72,402.89,35.8,0,0,4,3.8,1,2,10,2,Phone;DSL,427.89,No
C001092,Male,42,Jawa Timur,6,One year,Basic,Fiber optic,Yes,Yes,Yes,No,No,Yes,No,No,Yes,Cash/retail outlet,No,81.98,500.17,58.0,0,1,2,3.5,3,8,0,5,Phone;Multiple Lines;Fiber optic;Online Security;Streaming Movies,563.17,No
C000452,Female,28,Bali-Nusa Tenggara,16,Month-to-month,Basic,Fixed wireless,Yes,Yes,No,No,No,Yes,No,No,Yes,E-wallet,No,61.21,973.79,33.3,1,0,2,3.4,2,3,0,4,Phone;Multiple Lines;Fixed wireless;Streaming Movies,1015.79,No
C000376,Female,33,Jabodetabek,26,One year,Standard,Fiber optic,Yes,No,No,No,No,No,No,No,Yes,Credit card (auto),Yes,77.86,2072.73,115.3,0,0,0,3.6,2,4,0,2,Phone;Fiber optic,2122.73,Yes
C000390,Female,33,Jabodetabek,49,Month-to-month,Standard,Fiber optic,Yes,Yes,No,Yes,No,Yes,No,No,Yes,Credit card (auto),Yes,98.03,3927.25,119.7,0,0,1,3.3,2,10,20,5,Phone;Multiple Lines;Fiber optic;Tech Support;Streaming Movies,3977.25,Yes
C001261,Female,40,Jawa Tengah,26,One year,Premium,Fixed wireless,Yes,No,Yes,Yes,Yes,No,Yes,Yes,Yes,Virtual account,No,122.21,2783.07,143.3,0,0,1,3.5,2,9,10,7,Phone;Fixed wireless;Online Security;Tech Support;Streaming TV;Cloud Storage;Device Protection,2833.07,No
C001886,Female,45,Jabodetabek,11,One year,Basic,DSL,Yes,Yes,Yes,No,No,No,No,Yes,No,E-wallet,No,64.88,609.23,56.3,0,1,2,3.9,2,20,15,5,Phone;Multiple Lines;DSL;Online Security;Device Protection,647.23,No
C001508,Male,32,Jabodetabek,54,Two year,Standard,Fiber optic,Yes,Yes,No,No,Yes,Yes,No,No,No,E-wallet,No,93.18,4624.57,137.9,1,0,0,,3,7,10,5,Phone;Multiple Lines;Fiber optic;Streaming TV;Streaming Movies,4691.57,Yes
C000277,Female,34,Jabodetabek,47,Month-to-month,Standard,DSL,Yes,No,Yes,Yes,Yes,No,Yes,No,No,Cash/retail outlet,No,90.34,3689.62,99.1,2,1,1,3.0,1,4,15,6,Phone;DSL;Online Security;Tech Support;Streaming TV;Cloud Storage,3686.62,No
C001263,Female,33,Jawa Barat,55,Month-to-month,Basic,None,Yes,No,No,No,No,No,No,No,No,Bank transfer (auto),Yes,30.02,1638.73,,0,1,1,3.4,3,7,0,1,Phone,1701.73,No
C000889,Female,44,Sumatera,15,Month-to-month,Premium,Fiber optic,Yes,No,Yes,No,No,No,Yes,No,Yes,Credit card (auto),Yes,106.67,1634.62,97.2,2,0,0,2.7,2,7,0,4,Phone;Fiber optic;Online Security;Cloud Storage,1668.62,No
C000102,Male,54,Sumatera,36,Month-to-month,Standard,Fiber optic,Yes,No,No,Yes,Yes,Yes,No,No,Yes,Credit card (auto),Yes,99.43,2917.91,141.4,3,1,0,2.0,2,6,20,5,Phone;Fiber optic;Tech Support;Streaming TV;Streaming Movies,2931.91,No
C000391,Male,21,Jawa Timur,37,Month-to-month,Standard,Fiber optic,Yes,Yes,No,No,Yes,Yes,Yes,No,Yes,Bank transfer (auto),Yes,111.1,3349.29,142.2,1,0,0,,2,5,20,6,Phone;Multiple Lines;Fiber optic;Streaming TV;Streaming Movies;Cloud Storage,3391.29,Yes
C001258,Female,55,Jabodetabek,27,One year,Premium,DSL,Yes,No,No,No,No,No,No,No,Yes,E-wallet,No,82.4,2168.49,115.2,1,0,1,3.8,3,4,0,2,Phone;DSL,2235.49,No
C001687,Female,32,Jawa Barat,36,One year,Standard,None,Yes,Yes,No,No,No,No,No,No,No,Cash/retail outlet,No,53.57,1966.08,,2,0,0,,1,5,0,2,Phone;Multiple Lines,1975.08,No
C000340,Female,44,Jawa Barat,29,One year,Standard,Fiber optic,Yes,Yes,Yes,Yes,Yes,No,No,No,Yes,Virtual account,No,100.47,2925.04,68.2,3,0,3,1.2,0,8,0,6,Phone;Multiple Lines;Fiber optic;Online Security;Tech Support;Streaming TV,2901.04,No
C001997,Female,53,Sumatera,17,Month-to-month,Basic,Fixed wireless,No,No,No,No,Yes,No,No,Yes,Yes,E-wallet,No,61.11,1047.81,90.7,0,1,2,3.5,1,5,0,3,Fixed wireless;Streaming TV;Device Protection,1060.81,No
C001899,Male,33,Jawa Barat,17,One year,Standard,Fiber optic,Yes,No,No,No,No,No,No,No,Yes,Cash/retail outlet,No,71.65,1241.58,116.0,0,1,2,2.6,2,15,0,2,Phone;Fiber optic,1279.58,Yes
C000853,Male,27,Jabodetabek,24,One year,Standard,Fiber optic,Yes,No,Yes,No,No,Yes,No,No,Yes,Credit card (auto),Yes,90.86,2091.97,105.5,4,0,0,1.6,0,7,5,4,Phone;Fiber optic;Online Security;Streaming Movies,2059.97,Yes
C001006,Female,51,Bali-Nusa Tenggara,52,One year,Standard,Fiber optic,Yes,Yes,No,Yes,No,No,Yes,No,No,Bank transfer (auto),Yes,98.28,4870.77,74.5,3,2,0,2.2,1,10,5,5,Phone;Multiple Lines;Fiber optic;Tech Support;Cloud Storage,4847.77,No
C001763,Male,58,Bali-Nusa Tenggara,14,Month-to-month,Standard,Fiber optic,Yes,No,No,No,No,No,No,No,No,Credit card (auto),Yes,74.52,1013.39,106.8,1,0,0,3.6,1,12,5,2,Phone;Fiber optic,1030.39,No
C001143,Male,35,Sumatera,8,One year,Standard,Fiber optic,Yes,Yes,No,No,No,No,No,No,Yes,E-wallet,No,78.74,639.37,120.1,0,0,1,4.5,2,2,0,3,Phone;Multiple Lines;Fiber optic,689.37,No
C001245,Male,43,Jabodetabek,22,Month-to-month,Standard,DSL,Yes,Yes,Yes,No,Yes,No,No,No,Yes,Virtual account,No,83.42,1727.22,110.1,1,0,1,3.0,1,4,5,5,Phone;Multiple Lines;DSL;Online Security;Streaming TV,1744.22,No
C000879,Male,55,Jawa Tengah,39,Two year,Premium,DSL,Yes,No,No,Yes,Yes,No,No,No,Yes,E-wallet,No,106.61,3764.36,175.1,2,0,2,3.5,5,19,10,4,Phone;DSL;Tech Support;Streaming TV,3873.36,No
C000750,Female,53,Jawa Timur,56,One year,Standard,Fiber optic,Yes,No,No,No,Yes,Yes,No,Yes,Yes,E-wallet,No,91.57,5173.76,101.9,3,1,2,2.2,1,22,0,5,Phone;Fiber optic;Streaming TV;Streaming Movies;Device Protection,5162.76,Yes
C001247,Male,50,Jabodetabek,27,One year,Premium,Fiber optic,No,No,Yes,Yes,Yes,Yes,No,No,No,E-wallet,No,132.61,3502.97,190.6,3,0,2,3.5,3,11,5,5,Fiber optic;Online Security;Tech Support;Streaming TV;Streaming Movies,3553.97,Yes
C001419,Male,32,Kalimantan,37,Two year,Standard,Fiber optic,Yes,No,Yes,Yes,No,No,No,No,Yes,Cash/retail outlet,No,94.89,3184.1,78.0,2,1,0,2.5,2,6,10,4,Phone;Fiber optic;Online Security;Tech Support,3206.1,No
C000017,Female,43,Jabodetabek,18,Month-to-month,Standard,Fixed wireless,Yes,No,No,No,Yes,No,No,No,Yes,Virtual account,No,73.06,1054.76,111.1,1,1,2,2.9,0,15,20,3,Phone;Fixed wireless;Streaming TV,1034.76,No
C001045,Female,24,Jabodetabek,57,One year,Basic,Fiber optic,Yes,No,No,No,No,No,No,Yes,Yes,Bank transfer (auto),Yes,60.66,3138.56,80.2,2,0,1,,2,14,10,3,Phone;Fiber optic;Device Protection,3172.56,No
C000770,Male,33,Bali-Nusa Tenggara,34,Month-to-month,Standard,DSL,Yes,No,No,Yes,Yes,No,No,Yes,No,E-wallet,No,89.49,2448.52,144.7,2,0,1,3.0,2,5,20,5,Phone;DSL;Tech Support;Streaming TV;Device Protection,2482.52,No
C000893,Male,32,Jabodetabek,45,Month-to-month,Premium,DSL,Yes,Yes,No,No,No,Yes,No,No,Yes,Bank transfer (auto),Yes,106.64,4563.3,120.9,1,0,1,2.9,0,11,5,4,Phone;Multiple Lines;DSL;Streaming Movies,4555.3,No
C000123,Male,68,Jawa Barat,58,Two year,Standard,Fixed wireless,Yes,Yes,No,Yes,No,No,Yes,Yes,Yes,Virtual account,No,84.8,4294.6,109.3,0,0,0,4.4,4,7,10,6,Phone;Multiple Lines;Fixed wireless;Tech Support;Cloud Storage;Device Protection,4394.6,No
C001855,Female,55,Jabodetabek,21,One year,Basic,DSL,Yes,No,No,No,Yes,No,No,No,No,Bank transfer (auto),Yes,57.41,1156.17,34.2,3,1,0,2.0,1,16,5,3,Phone;DSL;Streaming TV,1145.17,Yes
C001766,Male,50,Jabodetabek,15,Month-to-month,Premium,Fiber optic,Yes,No,Yes,Yes,No,Yes,Yes,No,Yes,Virtual account,No,119.31,1420.2,180.7,2,0,1,,2,5,20,6,Phone;Fiber optic;Online Security;Tech Support;Streaming Movies;Cloud Storage,1454.2,No
C001971,Male,43,Jawa Timur,21,Month-to-month,Premium,None,Yes,No,No,No,No,No,No,No,No,Bank transfer (auto),Yes,66.56,1249.21,,2,1,0,3.0,3,11,10,1,Phone,1296.21,No
C000363,Female,41,Jawa Tengah,39,Month-to-month,Standard,Fiber optic,Yes,No,No,No,Yes,No,No,No,Yes,Credit card (auto),Yes,88.33,2858.54,100.5,1,0,0,3.3,2,4,15,3,Phone;Fiber optic;Streaming TV,2900.54,No
C000691,Female,37,Jawa Barat,31,Two year,Basic,Fiber optic,Yes,Yes,No,No,Yes,No,No,Yes,Yes,E-wallet,No,81.51,2153.37,51.8,0,1,0,,3,11,15,5,Phone;Multiple Lines;Fiber optic;Streaming TV;Device Protection,2216.37,No
C001970,Male,53,Jabodetabek,28,Two year,Basic,Fixed wireless,Yes,No,Yes,No,Yes,No,Yes,No,No,Credit card (auto),Yes,70.63,1766.76,53.8,1,0,1,,1,6,10,5,Phone;Fixed wireless;Online Security;Streaming TV;Cloud Storage,1783.76,Yes
C001469,Female,48,Jawa Timur,38,Two year,Basic,DSL,Yes,No,No,No,Yes,No,No,No,Yes,Bank transfer (auto),Yes,58.62,2043.4,86.5,1,0,0,,2,3,10,3,Phone;DSL;Streaming TV,2085.4,No
C000950,Male,41,Bali-Nusa Tenggara,27,One year,Standard,Fixed wireless,Yes,No,No,No,No,No,No,No,No,E-wallet,No,64.59,1695.86,52.1,0,0,0,3.9,4,7,0,2,Phone;Fixed wireless,1795.86,No
C000010,Female,35,Jawa Tengah,12,Two year,Premium,Fixed wireless,Yes,No,Yes,Yes,No,No,No,No,Yes,Virtual account,No,109.24,1212.17,100.2,2,0,1,1.8,0,5,10,4,Phone;Fixed wireless;Online Security;Tech Support,1196.17,No
C000962,Female,28,Sulawesi,41,One year,Premium,DSL,Yes,Yes,No,No,No,Yes,No,No,Yes,E-wallet,No,103.77,4249.82,171.7,0,0,2,3.9,3,11,0,4,Phone;Multiple Lines;DSL;Streaming Movies,4324.82,No
C001915,Female,32,Kalimantan,24,Month-to-month,Premium,Fiber optic,Yes,No,Yes,No,No,No,No,No,No,Cash/retail outlet,No,112.89,2588.46,132.0,0,0,2,3.2,2,8,5,3,Phone;Fiber optic;Online Security,2638.46,No
C000155,Male,58,Jawa Tengah,38,Two year,Standard,Fiber optic,Yes,Yes,No,No,No,No,No,Yes,Yes,Credit card (auto),Yes,87.23,2902.15,70.6,0,0,1,2.8,2,4,10,4,Phone;Multiple Lines;Fiber optic;Device Protection,2952.15,No
C001421,Male,65,Jawa Tengah,52,Two year,Premium,Fiber optic,Yes,Yes,Yes,No,Yes,Yes,No,No,Yes,Credit card (auto),Yes,134.58,5671.81,192.6,3,1,0,,1,10,20,6,Phone;Multiple Lines;Fiber optic;Online Security;Streaming TV;Streaming Movies,5660.81,No
C000361,Female,52,Jawa Barat,15,Month-to-month,Basic,DSL,No,No,No,Yes,Yes,No,No,No,Yes,Credit card (auto),Yes,64.35,937.57,86.1,1,0,0,2.9,0,7,5,3,DSL;Tech Support;Streaming TV,929.57,No
C001772,Male,66,Jawa Barat,62,One year,Standard,DSL,Yes,No,No,No,No,No,No,No,No,Bank transfer (auto),Yes,62.6,3995.85,72.0,1,0,0,4.9,5,3,0,2,Phone;DSL,4112.85,No
C001279,Male,31,Jawa Tengah,17,Month-to-month,Basic,Fixed wireless,Yes,No,Yes,No,No,No,No,Yes,Yes,E-wallet,No,53.13,926.1,26.8,1,1,2,3.1,3,4,0,4,Phone;Fixed wireless;Online Security;Device Protection,981.1,No
C000608,Male,54,Jawa Barat,24,Month-to-month,Standard,Fixed wireless,Yes,No,No,Yes,No,Yes,No,No,Yes,E-wallet,No,86.47,2017.23,130.7,3,0,1,2.2,0,6,0,4,Phone;Fixed wireless;Tech Support;Streaming Movies,1993.23,No
C000137,Female,32,Jabodetabek,21,One year,Premium,Fixed wireless,Yes,Yes,No,Yes,No,Yes,No,No,No,Bank transfer (auto),Yes,118.67,2233.7,200.2,1,1,1,,0,13,10,5,Phone;Multiple Lines;Fixed wireless;Tech Support;Streaming Movies,2213.7,No
C000410,Female,33,Jawa Timur,15,Month-to-month,Standard,Fiber optic,Yes,Yes,No,No,No,Yes,No,No,Yes,Bank transfer (auto),Yes,91.34,1250.93,89.2,1,0,0,3.1,2,8,10,4,Phone;Multiple Lines;Fiber optic;Streaming Movies,1292.93,No
C001613,Female,71,Kalimantan,43,Two year,Standard,Fiber optic,Yes,No,Yes,Yes,No,No,No,Yes,No,Cash/retail outlet,No,88.65,3100.06,77.6,0,0,1,4.0,3,10,20,5,Phone;Fiber optic;Online Security;Tech Support;Device Protection,3175.06,Yes
C001810,Male,29,Jabodetabek,19,One year,Standard,Fiber optic,Yes,Yes,Yes,Yes,Yes,Yes,Yes,No,Yes,Bank transfer (auto),Yes,118.96,2317.18,119.7,1,0,0,3.0,1,4,0,8,Phone;Multiple Lines;Fiber optic;Online Security;Tech Support;Streaming TV;Streaming Movies;Cloud Storage,2334.18,No
C000154,Female,42,Jawa Timur,16,One year,Standard,Fixed wireless,Yes,Yes,No,No,No,No,No,No,Yes,Credit card (auto),Yes,68.46,857.62,84.7,2,1,1,,0,8,20,3,Phone;Multiple Lines;Fixed wireless,829.62,No
C001123,Male,45,Jabodetabek,16,Month-to-month,Standard,DSL,Yes,No,No,No,No,No,No,No,Yes,Credit card (auto),Yes,60.6,879.2,48.1,2,1,0,3.8,0,15,10,2,Phone;DSL,851.2,No
C001331,Female,30,Jawa Barat,27,Month-to-month,Basic,Fiber optic,Yes,Yes,Yes,No,Yes,Yes,Yes,No,No,Virtual account,No,90.34,2370.71,97.1,1,0,3,3.5,2,21,0,7,Phone;Multiple Lines;Fiber optic;Online Security;Streaming TV;Streaming Movies;Cloud Storage,2412.71,No
C000830,Female,38,Jabodetabek,20,One year,Premium,Fixed wireless,Yes,Yes,No,Yes,Yes,No,No,No,Yes,E-wallet,No,109.45,2140.11,148.2,2,0,1,,0,4,5,5,Phone;Multiple Lines;Fixed wireless;Tech Support;Streaming TV,2124.11,No
C000366,Female,58,Kalimantan,22,Two year,Basic,Fiber optic,Yes,Yes,Yes,No,Yes,No,No,Yes,Yes,Virtual account,No,79.34,1426.66,56.2,1,1,2,2.7,1,5,20,6,Phone;Multiple Lines;Fiber optic;Online Security;Streaming TV;Device Protection,1431.66,No
C001101,Male,34,Jawa Timur,23,Month-to-month,Basic,Fiber optic,Yes,Yes,No,Yes,Yes,Yes,Yes,No,Yes,Bank transfer (auto),Yes,94.24,2220.91,127.1,3,1,0,1.7,0,10,0,7,Phone;Multiple Lines;Fiber optic;Tech Support;Streaming TV;Streaming Movies;Cloud Storage,2184.91,Yes
C001883,Female,35,Sumatera,27,Month-to-month,Standard,Fiber optic,Yes,No,No,No,No,No,No,No,Yes,E-wallet,No,75.36,1783.38,44.4,0,0,1,,3,7,10,2,Phone;Fiber optic,1858.38,No
C001319,Female,57,Jawa Barat,29,Month-to-month,Standard,Fixed wireless,Yes,No,No,Yes,No,Yes,Yes,No,No,Credit card (auto),Yes,91.23,2475.04,134.6,0,1,0,3.1,2,4,5,5,Phone;Fixed wireless;Tech Support;Streaming Movies;Cloud Storage,2513.04,No
C000229,Female,33,Jawa Tengah,34,One year,Premium,DSL,Yes,Yes,No,Yes,No,Yes,No,Yes,No,Bank transfer (auto),Yes,119.2,4052.31,122.8,2,1,0,2.3,1,9,0,6,Phone;Multiple Lines;DSL;Tech Support;Streaming Movies;Device Protection,4049.31,No
C000936,Male,30,Sumatera,40,Two year,Basic,Fixed wireless,Yes,Yes,No,No,Yes,No,Yes,No,No,Credit card (auto),Yes,66.84,2275.9,74.0,2,0,1,3.1,3,3,15,5,Phone;Multiple Lines;Fixed wireless;Streaming TV;Cloud Storage,2334.9,No
C000333,Male,35,Jabodetabek,18,Month-to-month,Standard,Fiber optic,No,No,No,No,No,No,No,No,No,Bank transfer (auto),Yes,81.37,1461.74,55.2,1,0,0,3.8,0,6,0,1,Fiber optic,1453.74,No
C000706,Female,62,Jawa Timur,36,Month-to-month,Standard,Fiber optic,Yes,No,No,No,No,No,No,No,No,Bank transfer (auto),Yes,77.62,2577.52,63.2,0,0,0,4.4,3,2,5,2,Phone;Fiber optic,2652.52,No
C001278,Male,29,Jawa Barat,11,Month-to-month,Basic,Fiber optic,Yes,Yes,No,No,No,No,No,Yes,Yes,Bank transfer (auto),Yes,69.34,681.1,17.7,1,0,0,3.4,1,5,10,4,Phone;Multiple Lines;Fiber optic;Device Protection,698.1,No
C001573,Female,28,Jabodetabek,28,Month-to-month,Standard,Fiber optic,Yes,Yes,No,No,No,Yes,No,Yes,Yes,Bank transfer (auto),Yes,105.41,3030.19,147.7,0,0,0,3.2,1,10,0,5,Phone;Multiple Lines;Fiber optic;Streaming Movies;Device Protection,3055.19,No
C000741,Female,26,Jabodetabek,52,One year,Basic,Fiber optic,No,No,No,No,Yes,Yes,No,No,Yes,Bank transfer (auto),Yes,76.1,4036.39,92.1,0,0,0,4.8,5,1,0,3,Fiber optic;Streaming TV;Streaming Movies,4161.39,No
C001858,Male,61,Sulawesi,35,Two year,Standard,Fixed wireless,Yes,No,Yes,No,No,No,No,No,Yes,E-wallet,No,75.08,2395.71,66.7,1,1,2,2.7,0,6,10,3,Phone;Fixed wireless;Online Security,2375.71,No
C001669,Female,42,Jawa Timur,31,Two year,Standard,DSL,Yes,Yes,No,No,Yes,Yes,Yes,Yes,Yes,Credit card (auto),Yes,100.52,2753.02,140.2,1,1,0,2.3,0,5,10,7,Phone;Multiple Lines;DSL;Streaming TV;Streaming Movies;Cloud Storage;Device Protection,2733.02,No
C000022,Female,44,Kalimantan,47,One year,Standard,DSL,Yes,No,No,No,No,No,Yes,No,Yes,Credit card (auto),Yes,74.53,3503.22,38.1,1,0,0,3.6,4,6,0,3,Phone;DSL;Cloud Storage,3595.22,No
C000773,Male,54,Jawa Barat,49,One year,Standard,Fiber optic,Yes,No,No,No,No,No,No,No,Yes,E-wallet,No,78.6,3616.55,75.4,0,0,2,3.1,4,9,5,2,Phone;Fiber optic,3716.55,No
C000886,Male,35,Sumatera,41,Month-to-month,Premium,Fiber optic,Yes,No,No,Yes,No,No,Yes,Yes,No,Bank transfer (auto),Yes,116.85,4363.67,135.2,4,1,0,1.3,3,18,10,5,Phone;Fiber optic;Tech Support;Cloud Storage;Device Protection,4394.67,Yes
C000994,Female,47,Sulawesi,19,Month-to-month,Basic,Fixed wireless,Yes,No,No,No,No,No,No,No,Yes,E-wallet,No,50.26,948.73,16.4,1,1,2,3.0,1,6,0,2,Phone;Fixed wireless,953.73,No
C001128,Male,47,Jawa Tengah,22,Month-to-month,Premium,DSL,Yes,No,No,No,No,No,No,No,Yes,Cash/retail outlet,No,85.43,1903.16,147.1,0,1,2,3.7,1,5,0,2,Phone;DSL,1916.16,Yes
C000031,Male,41,Jabodetabek,28,Month-to-month,Premium,Fiber optic,Yes,Yes,No,Yes,Yes,No,No,No,No,E-wallet,No,117.9,3285.04,149.7,1,1,1,2.8,0,10,0,5,Phone;Multiple Lines;Fiber optic;Tech Support;Streaming TV,3265.04,Yes
C001489,Female,34,Kalimantan,47,One year,Standard,Fiber optic,Yes,No,No,No,Yes,Yes,Yes,No,Yes,Bank transfer (auto),Yes,99.47,3912.84,71.0,0,0,1,4.2,3,4,15,5,Phone;Fiber optic;Streaming TV;Streaming Movies;Cloud Storage,3987.84,No
C000779,Female,34,Jabodetabek,13,Month-to-month,Standard,Fiber optic,No,No,No,No,No,No,No,No,Yes,Virtual account,No,77.72,881.11,98.0,1,1,2,2.3,2,5,15,1,Fiber optic,911.11,Yes
C001445,Male,60,Jawa Timur,38,Month-to-month,Basic,Fiber optic,Yes,No,Yes,No,No,No,No,No,Yes,Bank transfer (auto),Yes,60.17,2326.99,77.4,0,0,0,4.0,4,5,0,3,Phone;Fiber optic;Online Security,2426.99,No
C001273,Female,37,Sumatera,26,One year,Basic,Fiber optic,Yes,No,Yes,No,No,No,No,No,Yes,E-wallet,No,55.36,1447.13,14.1,1,1,3,2.4,2,24,0,3,Phone;Fiber optic;Online Security,1477.13,No
C001743,Male,49,Jawa Barat,40,Two year,Standard,None,Yes,No,No,No,No,No,No,No,Yes,Credit card (auto),Yes,42.6,1526.41,,0,0,0,4.7,5,8,10,1,Phone,1651.41,No
C000674,Male,49,Jawa Tengah,41,One year,Basic,Fiber optic,Yes,Yes,No,No,Yes,Yes,No,No,No,Virtual account,No,81.89,3281.06,83.5,0,0,1,,4,3,5,5,Phone;Multiple Lines;Fiber optic;Streaming TV;Streaming Movies,3381.06,No
C001503,Male,36,Jawa Tengah,18,One year,Premium,None,Yes,Yes,No,No,No,No,No,No,Yes,Credit card (auto),Yes,79.02,1454.22,,0,1,0,3.6,2,6,0,2,Phone;Multiple Lines,1492.22,No
C001706,Male,31,Jawa Timur,23,Month-to-month,Standard,Fiber optic,Yes,Yes,No,No,No,No,No,No,No,Bank transfer (auto),Yes,78.62,1813.79,49.5,0,1,0,3.2,1,21,0,3,Phone;Multiple Lines;Fiber optic,1826.79,No
C001192,Female,50,Jawa Barat,70,Two year,Premium,DSL,Yes,Yes,No,Yes,Yes,No,No,No,Yes,Virtual account,No,107.68,6633.19,140.1,2,1,3,1,1,12,10,5,Phone;Multiple Lines;DSL;Tech Support;Streaming TV,6630.19,No
C001427,Female,63,Jawa Barat,20,Month-to-month,Basic,DSL,Yes,Yes,No,No,Yes,No,No,No,Yes,Credit card (auto),Yes,62.96,1148.8,87.4,1,0,0,3.2,0,6,10,4,Phone;Multiple Lines;DSL;Streaming TV,1140.8,No
C001009,Male,33,Sumatera,38,One year,Premium,Fiber optic,Yes,No,No,No,No,No,Yes,No,No,Credit card (auto),Yes,100.58,3342.25,125.9,3,1,0,2.0,1,17,10,3,Phone;Fiber optic;Cloud Storage,3331.25,No
C001256,Male,30,Jawa Barat,9,One year,Basic,DSL,Yes,No,No,No,No,No,No,No,Yes,E-wallet,No,39.08,349.91,48.9,1,0,1,,1,2,0,2,Phone;DSL,366.91,No
C000783,Female,48,Jawa Timur,59,Two year,Standard,DSL,Yes,No,No,No,No,No,No,No,Yes,Bank transfer (auto),Yes,62.06,3223.21,67.2,0,0,1,,4,8,10,2,Phone;DSL,3323.21,No
C001829,Male,44,Jawa Timur,30,One year,Standard,DSL,Yes,Yes,Yes,No,No,Yes,No,Yes,Yes,Bank transfer (auto),Yes,93.37,2876.34,115.4,0,0,1,,0,20,0,6,Phone;Multiple Lines;DSL;Online Security;Streaming Movies;Device Protection,2876.34,No
C000379,Female,25,Bali-Nusa Tenggara,24,Month-to-month,Premium,DSL,Yes,Yes,Yes,Yes,No,No,Yes,Yes,Yes,Bank transfer (auto),Yes,110.41,2607.01,143.7,1,0,0,4.4,3,3,0,7,Phone;Multiple Lines;DSL;Online Security;Tech Support;Cloud Storage;Device Protection,2674.01,Yes
C000040,Female,50,Jawa Barat,23,One year,Standard,Fixed wireless,Yes,Yes,No,No,No,Yes,No,No,Yes,Bank transfer (auto),Yes,78.86,1749.97,140.2,0,0,1,3.3,2,14,5,4,Phone;Multiple Lines;Fixed wireless;Streaming Movies,1799.97,No
C000007,Male,34,Jabodetabek,13,Month-to-month,Standard,Fixed wireless,Yes,No,Yes,No,No,No,No,No,Yes,Bank transfer (auto),Yes,80.98,905.15,59.2,0,1,0,3.3,0,4,15,3,Phone;Fixed wireless;Online Security,893.15,No
C000642,Male,48,Jabodetabek,31,One year,Basic,Fiber optic,Yes,No,Yes,No,No,Yes,Yes,No,Yes,Credit card (auto),Yes,79.43,2391.09,52.6,0,0,1,4.8,3,2,0,5,Phone;Fiber optic;Online Security;Streaming Movies;Cloud Storage,2466.09,No
C001171,Female,69,Jawa Barat,19,One year,Standard,None,Yes,Yes,No,No,No,No,No,No,Yes,Virtual account,No,58.75,1093.61,,0,0,0,,3,5,0,2,Phone;Multiple Lines,1168.61,No
C001165,Female,33,Jawa Barat,14,Month-to-month,Basic,Fixed wireless,Yes,Yes,No,No,No,Yes,No,No,No,E-wallet,No,63.36,785.56,68.0,2,2,0,1,0,10,10,4,Phone;Multiple Lines;Fixed wireless;Streaming Movies,745.56,No
C001133,Male,51,Jawa Tengah,36,One year,Premium,Fiber optic,Yes,Yes,No,Yes,No,Yes,Yes,No,Yes,Bank transfer (auto),Yes,128.48,4077.47,173.4,1,0,1,3.0,1,5,10,6,Phone;Multiple Lines;Fiber optic;Tech Support;Streaming Movies;Cloud Storage,4094.47,No
C000659,Female,45,Sumatera,46,Two year,Standard,Fiber optic,Yes,No,No,Yes,No,No,Yes,No,Yes,E-wallet,No,88.66,3772.7,97.7,1,1,1,,2,4,10,4,Phone;Fiber optic;Tech Support;Cloud Storage,3802.7,No
C001671,Female,35,Jawa Barat,38,One year,Basic,Fiber optic,Yes,Yes,No,No,No,Yes,Yes,No,No,Cash/retail outlet,No,73.47,2870.22,92.2,0,0,0,3.6,3,4,0,5,Phone;Multiple Lines;Fiber optic;Streaming Movies;Cloud Storage,2945.22,No
C000450,Male,61,Jawa Timur,10,One year,Standard,Fixed wireless,Yes,No,No,Yes,Yes,No,No,No,Yes,Virtual account,No,91.28,739.09,70.0,1,1,2,2.5,0,6,20,4,Phone;Fixed wireless;Tech Support;Streaming TV,719.09,No
C001388,Male,68,Sumatera,27,One year,Basic,Fixed wireless,Yes,No,Yes,Yes,No,No,No,No,No,Bank transfer (auto),Yes,59.62,1459.63,26.0,0,1,1,3.9,2,4,10,4,Phone;Fixed wireless;Online Security;Tech Support,1497.63,No
C001233,Female,37,Jawa Tengah,15,One year,Basic,Fiber optic,Yes,Yes,Yes,Yes,Yes,No,No,No,No,Virtual account,No,72.51,946.57,68.7,1,1,0,3.4,2,7,15,6,Phone;Multiple Lines;Fiber optic;Online Security;Tech Support;Streaming TV,976.57,No
C000684,Male,20,Jawa Timur,33,Two year,Standard,DSL,Yes,No,No,Yes,No,No,No,No,Yes,Bank transfer (auto),Yes,73.76,2042.35,114.6,2,1,1,2.4,0,7,15,3,Phone;DSL;Tech Support,2014.35,No
C000647,Male,47,Jawa Timur,42,One year,Standard,Fiber optic,Yes,No,No,No,Yes,No,No,Yes,Yes,Credit card (auto),Yes,85.82,3441.63,91.8,3,1,0,1.2,1,7,5,4,Phone;Fiber optic;Streaming TV;Device Protection,3430.63,No
C001921,Female,41,Jabodetabek,28,Month-to-month,Standard,Fixed wireless,No,No,No,No,Yes,Yes,No,No,No,E-wallet,No,80.08,2132.52,84.5,2,1,3,2.2,1,5,5,3,Fixed wireless;Streaming TV;Streaming Movies,2129.52,No
C000655,Female,35,Jawa Tengah,37,One year,Basic,Fiber optic,Yes,Yes,No,No,No,No,No,No,Yes,Virtual account,No,66.83,2013.2,18.2,0,2,2,3.4,2,8,20,3,Phone;Multiple Lines;Fiber optic,2039.2,No
C000092,Female,29,Jabodetabek,23,One year,Basic,Fixed wireless,Yes,No,No,No,No,No,No,No,Yes,Credit card (auto),Yes,47.68,1075.66,36.2,2,0,0,2.6,1,5,0,2,Phone;Fixed wireless,1084.66,No
C001679,Female,42,Jabodetabek,63,Two year,Standard,Fiber optic,No,No,No,Yes,No,Yes,No,Yes,Yes,Bank transfer (auto),Yes,86.36,4977.32,115.5,0,0,1,4.3,4,5,10,4,Fiber optic;Tech Support;Streaming Movies;Device Protection,5077.32,No
C001990,Male,44,Jabodetabek,51,Two year,Standard,DSL,Yes,Yes,No,No,Yes,No,No,No,Yes,E-wallet,No,81.41,3582.08,106.4,1,1,3,2.9,1,18,15,4,Phone;Multiple Lines;DSL;Streaming TV,3587.08,No
C000721,Female,55,Sumatera,56,One year,Standard,Fiber optic,Yes,Yes,Yes,No,No,Yes,No,No,Yes,Bank transfer (auto),Yes,93.75,5027.38,145.4,3,0,2,3.0,3,5,5,5,Phone;Multiple Lines;Fiber optic;Online Security;Streaming Movies,5078.38,No
C001057,Female,44,Bali-Nusa Tenggara,36,Two year,Standard,DSL,Yes,No,No,Yes,Yes,Yes,No,No,No,Credit card (auto),Yes,81.18,2628.29,109.9,2,1,0,2.8,1,5,10,5,Phone;DSL;Tech Support;Streaming TV;Streaming Movies,2625.29,No
C001062,Female,66,Jabodetabek,26,One year,Basic,Fiber optic,Yes,Yes,No,No,Yes,Yes,No,No,Yes,Bank transfer (auto),Yes,77.39,1890.57,110.7,1,0,0,3.8,2,9,5,5,Phone;Multiple Lines;Fiber optic;Streaming TV;Streaming Movies,1932.57,No
C000134,Male,62,Jawa Timur,4,Month-to-month,Premium,DSL,Yes,No,No,No,No,No,Yes,Yes,Yes,Cash/retail outlet,No,100.02,404.0,142.4,0,1,0,2.8,0,5,0,4,Phone;DSL;Cloud Storage;Device Protection,392.0,No
C000219,Male,42,Jawa Timur,30,One year,Premium,Fixed wireless,Yes,No,Yes,No,No,No,Yes,No,Yes,E-wallet,No,105.67,3141.36,176.5,0,1,3,3.3,3,4,0,4,Phone;Fixed wireless;Online Security;Cloud Storage,3204.36,No
C000767,Female,52,Jabodetabek,28,Two year,Basic,None,Yes,Yes,No,No,No,No,No,No,Yes,Credit card (auto),Yes,29.08,718.47,,1,0,0,3.5,3,4,10,2,Phone;Multiple Lines,785.47,No
C001791,Female,67,Jabodetabek,24,Month-to-month,Basic,Fixed wireless,Yes,No,No,Yes,Yes,Yes,No,No,Yes,Virtual account,No,71.61,1562.82,75.0,0,0,1,,4,6,10,5,Phone;Fixed wireless;Tech Support;Streaming TV;Streaming Movies,1662.82,No
C000638,Female,24,Jabodetabek,27,Month-to-month,Premium,DSL,Yes,Yes,No,Yes,Yes,Yes,Yes,Yes,No,Virtual account,No,127.51,3431.46,193.2,1,1,3,3.5,5,13,0,8,Phone;Multiple Lines;DSL;Tech Support;Streaming TV;Streaming Movies;Cloud Storage;Device Protection,3536.46,No
C001310,Male,40,Jabodetabek,24,Month-to-month,Premium,DSL,Yes,Yes,Yes,No,Yes,Yes,Yes,Yes,Yes,E-wallet,No,125.99,2539.12,147.3,1,1,0,3.6,0,9,15,8,Phone;Multiple Lines;DSL;Online Security;Streaming TV;Streaming Movies;Cloud Storage;Device Protection,2519.12,No
C000466,Female,43,Sumatera,56,Two year,Basic,DSL,Yes,No,No,No,No,No,No,No,Yes,Virtual account,No,38.41,1910.4,63.5,3,0,1,2.2,1,5,10,2,Phone;DSL,1911.4,No
C000975,Male,50,Jawa Barat,23,One year,Basic,Fiber optic,Yes,No,No,No,No,Yes,Yes,No,No,Cash/retail outlet,No,71.3,1658.16,53.3,1,1,1,3.2,0,15,0,4,Phone;Fiber optic;Streaming Movies;Cloud Storage,1638.16,No
C000689,Male,38,Jabodetabek,20,Month-to-month,Basic,Fixed wireless,No,No,Yes,No,No,No,Yes,No,Yes,Bank transfer (auto),Yes,59.9,1208.28,36.6,2,0,0,3.5,2,16,0,3,Fixed wireless;Online Security;Cloud Storage,1242.28,Yes
C000517,Female,36,Jabodetabek,15,Month-to-month,Basic,None,Yes,No,No,No,No,No,No,No,Yes,Virtual account,No,31.1,464.06,,2,0,2,2.8,0,4,0,1,Phone,448.06,No
C001422,Male,26,Sumatera,22,One year,Standard,Fiber optic,Yes,No,Yes,No,No,No,Yes,No,Yes,Credit card (auto),Yes,94.14,2090.22,89.9,1,0,0,3.5,2,10,0,4,Phone;Fiber optic;Online Security;Cloud Storage,2132.22,No
C001032,Female,54,Jawa Timur,47,One year,Basic,Fiber optic,Yes,No,Yes,Yes,Yes,No,Yes,No,Yes,E-wallet,No,83.08,3776.9,67.8,2,0,2,2.9,2,6,5,6,Phone;Fiber optic;Online Security;Tech Support;Streaming TV;Cloud Storage,3810.9,No
C001770,Female,38,Sulawesi,10,One year,Standard,DSL,Yes,Yes,No,Yes,No,No,No,No,No,E-wallet,No,77.4,756.46,113.1,0,1,2,2.5,0,5,0,4,Phone;Multiple Lines;DSL;Tech Support,744.46,Yes
C001800,Female,39,Jawa Barat,10,One year,Standard,DSL,Yes,No,No,No,No,No,No,No,Yes,Bank transfer (auto),Yes,57.32,482.43,62.7,0,1,1,3.7,1,11,15,2,Phone;DSL,495.43,Yes
C000671,Female,24,Jabodetabek,7,Month-to-month,Standard,Fiber optic,Yes,Yes,No,Yes,No,No,Yes,Yes,No,Virtual account,No,96.43,622.89,71.4,1,2,2,3.5,2,7,10,6,Phone;Multiple Lines;Fiber optic;Tech Support;Cloud Storage;Device Protection,640.89,No
C000359,Male,60,Jawa Tengah,22,One year,Standard,DSL,Yes,No,No,Yes,No,No,No,Yes,No,Cash/retail outlet,No,71.05,1501.8,88.3,0,1,2,4.3,2,7,5,4,Phone;DSL;Tech Support;Device Protection,1539.8,No
C000370,Female,51,Sulawesi,34,Month-to-month,Basic,DSL,Yes,No,No,Yes,Yes,Yes,No,No,Yes,Virtual account,No,62.77,2053.82,76.2,1,0,2,3.2,2,7,5,5,Phone;DSL;Tech Support;Streaming TV;Streaming Movies,2095.82,Yes
C001958,Male,23,Jabodetabek,26,Two year,Standard,Fiber optic,Yes,No,No,No,No,No,No,Yes,Yes,Bank transfer (auto),Yes,70.7,1605.86,108.2,0,0,0,5,4,2,10,3,Phone;Fiber optic;Device Protection,1705.86,No
C001568,Male,35,Jawa Timur,42,Month-to-month,Standard,None,Yes,No,No,No,No,No,No,No,No,Bank transfer (auto),Yes,48.85,1768.43,,0,0,2,4.2,2,2,15,1,Phone,1818.43,Yes
C000310,Female,32,Sumatera,61,One year,Standard,DSL,Yes,Yes,Yes,No,No,Yes,No,No,Yes,Cash/retail outlet,No,82.06,5069.72,154.3,3,0,3,2.2,0,6,0,5,Phone;Multiple Lines;DSL;Online Security;Streaming Movies,5045.72,No
C000820,Male,55,Sumatera,42,One year,Basic,Fiber optic,Yes,No,No,No,Yes,No,No,Yes,Yes,Bank transfer (auto),Yes,71.91,2431.16,45.7,1,0,0,,3,9,20,4,Phone;Fiber optic;Streaming TV;Device Protection,2498.16,No
C000180,Female,65,Jabodetabek,21,One year,Basic,Fiber optic,Yes,No,Yes,No,Yes,Yes,No,No,Yes,Credit card (auto),Yes,76.85,1563.4,77.1,2,0,3,2.5,1,8,5,5,Phone;Fiber optic;Online Security;Streaming TV;Streaming Movies,1572.4,No
C001187,Female,66,Jawa Tengah,26,Two year,Basic,DSL,Yes,No,No,No,Yes,No,No,No,No,Credit card (auto),Yes,53.52,1225.49,81.7,0,0,0,4.3,3,6,10,3,Phone;DSL;Streaming TV,1300.49,No
C001251,Male,44,Jabodetabek,27,Two year,Premium,Fiber optic,Yes,Yes,Yes,No,Yes,Yes,No,No,Yes,Virtual account,No,128.4,3158.03,147.1,0,0,1,3.5,1,8,10,6,Phone;Multiple Lines;Fiber optic;Online Security;Streaming TV;Streaming Movies,3183.03,No
C001822,Female,39,Jawa Timur,51,Two year,Standard,Fiber optic,Yes,Yes,No,No,No,No,No,No,Yes,Bank transfer (auto),Yes,80.05,3663.72,82.7,2,1,2,2.4,1,5,10,3,Phone;Multiple Lines;Fiber optic,3660.72,No
C001264,Female,50,Bali-Nusa Tenggara,24,One year,Standard,DSL,Yes,Yes,Yes,Yes,No,No,No,Yes,Yes,Credit card (auto),Yes,86.23,2023.69,59.7,4,2,1,1,0,9,0,6,Phone;Multiple Lines;DSL;Online Security;Tech Support;Device Protection,1967.69,No
C001854,Male,41,Jabodetabek,11,Month-to-month,Premium,Fiber optic,Yes,No,No,Yes,No,No,No,No,No,Bank transfer (auto),Yes,105.98,1131.44,92.9,2,1,0,3.1,1,8,0,3,Phone;Fiber optic;Tech Support,1128.44,No
C001905,Female,55,Jabodetabek,25,Month-to-month,Basic,DSL,No,No,No,Yes,No,No,No,No,No,Virtual account,No,50.46,1239.68,67.6,0,0,2,3.2,2,3,0,2,DSL;Tech Support,1289.68,No
C000803,Female,25,Jabodetabek,15,One year,Basic,Fiber optic,Yes,Yes,No,No,Yes,No,No,No,No,E-wallet,No,67.66,1014.47,53.2,1,1,1,2.0,0,20,0,4,Phone;Multiple Lines;Fiber optic;Streaming TV,994.47,No
C001096,Female,25,Jawa Barat,21,Month-to-month,Standard,Fiber optic,No,No,Yes,No,No,No,No,No,No,E-wallet,No,83.45,1780.57,73.6,0,0,2,3.0,1,27,0,2,Fiber optic;Online Security,1805.57,No
C000472,Female,31,Jawa Barat,24,Month-to-month,Standard,Fiber optic,Yes,No,No,No,Yes,Yes,Yes,Yes,Yes,Bank transfer (auto),Yes,110.98,2665.51,162.7,3,0,0,3.1,3,12,0,6,Phone;Fiber optic;Streaming TV;Streaming Movies;Cloud Storage;Device Protection,2716.51,No
C000465,Male,58,Jawa Timur,15,One year,Premium,DSL,Yes,Yes,Yes,Yes,Yes,Yes,No,No,Yes,Bank transfer (auto),Yes,123.75,1824.54,153.6,0,0,0,3.9,2,7,0,7,Phone;Multiple Lines;DSL;Online Security;Tech Support;Streaming TV;Streaming Movies,1874.54,No
C001828,Male,36,Jabodetabek,54,Month-to-month,Standard,Fiber optic,Yes,No,Yes,No,No,No,Yes,No,No,Bank transfer (auto),Yes,94.63,5045.7,61.0,1,0,2,,3,9,0,4,Phone;Fiber optic;Online Security;Cloud Storage,5112.7,Yes
C001184,Male,37,Kalimantan,27,One year,Standard,Fiber optic,No,No,Yes,No,No,Yes,No,No,Yes,E-wallet,No,88.51,1961.77,100.8,1,2,1,2.7,1,18,20,3,Fiber optic;Online Security;Streaming Movies,1954.77,Yes
C001881,Male,50,Sulawesi,30,One year,Standard,Fiber optic,Yes,No,No,No,No,No,No,Yes,Yes,E-wallet,No,84.33,,122.6,2,0,0,3.0,0,4,0,3,Phone;Fiber optic;Device Protection,2527.03,No
C000499,Male,41,Jabodetabek,33,One year,Standard,Fixed wireless,No,No,No,No,No,No,No,No,No,E-wallet,No,72.36,2209.51,73.1,1,0,1,,0,5,5,1,Fixed wireless,2201.51,No
C000848,Female,40,Jabodetabek,8,Month-to-month,Premium,Fiber optic,Yes,No,No,No,Yes,Yes,Yes,No,Yes,Credit card (auto),Yes,123.75,1018.71,205.3,0,0,1,3.7,4,6,0,5,Phone;Fiber optic;Streaming TV;Streaming Movies;Cloud Storage,1118.71,Yes
C001957,Female,21,Jabodetabek,47,Month-to-month,Basic,None,Yes,No,No,No,No,No,No,No,Yes,E-wallet,No,24.94,1103.03,,0,0,0,3.8,3,11,5,1,Phone,1178.03,No
C000984,Male,60,Jawa Tengah,39,One year,Standard,DSL,Yes,No,No,No,No,Yes,No,No,No,Virtual account,No,73.61,2390.05,97.7,1,1,2,,2,7,15,3,Phone;DSL;Streaming Movies,2420.05,No
C000431,Female,48,Jawa Barat,19,Month-to-month,Standard,DSL,Yes,No,No,No,No,No,No,No,No,Virtual account,No,68.15,1156.34,128.9,2,0,2,1.3,0,8,10,2,Phone;DSL,1140.34,No
C000821,Female,24,Jabodetabek,43,Month-to-month,Basic,Fiber optic,Yes,No,Yes,No,No,No,No,No,No,Cash/retail outlet,No,69.26,,38.1,2,0,0,3.2,2,4,10,3,Phone;Fiber optic;Online Security,2730.87,No
C000131,Male,45,Jabodetabek,39,One year,Premium,Fiber optic,Yes,No,Yes,Yes,No,Yes,No,No,Yes,Virtual account,No,124.19,4290.23,143.8,3,2,2,1.4,0,12,10,5,Phone;Fiber optic;Online Security;Tech Support;Streaming Movies,4242.23,Yes
C001877,Male,21,Sumatera,31,Two year,Basic,Fiber optic,Yes,Yes,Yes,No,No,Yes,No,No,Yes,Bank transfer (auto),Yes,72.09,2023.98,97.5,2,0,1,3.5,1,3,10,5,Phone;Multiple Lines;Fiber optic;Online Security;Streaming Movies,2032.98,No
C000757,Male,56,Jabodetabek,51,Two year,Standard,DSL,Yes,No,Yes,No,Yes,Yes,No,No,Yes,Bank transfer (auto),Yes,91.1,4185.84,142.1,2,0,1,3.1,2,4,10,5,Phone;DSL;Online Security;Streaming TV;Streaming Movies,4219.84,No
C000599,Female,38,Jawa Tengah,57,Month-to-month,Standard,Fixed wireless,Yes,No,No,No,No,Yes,No,No,No,Virtual account,No,80.59,3676.57,96.8,1,0,1,2.9,3,6,20,3,Phone;Fixed wireless;Streaming Movies,3743.57,Yes
C001110,Female,51,Jawa Tengah,21,Month-to-month,Basic,DSL,Yes,No,Yes,No,Yes,No,No,No,No,Bank transfer (auto),Yes,66.23,1430.29,25.8,1,0,1,2.4,1,5,0,4,Phone;DSL;Online Security;Streaming TV,1447.29,No
C000861,Male,48,Jabodetabek,13,Month-to-month,Standard,DSL,Yes,No,No,No,No,Yes,No,No,Yes,Credit card (auto),Yes,74.98,952.82,95.7,1,0,0,,0,5,0,3,Phone;DSL;Streaming Movies,944.82,No
C001959,Female,38,Jawa Tengah,20,Month-to-month,Standard,Fiber optic,Yes,No,No,No,No,No,No,No,Yes,Virtual account,No,75.22,1519.73,113.8,0,1,2,3.6,1,18,0,2,Phone;Fiber optic,1532.73,Yes
C000417,Female,54,Kalimantan,48,One year,Standard,Fiber optic,Yes,Yes,No,No,No,No,No,Yes,Yes,E-wallet,No,80.54,3369.15,100.9,1,0,0,,4,13,15,4,Phone;Multiple Lines;Fiber optic;Device Protection,3461.15,No
C000870,Male,41,Jabodetabek,20,Month-to-month,Standard,DSL,Yes,No,No,No,No,No,No,Yes,No,E-wallet,No,74.29,1446.41,48.6,3,2,2,2.3,2,7,0,3,Phone;DSL;Device Protection,1448.41,No
C001195,Male,42,Jabodetabek,19,One year,Standard,Fiber optic,Yes,No,No,No,Yes,No,No,No,Yes,E-wallet,No,80.53,1302.95,82.7,0,0,2,4.1,2,8,15,3,Phone;Fiber optic;Streaming TV,1352.95,No
C001236,Female,39,Jabodetabek,30,Two year,Premium,Fiber optic,Yes,Yes,No,No,Yes,Yes,Yes,Yes,Yes,E-wallet,No,133.09,3586.21,178.8,1,1,0,2.4,1,7,10,7,Phone;Multiple Lines;Fiber optic;Streaming TV;Streaming Movies;Cloud Storage;Device Protection,3591.21,No
C001798,Female,31,Jawa Tengah,40,Month-to-month,Basic,Fiber optic,Yes,No,No,No,Yes,No,No,No,Yes,Bank transfer (auto),Yes,65.2,2618.73,58.7,1,0,1,3.6,3,8,0,3,Phone;Fiber optic;Streaming TV,2685.73,No
C001777,Male,35,Jawa Tengah,28,One year,Premium,DSL,Yes,Yes,Yes,Yes,Yes,Yes,Yes,No,Yes,Cash/retail outlet,No,124.3,3146.43,176.4,0,0,0,4.7,3,1,10,8,Phone;Multiple Lines;DSL;Online Security;Tech Support;Streaming TV;Streaming Movies;Cloud Storage,3221.43,No
C001203,Female,53,Jabodetabek,37,Two year,Premium,Fiber optic,Yes,Yes,No,Yes,Yes,No,No,No,Yes,Credit card (auto),Yes,118.69,4063.92,114.0,1,0,0,4.0,3,2,10,5,Phone;Multiple Lines;Fiber optic;Tech Support;Streaming TV,4130.92,No
C001050,Male,53,Jabodetabek,15,Month-to-month,Basic,Fiber optic,No,No,No,Yes,Yes,No,Yes,No,No,E-wallet,No,68.55,1021.86,59.8,2,1,2,3.2,0,8,0,4,Fiber optic;Tech Support;Streaming TV;Cloud Storage,993.86,No
C000705,Female,52,Jawa Timur,18,Month-to-month,Premium,None,Yes,Yes,No,No,No,No,No,No,Yes,E-wallet,No,81.41,1471.23,,1,1,1,2.8,2,5,0,2,Phone;Multiple Lines,1501.23,No
C000932,Male,69,Jawa Tengah,30,Month-to-month,Standard,None,Yes,Yes,No,No,No,No,No,No,Yes,Bank transfer (auto),Yes,49.83,1200.42,,0,1,0,3.0,2,11,20,2,Phone;Multiple Lines,1238.42,No
C000544,Female,27,Jawa Barat,40,One year,Premium,Fiber optic,Yes,No,Yes,No,Yes,No,Yes,Yes,Yes,Cash/retail outlet,No,126.59,4581.05,178.5,1,0,1,,1,8,10,6,Phone;Fiber optic;Online Security;Streaming TV;Cloud Storage;Device Protection,4598.05,Yes
C001260,Male,60,Sumatera,12,Month-to-month,Basic,DSL,Yes,No,No,No,Yes,No,No,No,No,Bank transfer (auto),Yes,57.22,666.26,66.4,1,1,0,2.7,0,5,5,3,Phone;DSL;Streaming TV,646.26,Yes
C001031,Female,60,Jawa Timur,14,One year,Basic,None,Yes,Yes,No,No,No,No,No,No,Yes,E-wallet,No,37.36,536.57,,2,0,1,2.2,3,12,0,2,Phone;Multiple Lines,595.57,No
C001567,Female,44,Jabodetabek,46,Two year,Standard,Fiber optic,Yes,No,No,No,Yes,No,No,No,Yes,Bank transfer (auto),Yes,81.04,3254.67,89.7,1,0,0,3.1,2,10,10,3,Phone;Fiber optic;Streaming TV,3296.67,No
C001979,Female,38,Jawa Tengah,30,Month-to-month,Standard,Fiber optic,Yes,No,Yes,No,Yes,No,No,No,Yes,Virtual account,No,89.58,2582.8,95.4,1,0,2,3.2,2,12,5,4,Phone;Fiber optic;Online Security;Streaming TV,2624.8,No
C001998,Male,38,Jawa Barat,48,One year,Basic,DSL,Yes,Yes,No,No,Yes,No,No,Yes,Yes,E-wallet,No,62.89,2412.08,98.1,2,2,0,1.3,2,9,20,5,Phone;Multiple Lines;DSL;Streaming TV;Device Protection,2422.08,No
C001111,Male,61,Kalimantan,52,Month-to-month,Basic,DSL,Yes,Yes,No,No,Yes,No,No,No,No,E-wallet,No,49.4,2381.08,55.7,0,0,2,4.3,5,2,5,4,Phone;Multiple Lines;DSL;Streaming TV,2506.08,No
C001018,Male,50,Jabodetabek,43,Two year,Premium,Fiber optic,Yes,No,No,No,Yes,Yes,No,No,Yes,Credit card (auto),Yes,116.54,4630.44,176.1,0,1,1,3.5,3,16,10,4,Phone;Fiber optic;Streaming TV;Streaming Movies,4693.44,No
C000100,Female,35,Jabodetabek,28,One year,Standard,Fixed wireless,Yes,No,No,No,No,No,No,No,Yes,Credit card (auto),Yes,69.18,1533.94,95.9,2,1,0,2.4,0,12,20,2,Phone;Fixed wireless,1505.94,No
C000858,Female,62,Jawa Timur,14,Month-to-month,Basic,Fiber optic,Yes,No,Yes,No,No,No,Yes,No,No,Bank transfer (auto),Yes,65.55,914.55,74.2,1,1,1,2.1,0,6,0,4,Phone;Fiber optic;Online Security;Cloud Storage,894.55,No
C000591,Male,42,Jawa Timur,22,Month-to-month,Premium,Fixed wireless,Yes,No,No,Yes,Yes,Yes,No,No,Yes,Cash/retail outlet,No,113.02,2492.21,149.5,3,0,2,2.5,0,4,0,5,Phone;Fixed wireless;Tech Support;Streaming TV;Streaming Movies,2468.21,No
C001596,Female,34,Sulawesi,3,Month-to-month,Basic,Fiber optic,Yes,No,No,No,Yes,No,Yes,Yes,Yes,E-wallet,No,70.59,175.17,57.4,0,0,0,3.0,1,5,15,5,Phone;Fiber optic;Streaming TV;Cloud Storage;Device Protection,200.17,No
C001114,Male,30,Jawa Tengah,52,Month-to-month,Standard,Fiber optic,Yes,Yes,Yes,No,Yes,No,No,Yes,No,Virtual account,No,97.63,4219.4,119.2,3,1,2,1.6,2,7,15,6,Phone;Multiple Lines;Fiber optic;Online Security;Streaming TV;Device Protection,4233.4,No
C001033,Male,22,Jabodetabek,6,Month-to-month,Standard,Fiber optic,Yes,Yes,No,No,No,Yes,No,No,Yes,Credit card (auto),Yes,88.52,538.18,75.5,0,1,0,,3,4,0,4,Phone;Multiple Lines;Fiber optic;Streaming Movies,601.18,No
C000447,Female,35,Jabodetabek,25,Month-to-month,Basic,Fiber optic,Yes,Yes,No,Yes,No,No,Yes,No,No,E-wallet,No,81.22,1969.66,32.3,0,0,2,3.3,2,13,0,5,Phone;Multiple Lines;Fiber optic;Tech Support;Cloud Storage,2019.66,No
C000356,Male,34,Jawa Barat,16,One year,Standard,Fiber optic,Yes,No,No,No,No,No,No,No,Yes,Bank transfer (auto),Yes,81.94,1099.91,133.0,3,0,0,2.7,0,7,15,2,Phone;Fiber optic,1075.91,No
C000161,Male,66,Jabodetabek,46,One year,Basic,Fiber optic,Yes,No,Yes,No,No,No,No,Yes,Yes,Cash/retail outlet,No,63.15,2738.57,13.1,3,0,1,3.1,3,5,5,4,Phone;Fiber optic;Online Security;Device Protection,2789.57,No
C001519,Female,28,Jabodetabek,27,Two year,Standard,Fixed wireless,Yes,No,Yes,No,No,No,No,No,Yes,Virtual account,No,75.4,1830.82,87.2,1,1,2,4.2,3,12,10,3,Phone;Fixed wireless;Online Security,1885.82,No
C000918,Male,39,Jabodetabek,46,One year,Standard,DSL,Yes,No,No,No,Yes,Yes,Yes,No,Yes,Credit card (auto),Yes,82.3,3376.17,71.5,2,1,0,,2,16,10,5,Phone;DSL;Streaming TV;Streaming Movies;Cloud Storage,3398.17,No
C000486,Female,63,Sulawesi,31,One year,Standard,DSL,Yes,No,No,No,No,Yes,No,No,No,,No,70.0,2003.1,131.4,2,0,2,2.3,0,8,5,3,Phone;DSL;Streaming Movies,1987.1,No
C000540,Male,61,Jabodetabek,41,Two year,Standard,Fixed wireless,Yes,No,No,No,No,No,No,No,Yes,Credit card (auto),Yes,62.66,2311.77,85.4,3,1,1,2.7,2,9,10,2,Phone;Fixed wireless,2325.77,No
C001326,Male,57,Jabodetabek,25,Month-to-month,Basic,DSL,Yes,No,No,Yes,No,No,Yes,No,No,E-wallet,No,54.77,1138.91,61.3,0,1,1,4.1,3,7,15,4,Phone;DSL;Tech Support;Cloud Storage,1201.91,Yes
C000407,Female,56,Jawa Timur,49,Two year,Standard,DSL,Yes,Yes,No,No,No,No,No,No,Yes,Bank transfer (auto),Yes,69.51,3085.64,93.5,1,0,0,3.8,3,3,10,3,Phone;Multiple Lines;DSL,3152.64,No
C000656,Female,50,Jawa Barat,27,Two year,Basic,Fiber optic,Yes,Yes,No,No,No,No,Yes,No,Yes,Bank transfer (auto),Yes,62.55,1374.7,54.7,0,1,1,3.8,2,17,20,4,Phone;Multiple Lines;Fiber optic;Cloud Storage,1412.7,No
C000403,Female,53,Kalimantan,30,Two year,Standard,Fiber optic,Yes,Yes,Yes,No,No,No,No,No,Yes,Credit card (auto),Yes,79.24,2071.66,78.2,1,0,0,4.5,3,15,15,4,Phone;Multiple Lines;Fiber optic;Online Security,2138.66,No
C000537,Male,31,Sulawesi,50,One year,Standard,Fiber optic,Yes,No,Yes,Yes,No,Yes,No,Yes,Yes,Virtual account,No,102.59,4728.58,134.6,1,0,1,,2,4,10,6,Phone;Fiber optic;Online Security;Tech Support;Streaming Movies;Device Protection,4770.58,No
C001876,Female,45,Jabodetabek,42,Two year,Standard,Fiber optic,Yes,No,No,No,No,No,No,No,Yes,Credit card (auto),Yes,77.78,3014.28,127.7,1,1,0,3.4,4,4,10,2,Phone;Fiber optic,3094.28,No
C000097,Female,40,Sumatera,41,Two year,Basic,DSL,Yes,No,Yes,No,Yes,No,Yes,No,Yes,Credit card (auto),Yes,57.2,2139.65,17.6,1,1,0,2.6,1,5,10,5,Phone;DSL;Online Security;Streaming TV;Cloud Storage,2144.65,No
C001438,Female,31,Jawa Barat,49,One year,Premium,Fiber optic,Yes,No,No,Yes,No,Yes,No,Yes,Yes,Bank transfer (auto),Yes,124.78,5283.32,172.6,1,0,0,3.9,5,5,15,5,Phone;Fiber optic;Tech Support;Streaming Movies;Device Protection,5400.32,No
C001240,Male,41,Jabodetabek,42,Two year,Standard,Fixed wireless,Yes,No,Yes,No,No,Yes,No,No,Yes,Bank transfer (auto),Yes,79.61,3063.92,102.0,1,1,1,2.6,2,6,10,4,Phone;Fixed wireless;Online Security;Streaming Movies,3093.92,No
C001316,Female,51,Jawa Barat,33,Two year,Standard,Fiber optic,Yes,No,No,Yes,Yes,Yes,No,Yes,No,Virtual account,No,101.66,2884.77,100.7,0,1,2,,2,4,15,6,Phone;Fiber optic;Tech Support;Streaming TV;Streaming Movies;Device Protection,2922.77,No
C000204,Male,23,Jawa Timur,24,Month-to-month,Premium,Fiber optic,Yes,Yes,No,No,No,Yes,No,No,Yes,Virtual account,No,112.29,2758.08,122.5,2,1,2,,0,12,0,4,Phone;Multiple Lines;Fiber optic;Streaming Movies,2730.08,Yes
C001153,Male,37,Bali-Nusa Tenggara,41,One year,Standard,Fiber optic,Yes,Yes,No,Yes,Yes,No,No,No,No,E-wallet,No,102.61,3888.45,143.4,0,1,1,4.3,3,11,5,5,Phone;Multiple Lines;Fiber optic;Tech Support;Streaming TV,3951.45,No
C001115,Male,52,Sulawesi,65,Month-to-month,Basic,Fixed wireless,Yes,No,No,No,No,No,Yes,Yes,Yes,Bank transfer (auto),Yes,55.79,3455.29,34.9,1,2,0,2.6,3,12,5,4,Phone;Fixed wireless;Cloud Storage;Device Protection,3498.29,No
C000714,Male,45,Jabodetabek,21,One year,Basic,DSL,Yes,Yes,No,No,No,No,No,No,No,E-wallet,No,45.78,936.72,39.9,0,2,3,2.8,0,8,5,3,Phone;Multiple Lines;DSL,912.72,No
C000430,Female,39,Jabodetabek,66,One year,Standard,Fixed wireless,Yes,No,Yes,No,No,No,No,Yes,Yes,E-wallet,No,77.18,4729.5,90.3,2,1,1,,2,9,5,4,Phone;Fixed wireless;Online Security;Device Protection,4751.5,No
C000164,Female,29,Jabodetabek,12,Month-to-month,Basic,DSL,Yes,No,Yes,No,No,No,No,No,Yes,Virtual account,No,58.22,698.24,30.5,1,0,1,2.8,0,14,0,3,Phone;DSL;Online Security,690.24,No
C001856,Male,29,Jawa Barat,23,Two year,Basic,DSL,Yes,No,No,No,Yes,No,No,No,No,Virtual account,No,50.79,1039.47,88.0,0,0,0,3.5,2,11,10,3,Phone;DSL;Streaming TV,1089.47,No
C000467,Male,36,Jabodetabek,46,Month-to-month,Premium,DSL,Yes,Yes,No,No,Yes,No,No,No,No,Virtual account,No,107.42,4879.45,194.6,2,1,2,2.2,2,13,0,4,Phone;Multiple Lines;DSL;Streaming TV,4901.45,No
C001149,Male,40,Sulawesi,49,One year,Premium,DSL,Yes,No,No,No,Yes,No,No,No,Yes,Bank transfer (auto),Yes,97.96,4894.19,134.1,0,0,1,3.7,2,3,0,3,Phone;DSL;Streaming TV,4944.19,No
C000386,Male,42,Jabodetabek,27,Month-to-month,Premium,Fixed wireless,Yes,Yes,No,No,Yes,Yes,No,Yes,Yes,Bank transfer (auto),Yes,116.83,2928.97,185.4,3,0,1,3.0,1,7,5,6,Phone;Multiple Lines;Fixed wireless;Streaming TV;Streaming Movies;Device Protection,2929.97,Yes
C001992,Male,37,Sumatera,37,One year,Basic,None,Yes,No,No,No,No,No,No,No,Yes,E-wallet,No,28.15,1054.32,,0,1,2,3.4,3,12,0,1,Phone,1117.32,No
C001257,Male,60,Jawa Barat,41,One year,Standard,None,Yes,No,No,No,No,No,No,No,No,Bank transfer (auto),Yes,49.75,1781.07,,0,2,0,3.7,1,6,10,1,Phone,1782.07,No
C000645,Female,25,Sulawesi,36,Two year,Standard,Fixed wireless,Yes,Yes,No,No,Yes,No,Yes,No,Yes,Credit card (auto),Yes,78.77,2486.97,111.2,0,1,1,3.2,2,10,10,5,Phone;Multiple Lines;Fixed wireless;Streaming TV;Cloud Storage,2524.97,No
C001219,Male,57,Sumatera,21,Month-to-month,Standard,DSL,Yes,Yes,No,No,No,No,No,No,Yes,Credit card (auto),Yes,69.63,1468.8,95.2,0,0,1,4.4,1,4,0,3,Phone;Multiple Lines;DSL,1493.8,No
C000732,Female,47,Jabodetabek,39,Two year,Standard,Fixed wireless,Yes,Yes,No,No,Yes,No,No,Yes,Yes,E-wallet,No,90.16,2742.75,123.0,1,1,0,3.7,3,11,20,5,Phone;Multiple Lines;Fixed wireless;Streaming TV;Device Protection,2797.75,No
C001160,Female,39,Jabodetabek,32,Month-to-month,Basic,Fixed wireless,Yes,No,No,No,Yes,No,No,No,Yes,Credit card (auto),Yes,61.34,1822.46,10.7,0,0,1,4.9,5,2,5,3,Phone;Fixed wireless;Streaming TV,1947.46,No
C001696,Female,35,Jabodetabek,38,One year,Basic,DSL,Yes,No,No,No,Yes,No,No,Yes,No,Bank transfer (auto),Yes,57.88,2058.69,65.8,1,1,0,2.5,2,6,5,4,Phone;DSL;Streaming TV;Device Protection,2088.69,No
C000564,Female,34,Kalimantan,44,One year,Basic,Fiber optic,No,No,Yes,Yes,Yes,No,No,No,No,E-wallet,No,76.93,3003.6,76.0,2,1,2,2.3,1,12,10,4,Fiber optic;Online Security;Tech Support;Streaming TV,3000.6,No
C001972,Male,47,Jawa Barat,35,One year,Premium,DSL,Yes,Yes,Yes,No,No,Yes,Yes,No,Yes,E-wallet,No,113.0,3909.79,180.7,0,0,1,4.3,3,9,0,6,Phone;Multiple Lines;DSL;Online Security;Streaming Movies;Cloud Storage,3984.79,No
C000380,Male,27,Kalimantan,33,Month-to-month,Standard,Fiber optic,Yes,No,No,Yes,No,No,Yes,No,No,E-wallet,No,93.97,3175.2,98.8,1,0,1,,2,7,0,4,Phone;Fiber optic;Tech Support;Cloud Storage,3217.2,No
C001518,Female,38,Sumatera,39,One year,Basic,Fixed wireless,Yes,No,Yes,No,No,No,Yes,No,No,Cash/retail outlet,No,66.1,2214.92,71.8,1,0,1,2.3,2,8,15,4,Phone;Fixed wireless;Online Security;Cloud Storage,2256.92,No
C001064,Male,38,Jawa Timur,21,Month-to-month,Premium,DSL,Yes,No,No,Yes,No,No,No,Yes,Yes,E-wallet,No,95.86,1957.88,160.3,3,1,1,2.5,0,7,0,4,Phone;DSL;Tech Support;Device Protection,1921.88,No
C001138,Female,28,Jawa Tengah,34,One year,Standard,Fiber optic,Yes,Yes,No,No,Yes,No,No,No,Yes,Virtual account,No,91.39,3188.86,88.1,3,1,1,1.7,2,18,0,4,Phone;Multiple Lines;Fiber optic;Streaming TV,3202.86,Yes
C000273,Female,28,Jawa Barat,22,Month-to-month,Premium,Fiber optic,Yes,No,Yes,Yes,No,No,No,Yes,No,Virtual account,No,112.31,2181.1,146.4,1,1,1,2.3,1,6,10,5,Phone;Fiber optic;Online Security;Tech Support;Device Protection,2186.1,Yes
C001562,Female,44,Jawa Barat,30,One year,Basic,Fixed wireless,Yes,No,Yes,Yes,No,No,No,No,No,Credit card (auto),Yes,64.4,1597.05,47.7,2,0,0,2.8,2,5,15,4,Phone;Fixed wireless;Online Security;Tech Support,1631.05,No
C001273,Female,37,Sumatera,26,One year,Basic,Fiber optic,Yes,No,Yes,No,No,No,No,No,Yes,E-wallet,No,55.36,1447.13,14.1,1,1,3,2.4,2,24,0,3,Phone;Fiber optic;Online Security,1477.13,No
C000700,Male,32,Jabodetabek,29,Month-to-month,Standard,DSL,Yes,No,No,Yes,No,No,Yes,No,Yes,Cash/retail outlet,No,75.12,1965.88,116.5,0,1,1,4.4,3,7,10,4,Phone;DSL;Tech Support;Cloud Storage,2028.88,No
C001173,Female,36,Jawa Barat,63,One year,Standard,Fiber optic,Yes,No,No,No,No,No,Yes,No,Yes,Bank transfer (auto),Yes,84.21,5150.82,110.3,0,0,0,4.9,4,1,5,3,Phone;Fiber optic;Cloud Storage,5250.82,No
C000245,Male,61,Sumatera,41,One year,Basic,Fiber optic,Yes,No,No,No,Yes,No,No,Yes,Yes,Credit card (auto),Yes,73.75,2880.34,90.0,1,1,1,2.0,2,12,5,4,Phone;Fiber optic;Streaming TV;Device Protection,2910.34,No
C001588,Male,60,Jabodetabek,28,Month-to-month,Standard,DSL,Yes,Yes,No,No,Yes,No,No,Yes,Yes,E-wallet,No,76.11,2076.98,120.3,1,0,1,3.8,2,5,0,5,Phone;Multiple Lines;DSL;Streaming TV;Device Protection,2118.98,No
C000445,Female,35,Jabodetabek,45,Month-to-month,Basic,Fixed wireless,Yes,Yes,Yes,Yes,No,No,Yes,Yes,Yes,E-wallet,No,79.41,3124.2,30.7,0,0,0,3.3,3,11,10,7,Phone;Multiple Lines;Fixed wireless;Online Security;Tech Support;Cloud Storage;Device Protection,3199.2,No
C000339,Female,57,Jawa Timur,58,Two year,Basic,Fiber optic,Yes,No,No,No,No,No,No,No,No,Virtual account,No,57.82,3078.09,30.3,1,1,0,3.7,3,6,10,2,Phone;Fiber optic,3133.09,No
C000571,Male,36,Jawa Tengah,50,One year,Standard,Fiber optic,Yes,Yes,No,No,No,No,No,No,Yes,Cash/retail outlet,No,83.29,4039.18,97.9,1,0,2,4.5,3,2,5,3,Phone;Multiple Lines;Fiber optic,4106.18,No
C000080,Male,35,Sumatera,31,One year,Standard,Fiber optic,Yes,Yes,No,Yes,Yes,No,Yes,No,Yes,Virtual account,No,105.6,2846.8,101.1,0,0,0,3.0,3,3,15,6,Phone;Multiple Lines;Fiber optic;Tech Support;Streaming TV;Cloud Storage,2921.8,No
C000143,Male,64,Jabodetabek,24,One year,Basic,Fiber optic,Yes,No,Yes,No,No,No,Yes,No,Yes,Credit card (auto),Yes,68.51,1500.95,51.5,0,0,2,4.4,3,15,10,4,Phone;Fiber optic;Online Security;Cloud Storage,1575.95,No
C000548,Female,39,Jabodetabek,46,Two year,Standard,Fiber optic,Yes,No,Yes,No,No,No,No,No,Yes,E-wallet,No,78.62,3196.08,29.4,3,1,0,1.5,2,8,10,3,Phone;Fiber optic;Online Security,3210.08,No
C001610,Female,31,Jabodetabek,24,One year,Basic,Fiber optic,Yes,No,No,No,Yes,No,No,No,Yes,Virtual account,No,68.04,1481.69,70.6,2,2,0,,0,12,10,3,Phone;Fiber optic;Streaming TV,1441.69,No
C001298,Male,62,Jabodetabek,29,Month-to-month,Premium,Fiber optic,Yes,Yes,No,Yes,No,Yes,Yes,No,No,E-wallet,No,124.69,3032.23,166.3,1,1,1,3.2,1,8,15,6,Phone;Multiple Lines;Fiber optic;Tech Support;Streaming Movies;Cloud Storage,3037.23,No
C001820,Female,33,Sumatera,20,Month-to-month,Basic,Fiber optic,No,No,Yes,No,No,No,No,No,No,Bank transfer (auto),Yes,67.06,1376.88,30.1,0,0,0,4.4,4,3,0,2,Fiber optic;Online Security,1476.88,No
C000827,Male,49,Bali-Nusa Tenggara,14,Month-to-month,Basic,Fiber optic,Yes,No,Yes,No,No,No,No,No,Yes,E-wallet,No,60.56,768.69,37.0,1,1,2,2.8,0,7,10,3,Phone;Fiber optic;Online Security,748.69,No
C001158,Female,50,Jawa Barat,33,Two year,Basic,DSL,Yes,Yes,No,No,No,Yes,No,Yes,Yes,Credit card (auto),Yes,60.46,1615.92,77.0,2,1,0,,0,8,20,5,Phone;Multiple Lines;DSL;Streaming Movies;Device Protection,1587.92,No
C001916,Female,62,Bali-Nusa Tenggara,9,One year,Premium,Fixed wireless,Yes,Yes,No,Yes,No,Yes,No,No,Yes,Credit card (auto),Yes,109.77,862.94,101.6,2,1,0,2.5,0,11,15,5,Phone;Multiple Lines;Fixed wireless;Tech Support;Streaming Movies,834.94,No
C001295,Female,36,Jabodetabek,46,One year,Standard,Fixed wireless,Yes,No,No,Yes,Yes,No,No,Yes,No,Cash/retail outlet,No,87.32,3908.03,94.3,3,1,1,,3,14,5,5,Phone;Fixed wireless;Tech Support;Streaming TV;Device Protection,3947.03,No
C000201,Male,35,Jabodetabek,20,Month-to-month,Standard,Fixed wireless,Yes,No,Yes,No,Yes,No,Yes,No,Yes,Virtual account,No,88.37,1774.85,132.8,1,1,2,2.4,0,5,0,5,Phone;Fixed wireless;Online Security;Streaming TV;Cloud Storage,1754.85,No
C000511,Male,26,Jawa Barat,50,One year,Basic,Fiber optic,Yes,Yes,Yes,No,No,No,Yes,No,Yes,Credit card (auto),Yes,66.49,3143.84,62.4,2,1,0,1.8,1,7,5,5,Phone;Multiple Lines;Fiber optic;Online Security;Cloud Storage,3140.84,No
C001262,Male,34,Sulawesi,3,Month-to-month,Basic,Fiber optic,No,No,No,Yes,No,No,No,No,No,E-wallet,No,64.74,188.29,45.9,4,2,2,1.3,0,8,5,2,Fiber optic;Tech Support,132.29,No
C001725,Male,35,Jawa Tengah,33,Month-to-month,Premium,Fiber optic,Yes,No,Yes,Yes,No,No,No,Yes,No,Cash/retail outlet,No,116.76,3675.79,131.8,2,1,2,2.2,0,8,5,5,Phone;Fiber optic;Online Security;Tech Support;Device Protection,3647.79,No
C001932,Male,59,Sumatera,51,Two year,Standard,None,Yes,Yes,No,No,No,No,No,No,Yes,Cash/retail outlet,No,52.18,2395.81,,0,1,0,2.9,2,7,10,2,Phone;Multiple Lines,2433.81,No
C001589,Female,37,Bali-Nusa Tenggara,39,Two year,Standard,DSL,Yes,No,No,No,Yes,No,No,No,Yes,Cash/retail outlet,No,65.38,2333.73,95.6,1,2,2,1.2,0,10,10,3,Phone;DSL;Streaming TV,2301.73,Yes
C000627,Female,39,Jabodetabek,19,Two year,Premium,DSL,Yes,No,Yes,No,No,Yes,Yes,No,Yes,Credit card (auto),Yes,110.71,1891.02,124.3,1,2,0,3.4,2,6,10,5,Phone;DSL;Online Security;Streaming Movies;Cloud Storage,1909.02,No
C001601,Male,31,Jawa Barat,14,One year,Premium,Fixed wireless,Yes,Yes,No,Yes,Yes,Yes,No,No,Yes,E-wallet,No,115.67,1594.53,135.1,1,0,1,3.8,2,4,0,6,Phone;Multiple Lines;Fixed wireless;Tech Support;Streaming TV;Streaming Movies,1636.53,No
C001684,Male,53,Jawa Timur,23,Month-to-month,Premium,Fiber optic,Yes,No,Yes,Yes,Yes,Yes,No,No,Yes,Credit card (auto),Yes,130.51,2717.87,174.5,2,0,0,4.1,2,4,10,6,Phone;Fiber optic;Online Security;Tech Support;Streaming TV;Streaming Movies,2751.87,No
C000419,Male,35,Jawa Tengah,37,One year,Premium,Fixed wireless,Yes,Yes,No,No,No,Yes,No,No,No,Bank transfer (auto),Yes,113.03,4086.36,164.9,1,0,1,3.8,3,6,5,4,Phone;Multiple Lines;Fixed wireless;Streaming Movies,4153.36,No
C001672,Male,57,Jabodetabek,41,One year,Premium,Fiber optic,Yes,No,No,No,No,Yes,Yes,No,Yes,Bank transfer (auto),Yes,107.52,4131.24,165.4,0,1,1,2.6,2,8,5,4,Phone;Fiber optic;Streaming Movies;Cloud Storage,4169.24,No
C000643,Male,26,Jabodetabek,26,Month-to-month,Standard,DSL,Yes,Yes,No,No,Yes,No,No,No,No,Virtual account,No,74.45,1972.11,95.1,1,0,2,,1,7,0,4,Phone;Multiple Lines;DSL;Streaming TV,1989.11,Yes
C000246,Male,25,Kalimantan,26,Two year,Basic,Fiber optic,No,No,No,Yes,No,Yes,Yes,No,Yes,Credit card (auto),Yes,82.24,1966.04,35.1,1,0,1,,2,3,10,4,Fiber optic;Tech Support;Streaming Movies;Cloud Storage,2008.04,No
C000790,Male,44,Jawa Barat,31,Month-to-month,Premium,Fiber optic,Yes,No,Yes,No,No,Yes,No,No,Yes,Virtual account,No,113.51,3592.87,191.3,1,0,2,2.4,2,6,0,4,Phone;Fiber optic;Online Security;Streaming Movies,3634.87,No
C000913,Male,29,Jawa Barat,26,Two year,Basic,DSL,Yes,No,No,No,No,Yes,No,No,Yes,Virtual account,No,54.91,1227.3,132.9,2,1,1,2.7,2,13,15,3,Phone;DSL;Streaming Movies,1249.3,No
C001537,Male,34,Jabodetabek,30,One year,Standard,Fiber optic,Yes,No,No,No,No,No,No,No,No,Credit card (auto),Yes,80.17,2142.29,63.2,2,1,0,,0,19,10,2,Phone;Fiber optic,2114.29,No
C000690,Female,35,Jawa Tengah,26,One year,Basic,DSL,Yes,Yes,Yes,No,Yes,No,No,No,No,Bank transfer (auto),Yes,56.03,1414.14,43.2,2,1,1,2.8,1,7,0,5,Phone;Multiple Lines;DSL;Online Security;Streaming TV,1411.14,No
C001276,Male,25,Jawa Barat,28,One year,Standard,Fiber optic,Yes,No,Yes,Yes,No,No,Yes,No,Yes,Virtual account,No,93.12,2066.76,61.2,1,0,2,3.7,3,3,20,5,Phone;Fiber optic;Online Security;Tech Support;Cloud Storage,2133.76,No
C001043,Female,35,Jawa Tengah,40,One year,Basic,None,No,No,No,No,No,No,No,No,Yes,E-wallet,No,23.51,951.05,,1,0,2,2.6,3,7,0,0,,1018.05,No
C000959,Male,64,Kalimantan,33,One year,Standard,Fiber optic,Yes,Yes,Yes,No,Yes,Yes,No,Yes,Yes,E-wallet,No,102.18,3079.42,176.8,1,0,1,3.1,3,11,10,7,Phone;Multiple Lines;Fiber optic;Online Security;Streaming TV;Streaming Movies;Device Protection,3146.42,Yes
C001646,Female,51,Jawa Timur,34,Two year,Standard,Fixed wireless,Yes,Yes,No,Yes,No,Yes,No,No,Yes,Bank transfer (auto),Yes,90.51,2752.0,102.9,0,0,1,3.5,0,13,10,5,Phone;Multiple Lines;Fixed wireless;Tech Support;Streaming Movies,2752.0,No
C001917,Female,52,Kalimantan,42,One year,Standard,Fixed wireless,Yes,No,Yes,No,Yes,No,Yes,No,Yes,Virtual account,No,82.52,3091.88,79.0,3,2,3,1.3,1,12,10,5,Phone;Fixed wireless;Online Security;Streaming TV;Cloud Storage,3068.88,Yes
C001803,Female,27,Jawa Barat,28,Month-to-month,Premium,None,Yes,No,No,No,No,No,No,No,No,Bank transfer (auto),Yes,66.11,1592.29,,0,1,1,3.1,2,18,15,1,Phone,1630.29,Yes
C000253,Female,42,Jawa Tengah,43,Month-to-month,Basic,Fiber optic,No,No,Yes,Yes,No,No,No,No,Yes,Bank transfer (auto),Yes,70.31,2488.32,29.2,2,0,0,2.7,1,6,20,3,Fiber optic;Online Security;Tech Support,2497.32,No
C000665,Male,38,Jawa Timur,27,Month-to-month,Standard,Fiber optic,Yes,Yes,Yes,Yes,Yes,Yes,No,No,Yes,Bank transfer (auto),Yes,112.18,2953.29,140.1,0,0,1,4.2,2,5,0,7,Phone;Multiple Lines;Fiber optic;Online Security;Tech Support;Streaming TV;Streaming Movies,3003.29,No
C000293,Male,33,Jawa Tengah,43,Two year,Standard,DSL,Yes,No,No,No,Yes,No,Yes,No,Yes,Bank transfer (auto),Yes,78.25,2977.25,134.5,1,0,0,3.1,2,9,10,4,Phone;DSL;Streaming TV;Cloud Storage,3019.25,No
C000388,Female,56,Sumatera,17,One year,Standard,Fiber optic,Yes,No,No,Yes,Yes,No,Yes,No,Yes,Bank transfer (auto),Yes,98.23,1542.13,87.1,0,1,1,3.3,2,8,5,5,Phone;Fiber optic;Tech Support;Streaming TV;Cloud Storage,1580.13,No
C001947,Male,60,Jawa Tengah,28,Month-to-month,Basic,Fixed wireless,Yes,No,Yes,No,No,Yes,No,Yes,No,Credit card (auto),Yes,63.79,1702.99,38.5,0,0,1,4.0,3,8,5,5,Phone;Fixed wireless;Online Security;Streaming Movies;Device Protection,1777.99,No
C000894,Male,41,Sumatera,15,Month-to-month,Basic,DSL,Yes,Yes,Yes,No,No,No,Yes,Yes,No,E-wallet,No,62.09,926.1,9.0,2,0,1,2.6,1,19,0,6,Phone;Multiple Lines;DSL;Online Security;Cloud Storage;Device Protection,935.1,No
C000375,Male,29,Jawa Tengah,42,One year,Basic,DSL,Yes,No,No,No,Yes,Yes,Yes,No,Yes,Bank transfer (auto),Yes,68.27,2752.47,66.8,1,2,1,1.7,3,11,5,5,Phone;DSL;Streaming TV;Streaming Movies;Cloud Storage,2795.47,No
C001292,Female,24,Bali-Nusa Tenggara,13,Month-to-month,Premium,Fiber optic,Yes,Yes,Yes,No,Yes,Yes,Yes,Yes,Yes,Credit card (auto),Yes,137.65,1767.29,173.2,1,0,0,3.6,0,3,0,8,Phone;Multiple Lines;Fiber optic;Online Security;Streaming TV;Streaming Movies;Cloud Storage;Device Protection,1759.29,Yes
C001071,Female,33,Jawa Timur,17,Month-to-month,Standard,Fiber optic,Yes,No,Yes,Yes,Yes,No,No,No,Yes,E-wallet,No,90.8,1234.7,105.7,1,0,1,3.9,2,3,20,5,Phone;Fiber optic;Online Security;Tech Support;Streaming TV,1276.7,No
C000453,Female,33,Jawa Barat,46,Two year,Standard,Fiber optic,Yes,No,No,Yes,No,No,No,No,Yes,Credit card (auto),Yes,89.42,3755.34,111.6,0,0,2,3.5,4,8,10,3,Phone;Fiber optic;Tech Support,3855.34,No
C000233,Male,52,Jawa Barat,59,One year,Standard,DSL,Yes,No,Yes,No,No,Yes,Yes,No,No,Cash/retail outlet,No,83.73,3918.2,118.2,0,1,2,3.0,3,13,20,5,Phone;DSL;Online Security;Streaming Movies;Cloud Storage,3981.2,No
C001136,Female,48,Jawa Timur,47,One year,Basic,DSL,Yes,No,No,No,No,No,No,No,Yes,Bank transfer (auto),Yes,47.17,2067.75,50.6,1,0,0,3.8,3,2,5,2,Phone;DSL,2134.75,No
C000917,Male,44,Jabodetabek,36,Month-to-month,Basic,Fiber optic,No,No,No,No,Yes,Yes,Yes,Yes,Yes,Credit card (auto),Yes,85.87,3020.96,92.2,3,0,0,1.5,1,8,0,5,Fiber optic;Streaming TV;Streaming Movies;Cloud Storage;Device Protection,3021.96,No
C000274,Male,44,Jawa Tengah,50,Two year,Basic,Fiber optic,Yes,No,No,No,Yes,No,No,Yes,Yes,Virtual account,No,75.95,3486.88,119.9,1,0,2,,2,3,10,4,Phone;Fiber optic;Streaming TV;Device Protection,3528.88,No
C001014,Female,48,Jabodetabek,19,Month-to-month,Standard,Fixed wireless,Yes,Yes,No,Yes,No,No,Yes,No,Yes,Bank transfer (auto),Yes,88.08,1710.51,112.8,0,0,0,5,3,14,0,5,Phone;Multiple Lines;Fixed wireless;Tech Support;Cloud Storage,1785.51,No
C000045,Female,28,Jabodetabek,15,One year,Standard,Fiber optic,Yes,Yes,Yes,Yes,Yes,No,No,No,Yes,Virtual account,No,106.63,1429.43,67.1,0,1,1,,0,19,10,6,Phone;Multiple Lines;Fiber optic;Online Security;Tech Support;Streaming TV,1417.43,No
C000135,Female,24,Jabodetabek,29,One year,Basic,Fiber optic,Yes,No,No,Yes,No,Yes,No,No,Yes,Credit card (auto),Yes,70.64,2075.72,57.4,0,0,1,3.7,3,4,0,4,Phone;Fiber optic;Tech Support;Streaming Movies,2150.72,No
C000178,Male,34,Jawa Barat,27,Two year,Basic,Fiber optic,Yes,No,Yes,No,No,Yes,No,No,Yes,Bank transfer (auto),Yes,74.01,1838.7,42.9,1,0,0,4.7,4,1,10,4,Phone;Fiber optic;Online Security;Streaming Movies,1930.7,No
C000948,Male,57,Jabodetabek,52,Two year,Basic,Fiber optic,Yes,No,No,Yes,No,No,Yes,No,Yes,Credit card (auto),Yes,60.96,2556.41,47.4,1,1,0,3.2,3,4,20,4,Phone;Fiber optic;Tech Support;Cloud Storage,2611.41,No
C000098,Male,52,Sulawesi,52,One year,Standard,Fiber optic,Yes,No,No,Yes,Yes,Yes,No,No,No,Credit card (auto),Yes,94.78,4968.45,154.0,1,0,1,3.9,2,7,0,5,Phone;Fiber optic;Tech Support;Streaming TV;Streaming Movies,5010.45,No
C000816,Male,54,Bali-Nusa Tenggara,18,Month-to-month,Basic,Fiber optic,Yes,No,No,No,No,No,No,No,Yes,Bank transfer (auto),Yes,59.61,1039.74,51.0,2,1,1,2.6,0,11,5,2,Phone;Fiber optic,1011.74,No
C000104,Female,31,Jawa Tengah,23,Two year,Standard,Fiber optic,Yes,No,No,No,No,No,No,No,No,Credit card (auto),Yes,77.05,1625.27,89.7,0,1,0,,1,7,10,2,Phone;Fiber optic,1638.27,No
C001065,Male,43,Jawa Timur,19,Month-to-month,Standard,Fiber optic,Yes,No,No,No,No,No,Yes,No,No,Credit card (auto),Yes,83.42,,85.2,0,0,0,3.8,3,5,5,3,Phone;Fiber optic;Cloud Storage,1595.57,No
C001662,Male,57,Jawa Barat,14,Month-to-month,Standard,Fiber optic,Yes,No,No,Yes,No,Yes,No,Yes,No,Virtual account,No,97.55,1380.54,95.4,0,0,0,,3,16,0,5,Phone;Fiber optic;Tech Support;Streaming Movies;Device Protection,1455.54,Yes
C001566,Female,45,Sumatera,17,Two year,Basic,Fiber optic,Yes,No,No,No,No,No,No,No,Yes,Bank transfer (auto),Yes,63.71,949.31,70.1,0,0,1,4.1,3,9,10,2,Phone;Fiber optic,1024.31,No
C000346,Female,57,Sulawesi,34,Month-to-month,Standard,DSL,Yes,No,Yes,No,No,Yes,Yes,No,Yes,Credit card (auto),Yes,76.22,2455.92,133.2,0,1,0,,2,3,5,5,Phone;DSL;Online Security;Streaming Movies;Cloud Storage,2493.92,No
C000224,Male,31,Jawa Barat,48,Month-to-month,Premium,None,Yes,Yes,No,No,No,No,No,No,Yes,Bank transfer (auto),Yes,76.2,3537.54,,3,1,2,1.3,1,13,5,2,Phone;Multiple Lines,3526.54,Yes
C001095,Female,33,Jawa Barat,20,Month-to-month,Standard,Fiber optic,Yes,No,No,No,No,Yes,No,No,Yes,Cash/retail outlet,No,81.56,1450.43,101.8,0,1,2,3.2,0,15,10,3,Phone;Fiber optic;Streaming Movies,1438.43,No
C000550,Female,23,Jabodetabek,23,Month-to-month,Standard,Fixed wireless,Yes,No,No,No,No,Yes,No,No,No,E-wallet,No,73.74,1723.14,106.1,0,0,2,,2,4,0,3,Phone;Fixed wireless;Streaming Movies,1773.14,No
C000860,Male,50,Jabodetabek,33,Month-to-month,Standard,Fixed wireless,Yes,No,No,No,No,No,No,No,No,Bank transfer (auto),Yes,74.74,2218.85,34.6,2,1,0,2.4,2,9,10,2,Phone;Fixed wireless,2240.85,No
C001010,Female,37,Sumatera,10,Month-to-month,Standard,Fiber optic,Yes,No,No,No,No,No,Yes,No,Yes,Credit card (auto),Yes,78.71,761.22,104.9,1,0,0,3.0,1,4,5,3,Phone;Fiber optic;Cloud Storage,778.22,No
C000857,Female,22,Sulawesi,18,One year,Premium,Fiber optic,Yes,No,No,Yes,Yes,Yes,Yes,No,No,Bank transfer (auto),Yes,126.18,2234.31,166.2,2,1,0,3.1,0,6,0,6,Phone;Fiber optic;Tech Support;Streaming TV;Streaming Movies;Cloud Storage,2206.31,No
C001808,Female,32,Jawa Timur,53,Two year,Standard,DSL,Yes,No,No,No,No,No,No,Yes,Yes,E-wallet,No,64.15,3024.65,61.7,0,0,1,2.6,0,4,10,3,Phone;DSL;Device Protection,3024.65,No
C001408,Female,54,Jawa Timur,52,Two year,Premium,DSL,Yes,Yes,No,No,Yes,Yes,No,No,Yes,Virtual account,No,106.71,5024.04,191.7,1,0,0,,4,3,10,5,Phone;Multiple Lines;DSL;Streaming TV;Streaming Movies,5116.04,No
C000234,Female,43,Jawa Barat,19,One year,Premium,DSL,No,No,No,No,Yes,No,No,Yes,Yes,Bank transfer (auto),Yes,99.75,1857.87,153.6,2,0,2,1.7,0,5,0,3,DSL;Streaming TV;Device Protection,1841.87,No
C001924,Male,36,Jawa Barat,17,Month-to-month,Basic,DSL,Yes,Yes,No,Yes,No,No,Yes,No,Yes,Bank transfer (auto),Yes,68.57,1182.35,72.5,1,1,1,3.9,1,11,0,5,Phone;Multiple Lines;DSL;Tech Support;Cloud Storage,1187.35,No
C001727,Male,58,Jawa Tengah,49,Month-to-month,Premium,Fiber optic,No,No,No,Yes,Yes,No,Yes,No,Yes,E-wallet,No,121.46,5420.6,113.8,1,1,3,2.3,3,8,10,4,Fiber optic;Tech Support;Streaming TV;Cloud Storage,5475.6,No
C000528,Male,29,Sumatera,44,Two year,Standard,DSL,Yes,No,No,No,Yes,Yes,No,No,No,Virtual account,No,81.8,3248.41,117.6,2,0,1,2.6,2,8,10,4,Phone;DSL;Streaming TV;Streaming Movies,3282.41,No
C001381,Male,57,Jawa Tengah,53,One year,Basic,DSL,Yes,Yes,No,Yes,No,No,No,Yes,Yes,Credit card (auto),Yes,65.03,3380.41,59.6,2,0,1,2.9,2,3,0,5,Phone;Multiple Lines;DSL;Tech Support;Device Protection,3414.41,No
C000150,Male,54,Kalimantan,37,One year,Basic,Fiber optic,Yes,Yes,No,No,No,No,Yes,Yes,Yes,Credit card (auto),Yes,76.52,2417.57,4.3,1,1,1,1.8,2,10,15,5,Phone;Multiple Lines;Fiber optic;Cloud Storage;Device Protection,2447.57,No
C000933,Male,28,Kalimantan,66,Two year,Premium,Fiber optic,Yes,No,Yes,Yes,Yes,Yes,No,Yes,Yes,E-wallet,No,131.8,7904.42,163.1,1,1,2,3.5,3,22,10,7,Phone;Fiber optic;Online Security;Tech Support;Streaming TV;Streaming Movies;Device Protection,7959.42,No
C000868,Female,65,Jawa Timur,29,Month-to-month,Standard,Fixed wireless,Yes,Yes,No,No,No,No,Yes,No,Yes,Credit card (auto),Yes,78.78,2042.64,92.4,1,0,1,3.6,3,7,10,4,Phone;Multiple Lines;Fixed wireless;Cloud Storage,2109.64,No
C001736,Male,29,Jawa Timur,8,Month-to-month,Standard,Fiber optic,Yes,No,No,No,No,No,Yes,No,Yes,E-wallet,No,80.38,561.76,68.8,0,1,0,,1,11,10,3,Phone;Fiber optic;Cloud Storage,574.76,No
C000152,Male,71,Sumatera,20,Month-to-month,Premium,Fiber optic,Yes,Yes,Yes,No,No,No,No,Yes,Yes,Bank transfer (auto),Yes,114.64,2007.12,137.7,1,3,0,2.5,3,7,10,5,Phone;Multiple Lines;Fiber optic;Online Security;Device Protection,2038.12,No
C001393,Female,33,Jawa Barat,23,Month-to-month,Basic,Fixed wireless,Yes,No,Yes,No,No,No,No,No,Yes,Virtual account,No,55.2,1274.64,4,2,1,2,2.7,2,6,0,3,Phone;Fixed wireless;Online Security,1296.64,Yes
C001375,Male,59,Jawa Tengah,34,Month-to-month,Standard,Fiber optic,Yes,No,No,No,Yes,Yes,No,No,No,Bank transfer (auto),Yes,92.02,3058.93,122.7,4,1,0,1.1,0,15,0,4,Phone;Fiber optic;Streaming TV;Streaming Movies,3014.93,Yes
C001040,Male,66,Jawa Barat,20,Two year,Standard,Fixed wireless,Yes,No,Yes,No,No,No,Yes,No,No,Virtual account,No,74.8,1377.55,84.6,3,1,2,1.7,1,8,10,4,Phone;Fixed wireless;Online Security;Cloud Storage,1366.55,No
C000461,Female,43,Jawa Tengah,25,One year,Standard,Fiber optic,Yes,No,Yes,No,No,No,No,Yes,No,Cash/retail outlet,No,93.42,2347.81,73.3,1,1,3,2.2,1,8,0,4,Phone;Fiber optic;Online Security;Device Protection,2352.81,No
C000280,Female,53,Jawa Barat,17,Month-to-month,Standard,DSL,Yes,No,No,Yes,No,No,No,No,Yes,Bank transfer (auto),Yes,72.38,1251.17,42.9,1,0,1,3.3,1,4,0,3,Phone;DSL;Tech Support,1268.17,No
C000046,Male,41,Jabodetabek,6,Month-to-month,Basic,Fiber optic,No,No,No,No,No,No,No,Yes,Yes,E-wallet,No,57.33,351.08,9.9,0,0,2,4.1,2,2,0,2,Fiber optic;Device Protection,401.08,No
C001491,Female,46,Jawa Tengah,16,Month-to-month,Basic,DSL,Yes,Yes,No,No,No,Yes,Yes,No,Yes,Virtual account,No,62.46,992.83,4,0,1,1,2.7,2,12,0,5,Phone;Multiple Lines;DSL;Streaming Movies;Cloud Storage,1030.83,No
C001004,Female,30,Jawa Barat,17,Month-to-month,Basic,Fiber optic,Yes,No,Yes,No,Yes,No,No,No,No,Bank transfer (auto),Yes,66.61,1126.51,105.7,1,1,0,2.1,0,6,0,4,Phone;Fiber optic;Online Security;Streaming TV,1106.51,No
C000828,Male,60,Jawa Barat,13,Month-to-month,Standard,DSL,Yes,Yes,No,No,No,Yes,No,No,Yes,E-wallet,No,74.88,949.18,154.5,1,0,1,4.0,2,4,5,4,Phone;Multiple Lines;DSL;Streaming Movies,991.18,No
C000454,Female,37,Jabodetabek,15,Month-to-month,Standard,Fixed wireless,Yes,Yes,No,No,No,No,No,No,No,E-wallet,No,78.88,1154.76,81.2,1,1,1,,2,9,0,3,Phone;Multiple Lines;Fixed wireless,1184.76,No
C000628,Male,36,Sumatera,55,Month-to-month,Premium,Fiber optic,Yes,Yes,No,No,No,No,Yes,Yes,Yes,Bank transfer (auto),Yes,116.35,5695.39,122.9,0,0,0,3.2,4,3,10,5,Phone;Multiple Lines;Fiber optic;Cloud Storage;Device Protection,5795.39,No
C000443,Male,41,Sumatera,15,Month-to-month,Standard,Fiber optic,Yes,No,No,No,No,No,Yes,No,Yes,Bank transfer (auto),Yes,80.34,1167.45,117.4,2,1,0,2.1,0,9,5,3,Phone;Fiber optic;Cloud Storage,1139.45,Yes
C000531,Female,29,Jawa Barat,23,One year,Standard,Fiber optic,Yes,No,No,No,No,Yes,No,No,Yes,Bank transfer (auto),Yes,83.5,1972.24,98.5,0,0,0,4.1,2,2,0,3,Phone;Fiber optic;Streaming Movies,2022.24,No
C001686,Male,45,Jawa Barat,16,Month-to-month,Standard,Fixed wireless,Yes,No,No,No,No,No,No,Yes,No,E-wallet,No,69.3,1136.64,26.9,3,0,1,,0,7,0,3,Phone;Fixed wireless;Device Protection,1112.64,No
C000744,Female,72,Jawa Timur,44,One year,Premium,Fiber optic,Yes,Yes,No,No,No,Yes,Yes,No,No,Credit card (auto),Yes,121.97,4536.89,197.3,2,0,0,3.2,2,7,15,5,Phone;Multiple Lines;Fiber optic;Streaming Movies;Cloud Storage,4570.89,No
C000553,Female,46,Jawa Barat,47,One year,Premium,Fixed wireless,Yes,No,No,No,Yes,No,Yes,No,Yes,Credit card (auto),Yes,113.6,4835.4,157.4,2,0,0,3.3,3,8,10,4,Phone;Fixed wireless;Streaming TV;Cloud Storage,4894.4,No
C000285,Male,43,Sumatera,18,Month-to-month,Premium,Fiber optic,Yes,No,No,No,Yes,Yes,No,No,Yes,,Yes,118.53,2180.77,184.3,1,1,1,2.8,1,5,0,4,Phone;Fiber optic;Streaming TV;Streaming Movies,2185.77,Yes
C000629,Female,41,Kalimantan,22,Month-to-month,Premium,DSL,No,No,No,Yes,No,Yes,Yes,No,No,Bank transfer (auto),Yes,113.94,2285.77,167.9,5,0,0,1.4,0,13,10,4,DSL;Tech Support;Streaming Movies;Cloud Storage,2245.77,Yes
C001297,Female,71,Jabodetabek,68,Month-to-month,Standard,DSL,Yes,Yes,No,No,No,No,No,No,Yes,E-wallet,No,73.25,4832.24,129.6,5,2,2,1,2,9,5,3,Phone;Multiple Lines;DSL,4818.24,No
C001302,Female,44,Bali-Nusa Tenggara,37,Two year,Standard,Fixed wireless,Yes,No,No,Yes,No,No,Yes,No,Yes,Bank transfer (auto),Yes,82.02,2725.39,59.6,2,1,0,2.3,3,15,10,4,Phone;Fixed wireless;Tech Support;Cloud Storage,2772.39,No
C000153,Male,35,Jawa Tengah,18,Month-to-month,Standard,DSL,Yes,Yes,Yes,No,Yes,No,Yes,Yes,No,E-wallet,No,93.93,1645.43,95.3,1,1,1,2.7,0,6,0,7,Phone;Multiple Lines;DSL;Online Security;Streaming TV;Cloud Storage;Device Protection,1625.43,No
C000434,Male,40,Jabodetabek,25,Month-to-month,Standard,Fixed wireless,Yes,No,No,No,Yes,No,Yes,No,No,Virtual account,No,74.35,1663.9,120.9,2,1,1,3.0,1,10,10,4,Phone;Fixed wireless;Streaming TV;Cloud Storage,1660.9,Yes
C000173,Female,57,Sumatera,26,Two year,Standard,DSL,Yes,No,Yes,No,No,No,Yes,No,No,Credit card (auto),Yes,66.55,1523.37,87.8,1,2,0,3.0,2,6,10,4,Phone;DSL;Online Security;Cloud Storage,1541.37,No
C000288,Male,37,Sumatera,17,One year,Standard,Fiber optic,Yes,No,No,Yes,Yes,No,No,No,Yes,Credit card (auto),Yes,95.31,1393.92,106.2,2,1,0,1.6,0,7,15,4,Phone;Fiber optic;Tech Support;Streaming TV,1365.92,No
C001109,Male,47,Jawa Timur,41,Two year,Premium,Fixed wireless,Yes,Yes,Yes,No,Yes,No,Yes,No,Yes,Credit card (auto),Yes,126.29,4592.32,209.1,2,0,0,2.6,2,5,10,6,Phone;Multiple Lines;Fixed wireless;Online Security;Streaming TV;Cloud Storage,4626.32,No
C001517,Female,39,Sumatera,42,Two year,Premium,Fiber optic,Yes,No,No,No,No,No,No,No,No,Virtual account,No,102.24,3975.89,142.5,0,2,2,2.1,1,11,10,2,Phone;Fiber optic,3976.89,No
C001147,Male,59,Jabodetabek,34,Month-to-month,Standard,Fiber optic,No,No,No,Yes,No,Yes,No,No,No,Credit card (auto),Yes,95.93,3025.17,57.3,2,0,0,4.4,3,33,5,3,Fiber optic;Tech Support;Streaming Movies,3084.17,No
C000862,Male,51,Jawa Tengah,47,One year,Basic,Fixed wireless,Yes,Yes,No,No,No,Yes,No,No,No,Bank transfer (auto),Yes,60.03,2437.79,66.0,0,0,0,3.9,3,3,15,4,Phone;Multiple Lines;Fixed wireless;Streaming Movies,2512.79,No
C001648,Female,40,Jabodetabek,9,Month-to-month,Basic,Fiber optic,Yes,Yes,Yes,No,No,No,No,No,Yes,E-wallet,No,70.67,562.12,50.5,1,1,0,2.7,1,10,10,4,Phone;Multiple Lines;Fiber optic;Online Security,567.12,No
C001978,Female,51,Jawa Tengah,45,Two year,Basic,Fiber optic,Yes,No,No,No,No,No,No,No,Yes,Credit card (auto),Yes,55.49,2240.68,69.9,1,0,1,2.7,2,5,10,2,Phone;Fiber optic,2282.68,No
C001131,Male,34,Jabodetabek,22,Two year,Standard,Fiber optic,Yes,No,No,No,Yes,Yes,No,No,No,Bank transfer (auto),Yes,95.5,1789.28,95.1,3,2,2,,1,9,15,4,Phone;Fiber optic;Streaming TV;Streaming Movies,1766.28,Yes
C000935,Male,27,Bali-Nusa Tenggara,32,Month-to-month,Basic,None,Yes,No,No,No,No,No,No,No,No,Bank transfer (auto),Yes,27.63,773.85,,4,2,0,2.1,1,7,10,1,Phone,742.85,No
C001724,Female,49,Jabodetabek,7,Month-to-month,Standard,Fiber optic,Yes,No,No,Yes,No,Yes,Yes,No,Yes,Credit card (auto),Yes,99.05,680.13,76.0,2,0,0,3.1,1,7,0,5,Phone;Fiber optic;Tech Support;Streaming Movies;Cloud Storage,689.13,No
C001634,Male,56,Jawa Barat,30,Two year,Basic,Fixed wireless,Yes,No,Yes,No,No,No,No,Yes,Yes,Cash/retail outlet,No,59.21,1599.13,77.2,2,1,0,3.0,2,6,10,4,Phone;Fixed wireless;Online Security;Device Protection,1621.13,No
C001555,Male,24,Jawa Barat,59,One year,Basic,Fixed wireless,Yes,No,No,No,Yes,Yes,No,Yes,No,Bank transfer (auto),Yes,66.99,3860.49,54.8,0,0,1,,4,7,0,5,Phone;Fixed wireless;Streaming TV;Streaming Movies;Device Protection,3960.49,No
C001701,Male,35,Jawa Barat,23,One year,Basic,Fiber optic,Yes,Yes,No,Yes,Yes,No,No,No,No,Bank transfer (auto),Yes,84.81,1908.39,61.7,1,1,1,1.7,0,13,0,5,Phone;Multiple Lines;Fiber optic;Tech Support;Streaming TV,1888.39,No
C000953,Female,49,Jawa Tengah,28,Month-to-month,Basic,Fixed wireless,Yes,Yes,No,Yes,Yes,No,Yes,No,No,Virtual account,No,75.46,2130.88,95.0,2,2,1,1.1,0,21,0,6,Phone;Multiple Lines;Fixed wireless;Tech Support;Streaming TV;Cloud Storage,2090.88,Yes
C001205,Male,24,Jabodetabek,27,Month-to-month,Basic,DSL,Yes,No,Yes,No,No,Yes,No,No,Yes,E-wallet,No,57.49,1588.4,41.3,1,2,1,2.5,1,10,0,4,Phone;DSL;Online Security;Streaming Movies,1581.4,No
C001005,Male,44,Jawa Tengah,16,Month-to-month,Basic,Fixed wireless,Yes,No,No,No,No,No,No,No,Yes,Bank transfer (auto),Yes,58.39,850.09,10.4,1,0,1,3.7,0,3,10,2,Phone;Fixed wireless,842.09,No
C001953,Female,28,Jawa Timur,10,One year,Basic,None,Yes,No,No,No,No,No,No,No,Yes,Bank transfer (auto),Yes,25.27,255.35,,1,1,1,,0,6,0,1,Phone,235.35,No
C001716,Female,46,Sulawesi,11,Month-to-month,Standard,DSL,Yes,Yes,No,No,No,No,Yes,No,Yes,Credit card (auto),Yes,72.36,706.81,70.2,2,0,1,3.3,2,12,10,4,Phone;Multiple Lines;DSL;Cloud Storage,740.81,No
C001164,Male,20,Jabodetabek,17,Two year,Standard,DSL,Yes,Yes,No,No,Yes,No,No,No,Yes,,No,75.24,1167.96,124.3,1,1,1,3.0,1,7,10,4,Phone;Multiple Lines;DSL;Streaming TV,1172.96,Yes
C001333,Male,35,Jawa Timur,25,One year,Premium,DSL,Yes,Yes,No,Yes,No,No,Yes,No,Yes,Virtual account,No,107.53,2608.01,96.5,0,0,0,4.8,3,15,0,5,Phone;Multiple Lines;DSL;Tech Support;Cloud Storage,2683.01,No
C000922,Female,31,Jawa Barat,11,One year,Standard,Fiber optic,Yes,No,Yes,No,No,No,No,No,Yes,Bank transfer (auto),Yes,76.72,757.57,94.8,0,0,2,4.6,0,6,10,3,Phone;Fiber optic;Online Security,757.57,No
C000742,Female,57,Kalimantan,49,Month-to-month,Premium,Fixed wireless,Yes,Yes,No,Yes,No,No,Yes,Yes,Yes,Credit card (auto),Yes,118.42,5574.16,126.0,0,1,1,3.1,3,4,5,6,Phone;Multiple Lines;Fixed wireless;Tech Support;Cloud Storage;Device Protection,5637.16,No
C001441,Female,62,Jawa Barat,48,Two year,Basic,DSL,Yes,No,No,No,No,No,No,No,Yes,Virtual account,No,45.11,1932.95,62.2,3,0,2,3.2,3,4,10,2,Phone;DSL,1983.95,No
C001848,Male,40,Jawa Barat,38,Month-to-month,Standard,Fiber optic,Yes,No,No,No,Yes,No,No,Yes,Yes,,No,86.96,3262.82,145.9,0,0,1,3.7,2,2,0,4,Phone;Fiber optic;Streaming TV;Device Protection,3312.82,No
C001545,Male,61,Sumatera,7,Month-to-month,Basic,Fixed wireless,Yes,No,No,No,Yes,Yes,No,No,No,Virtual account,No,71.45,492.15,84.9,2,1,1,2.4,1,10,0,4,Phone;Fixed wireless;Streaming TV;Streaming Movies,489.15,No
C000067,Male,34,Jawa Timur,12,Month-to-month,Premium,Fixed wireless,No,No,No,No,Yes,Yes,Yes,No,No,Virtual account,No,113.05,1311.23,171.8,2,2,3,1,0,17,5,4,Fixed wireless;Streaming TV;Streaming Movies;Cloud Storage,1271.23,Yes
C000940,Female,34,Sumatera,32,One year,Standard,None,Yes,No,No,No,No,No,No,No,Yes,Virtual account,No,49.45,1597.88,,1,0,2,2.8,0,6,0,1,Phone,1589.88,No
C001049,Female,30,Bali-Nusa Tenggara,43,One year,Basic,Fixed wireless,Yes,No,No,No,No,Yes,No,Yes,Yes,Credit card (auto),Yes,60.54,2087.8,99.3,1,2,1,2.5,3,9,20,4,Phone;Fixed wireless;Streaming Movies;Device Protection,2130.8,No
C000373,Male,29,Jawa Timur,16,Month-to-month,Standard,Fiber optic,Yes,No,Yes,Yes,Yes,Yes,No,No,Yes,Virtual account,No,102.06,1639.2,88.9,0,1,1,4.6,3,5,0,6,Phone;Fiber optic;Online Security;Tech Support;Streaming TV;Streaming Movies,1702.2,No
C000745,Female,34,Jabodetabek,13,Month-to-month,Premium,None,Yes,Yes,No,No,No,No,No,No,Yes,Cash/retail outlet,No,77.07,1012.09,,1,2,0,2.9,1,13,0,2,Phone;Multiple Lines,1005.09,Yes
C001412,Female,43,Jabodetabek,23,Month-to-month,Standard,DSL,Yes,No,Yes,No,No,No,No,No,No,Virtual account,No,75.24,1680.28,87.7,2,2,2,2.6,0,7,5,3,Phone;DSL;Online Security,1640.28,No
C000252,Male,46,Jawa Barat,21,Month-to-month,Basic,Fiber optic,Yes,No,No,No,No,Yes,No,No,Yes,Credit card (auto),Yes,59.75,1157.75,51.5,1,1,0,,1,17,10,3,Phone;Fiber optic;Streaming Movies,1162.75,No
C000572,Male,41,Jawa Barat,25,Two year,Standard,DSL,Yes,Yes,No,No,No,Yes,No,Yes,No,E-wallet,No,82.57,1844.13,79.6,2,0,1,2.5,1,4,10,5,Phone;Multiple Lines;DSL;Streaming Movies;Device Protection,1853.13,No
C000771,Female,37,Sumatera,39,Month-to-month,Basic,DSL,Yes,No,No,Yes,Yes,No,No,Yes,No,Bank transfer (auto),Yes,65.71,2356.12,67.2,2,0,3,3.5,3,3,10,5,Phone;DSL;Tech Support;Streaming TV;Device Protection,2415.12,No
C001660,Male,50,Jawa Timur,12,One year,Premium,Fiber optic,Yes,Yes,Yes,Yes,Yes,Yes,No,Yes,No,Bank transfer (auto),Yes,139.92,1693.76,141.0,1,2,2,2.7,1,13,0,8,Phone;Multiple Lines;Fiber optic;Online Security;Tech Support;Streaming TV;Streaming Movies;Device Protection,1686.76,No
C000350,Male,33,Jabodetabek,20,Month-to-month,Premium,Fixed wireless,Yes,No,Yes,No,No,Yes,Yes,No,No,E-wallet,No,113.26,1758.12,150.2,1,1,1,,2,7,20,5,Phone;Fixed wireless;Online Security;Streaming Movies;Cloud Storage,1788.12,No
C000081,Female,42,Jabodetabek,12,One year,Basic,Fixed wireless,Yes,No,Yes,No,Yes,Yes,Yes,No,No,Virtual account,No,70.84,733.44,106.6,1,0,3,3.0,0,11,15,6,Phone;Fixed wireless;Online Security;Streaming TV;Streaming Movies;Cloud Storage,725.44,No
C001152,Female,35,Sulawesi,6,One year,Standard,Fiber optic,Yes,No,No,No,No,Yes,No,Yes,Yes,E-wallet,No,81.99,454.12,114.0,0,0,0,4.2,4,2,5,4,Phone;Fiber optic;Streaming Movies;Device Protection,554.12,No
C000535,Male,24,Jabodetabek,16,Month-to-month,Standard,DSL,Yes,Yes,No,No,Yes,Yes,No,Yes,Yes,Credit card (auto),Yes,95.84,1494.04,132.0,2,0,0,2.1,0,9,0,6,Phone;Multiple Lines;DSL;Streaming TV;Streaming Movies;Device Protection,1478.04,No
C001324,Female,30,Kalimantan,24,Month-to-month,Premium,DSL,Yes,No,No,No,Yes,Yes,Yes,No,No,E-wallet,No,109.85,2426.3,142.5,1,0,2,2.6,3,7,10,5,Phone;DSL;Streaming TV;Streaming Movies;Cloud Storage,2493.3,No
C000864,Male,38,Kalimantan,47,Two year,Standard,DSL,Yes,Yes,No,No,No,Yes,Yes,No,Yes,Credit card (auto),Yes,83.45,3480.68,89.9,2,0,1,2.5,3,4,10,5,Phone;Multiple Lines;DSL;Streaming Movies;Cloud Storage,3539.68,No
C000385,Male,71,Jabodetabek,24,Month-to-month,Standard,Fiber optic,Yes,Yes,Yes,Yes,No,Yes,No,No,No,Credit card (auto),Yes,100.38,2480.33,98.7,0,1,1,4.3,2,3,0,6,Phone;Multiple Lines;Fiber optic;Online Security;Tech Support;Streaming Movies,2518.33,No
C000482,Female,54,Sulawesi,21,Month-to-month,Basic,DSL,Yes,No,No,No,Yes,No,No,No,No,Credit card (auto),Yes,45.22,853.58,101.1,1,0,2,3.0,3,5,10,3,Phone;DSL;Streaming TV,920.58,No
C001480,Female,33,Jabodetabek,45,One year,Basic,Fiber optic,Yes,Yes,No,No,Yes,No,No,No,Yes,Bank transfer (auto),Yes,66.59,2745.98,39.6,2,0,0,3.7,2,4,10,4,Phone;Multiple Lines;Fiber optic;Streaming TV,2779.98,No
C000021,Male,35,Sumatera,36,Month-to-month,Standard,DSL,No,No,No,No,Yes,No,No,No,Yes,Credit card (auto),Yes,67.61,2129.54,107.0,1,0,0,4.2,2,13,10,2,DSL;Streaming TV,2171.54,No
C001818,Female,42,Jawa Timur,25,Two year,Premium,Fiber optic,No,No,No,No,Yes,Yes,No,No,Yes,Virtual account,No,114.11,2636.89,156.0,2,0,3,4.2,2,6,10,3,Fiber optic;Streaming TV;Streaming Movies,2670.89,No
C000798,Male,58,Jawa Tengah,16,Month-to-month,Standard,None,Yes,Yes,No,No,No,No,No,No,No,Credit card (auto),Yes,46.55,754.18,,0,0,0,4.4,2,2,0,2,Phone;Multiple Lines,804.18,No
C001237,Female,52,Jawa Barat,35,Month-to-month,Standard,Fixed wireless,Yes,No,No,No,Yes,No,No,No,No,E-wallet,No,74.89,2470.7,130.0,1,0,1,,1,3,5,3,Phone;Fixed wireless;Streaming TV,2487.7,No
C000593,Male,55,Jawa Timur,35,One year,Standard,DSL,Yes,No,No,No,No,No,Yes,No,Yes,Credit card (auto),Yes,71.06,2401.25,64.8,0,1,0,3.3,1,5,5,3,Phone;DSL;Cloud Storage,2414.25,No
C000911,Female,40,Jabodetabek,33,Two year,Standard,DSL,Yes,No,No,No,No,Yes,No,Yes,No,Bank transfer (auto),Yes,78.83,2275.2,109.6,3,1,0,1.9,0,7,10,4,Phone;DSL;Streaming Movies;Device Protection,2239.2,No
C001832,Female,30,Jabodetabek,13,Two year,Standard,Fiber optic,Yes,Yes,No,No,No,No,No,Yes,Yes,E-wallet,No,97.01,1129.96,35.5,0,1,0,3.4,0,10,10,4,Phone;Multiple Lines;Fiber optic;Device Protection,1117.96,No
C001199,Male,32,Sumatera,6,Month-to-month,Basic,Fiber optic,No,No,Yes,No,No,No,No,No,No,Credit card (auto),Yes,69.17,359.01,38.4,2,1,0,2.9,0,10,15,2,Fiber optic;Online Security,331.01,Yes
C001312,Male,21,Jawa Timur,11,Month-to-month,Premium,Fixed wireless,Yes,Yes,Yes,No,Yes,No,Yes,No,No,Bank transfer (auto),Yes,116.84,1300.16,113.7,0,1,1,2.4,1,6,0,6,Phone;Multiple Lines;Fixed wireless;Online Security;Streaming TV;Cloud Storage,1313.16,No
C000129,Female,39,Jawa Tengah,29,One year,Basic,DSL,Yes,No,No,No,No,No,No,No,Yes,Bank transfer (auto),Yes,45.89,1176.26,68.9,0,1,1,4.3,1,5,10,2,Phone;DSL,1189.26,No
C001530,Female,41,Sumatera,24,Month-to-month,Standard,DSL,Yes,No,Yes,No,No,Yes,No,No,No,Credit card (auto),Yes,77.98,1755.73,80.6,2,0,0,3.2,2,5,5,4,Phone;DSL;Online Security;Streaming Movies,1789.73,No
C000622,Male,45,Sumatera,25,Two year,Standard,Fiber optic,Yes,Yes,No,No,Yes,No,Yes,No,Yes,Credit card (auto),Yes,99.88,2225.97,109.5,1,0,0,,2,22,10,5,Phone;Multiple Lines;Fiber optic;Streaming TV;Cloud Storage,2267.97,No
C000634,Male,31,Jabodetabek,24,Month-to-month,Standard,Fiber optic,Yes,No,No,No,Yes,No,No,Yes,Yes,E-wallet,No,89.77,2109.98,134.1,2,1,1,,2,14,0,4,Phone;Fiber optic;Streaming TV;Device Protection,2131.98,Yes
C001315,Male,32,Jawa Tengah,30,Month-to-month,Premium,DSL,Yes,No,No,Yes,Yes,No,No,No,No,Virtual account,No,100.82,2571.14,143.2,0,0,1,,4,1,15,4,Phone;DSL;Tech Support;Streaming TV,2671.14,No
C000506,Female,33,Sumatera,20,Month-to-month,Basic,Fixed wireless,Yes,No,Yes,Yes,Yes,No,No,Yes,Yes,E-wallet,No,76.79,1573.36,56.4,2,1,3,2.5,1,5,0,6,Phone;Fixed wireless;Online Security;Tech Support;Streaming TV;Device Protection,1570.36,No
C000964,Male,61,Jabodetabek,18,Month-to-month,Basic,DSL,Yes,No,Yes,No,No,Yes,No,Yes,Yes,Bank transfer (auto),Yes,58.54,1058.04,69.4,1,1,0,3.3,2,16,0,5,Phone;DSL;Online Security;Streaming Movies;Device Protection,1088.04,No
C000206,Male,45,Jawa Tengah,14,Month-to-month,Standard,Fiber optic,Yes,Yes,No,Yes,No,Yes,No,No,Yes,Bank transfer (auto),Yes,94.94,1079.16,88.7,2,1,1,,1,17,20,5,Phone;Multiple Lines;Fiber optic;Tech Support;Streaming Movies,1076.16,No
C000765,Female,61,Jabodetabek,27,One year,Standard,DSL,No,No,No,No,Yes,No,No,Yes,No,E-wallet,No,78.15,2106.57,89.7,1,0,2,2.2,1,13,0,3,DSL;Streaming TV;Device Protection,2123.57,Yes
C000507,Female,60,Jawa Tengah,41,Two year,Standard,DSL,Yes,Yes,Yes,No,No,No,No,Yes,Yes,E-wallet,No,79.45,2651.61,41.8,0,1,2,3.6,3,10,20,5,Phone;Multiple Lines;DSL;Online Security;Device Protection,2714.61,No
C000014,Male,33,Jawa Barat,13,Month-to-month,Standard,DSL,Yes,No,No,No,No,No,No,No,Yes,E-wallet,No,58.96,770.47,66.8,0,1,2,3.4,0,6,0,2,Phone;DSL,758.47,No
C001813,Male,29,Kalimantan,14,Month-to-month,Standard,Fiber optic,Yes,No,No,No,No,Yes,No,No,Yes,Credit card (auto),Yes,86.39,1225.45,111.7,0,0,0,4.6,4,1,0,3,Phone;Fiber optic;Streaming Movies,1325.45,No
C000549,Male,41,Bali-Nusa Tenggara,8,One year,Basic,None,Yes,No,No,No,No,No,No,No,No,Bank transfer (auto),Yes,25.01,194.47,,0,0,0,4.0,2,9,0,1,Phone,244.47,No
C000882,Male,48,Bali-Nusa Tenggara,41,Month-to-month,Basic,Fiber optic,Yes,No,No,No,No,Yes,Yes,No,Yes,Cash/retail outlet,No,69.54,2814.49,74.7,1,0,1,1.9,1,18,0,4,Phone;Fiber optic;Streaming Movies;Cloud Storage,2831.49,No
C001666,Female,34,Sumatera,57,Two year,Basic,None,Yes,No,No,No,No,No,No,No,Yes,E-wallet,No,18,946.83,,1,1,1,,2,6,10,1,Phone,976.83,No
C001901,Female,47,Jabodetabek,10,Month-to-month,Standard,Fiber optic,Yes,No,Yes,No,No,No,No,No,Yes,E-wallet,No,77.95,734.64,108.9,1,0,0,3.6,2,3,5,3,Phone;Fiber optic;Online Security,776.64,No
C001456,Male,34,Jawa Barat,49,One year,Standard,DSL,Yes,No,Yes,Yes,No,No,No,Yes,Yes,Virtual account,No,83.1,3306.39,122.8,1,0,2,3.3,5,11,20,5,Phone;DSL;Online Security;Tech Support;Device Protection,3423.39,No
C001400,Female,39,Jawa Tengah,14,Month-to-month,Basic,None,Yes,No,No,No,No,No,No,No,No,E-wallet,No,29.48,378.18,,2,0,1,3.1,2,26,10,1,Phone,412.18,No
C000613,Male,49,Kalimantan,6,Month-to-month,Basic,Fiber optic,Yes,No,Yes,No,No,Yes,No,No,No,Bank transfer (auto),Yes,63.57,327.84,128.8,2,0,1,2.4,1,21,15,4,Phone;Fiber optic;Online Security;Streaming Movies,336.84,No
C000635,Male,63,Jabodetabek,28,Month-to-month,Standard,Fiber optic,Yes,No,No,Yes,No,No,No,Yes,Yes,Virtual account,No,86.66,2316.24,37.4,2,1,3,1,0,9,5,4,Phone;Fiber optic;Tech Support;Device Protection,2288.24,Yes
C000286,Male,49,Jawa Timur,10,One year,Standard,Fiber optic,Yes,No,No,No,No,Yes,No,No,No,Bank transfer (auto),Yes,86.93,841.18,144.0,0,1,2,3.7,0,15,5,3,Phone;Fiber optic;Streaming Movies,829.18,Yes
C001946,Male,56,Jabodetabek,14,Month-to-month,Premium,DSL,Yes,No,No,Yes,Yes,No,No,Yes,Yes,Bank transfer (auto),Yes,110.24,1377.43,166.8,3,1,3,1.4,0,26,10,5,Phone;DSL;Tech Support;Streaming TV;Device Protection,1341.43,Yes
C000873,Female,49,Jawa Timur,44,One year,Standard,Fiber optic,No,No,No,No,No,Yes,No,No,Yes,Bank transfer (auto),Yes,92.85,4182.55,118.5,3,1,1,,1,22,0,2,Fiber optic;Streaming Movies,4171.55,No
C000018,Male,56,Jabodetabek,20,One year,Premium,Fiber optic,No,No,Yes,No,No,No,No,No,No,Credit card (auto),Yes,103.37,1817.99,111.3,0,0,0,2.9,3,8,10,2,Fiber optic;Online Security,1892.99,Yes
C001882,Male,57,Sulawesi,24,Month-to-month,Premium,Fixed wireless,Yes,Yes,No,Yes,Yes,No,No,No,No,E-wallet,No,121.96,2526.6,180.8,0,1,1,3.7,3,6,15,5,Phone;Multiple Lines;Fixed wireless;Tech Support;Streaming TV,2589.6,No
C001225,Female,29,Sulawesi,28,One year,Premium,DSL,Yes,Yes,No,No,No,No,Yes,Yes,No,Bank transfer (auto),Yes,107.62,2619.87,161.4,0,0,1,4.7,3,4,15,5,Phone;Multiple Lines;DSL;Cloud Storage;Device Protection,2694.87,No
C001753,Male,67,Jawa Timur,23,Month-to-month,Standard,Fixed wireless,Yes,No,Yes,Yes,No,Yes,No,Yes,No,Virtual account,No,96.55,2279.5,101.4,3,0,1,1.0,0,19,0,6,Phone;Fixed wireless;Online Security;Tech Support;Streaming Movies;Device Protection,2255.5,Yes
C001731,Male,20,Jabodetabek,50,Month-to-month,Standard,Fiber optic,Yes,No,No,No,Yes,No,Yes,Yes,Yes,Bank transfer (auto),Yes,88.85,3878.35,119.6,3,0,1,1.7,2,9,15,5,Phone;Fiber optic;Streaming TV;Cloud Storage;Device Protection,3904.35,No
C000183,Female,57,Jawa Barat,17,Month-to-month,Basic,Fiber optic,Yes,No,No,No,Yes,No,No,No,Yes,Cash/retail outlet,No,60.33,1029.42,43.2,1,0,1,3.3,2,7,0,3,Phone;Fiber optic;Streaming TV,1071.42,No
C000982,Male,52,Jawa Timur,13,Month-to-month,Basic,DSL,Yes,No,No,No,No,No,No,Yes,Yes,Bank transfer (auto),Yes,59.47,685.09,43.2,0,0,0,,4,2,10,3,Phone;DSL;Device Protection,785.09,No
C000652,Male,36,Bali-Nusa Tenggara,17,Month-to-month,Basic,Fixed wireless,Yes,No,No,No,Yes,Yes,No,No,Yes,Bank transfer (auto),Yes,60.53,932.44,66.9,0,1,0,3.1,1,10,10,4,Phone;Fixed wireless;Streaming TV;Streaming Movies,945.44,No
C001807,Female,43,Jabodetabek,20,Month-to-month,Premium,Fixed wireless,Yes,No,No,No,No,No,No,No,Yes,Virtual account,No,90.07,1766.11,126.5,1,0,1,2.5,2,5,0,2,Phone;Fixed wireless,1808.11,Yes
C001758,Male,57,Bali-Nusa Tenggara,15,Month-to-month,Standard,DSL,Yes,Yes,No,No,Yes,No,No,No,Yes,Credit card (auto),Yes,79.65,995.84,98.3,3,0,1,2.5,0,8,15,4,Phone;Multiple Lines;DSL;Streaming TV,971.84,No
C000149,Male,51,Sulawesi,35,Month-to-month,Basic,Fiber optic,Yes,No,No,No,Yes,No,No,No,Yes,Credit card (auto),Yes,57.21,2056.58,84.1,4,1,0,1.1,1,8,0,3,Phone;Fiber optic;Streaming TV,2037.58,No
C001561,Male,43,Jawa Barat,6,Month-to-month,Standard,Fixed wireless,Yes,No,Yes,No,Yes,Yes,No,No,Yes,Credit card (auto),Yes,82.87,389.56,142.1,2,0,1,2.8,1,4,20,5,Phone;Fixed wireless;Online Security;Streaming TV;Streaming Movies,398.56,Yes
C001880,Female,39,Jawa Tengah,14,Two year,Standard,Fixed wireless,Yes,No,No,No,Yes,No,No,No,Yes,E-wallet,No,74.04,938.61,114.8,0,0,2,3.8,2,3,10,3,Phone;Fixed wireless;Streaming TV,988.61,No
C000789,Male,52,Jawa Timur,38,One year,Standard,Fiber optic,No,No,No,No,No,Yes,No,Yes,Yes,Bank transfer (auto),Yes,89.0,3465.83,83.5,2,0,0,,3,3,0,3,Fiber optic;Streaming Movies;Device Protection,3524.83,No
C000890,Male,25,Jabodetabek,19,Month-to-month,Premium,Fixed wireless,No,No,Yes,No,No,No,No,No,Yes,Virtual account,No,94.79,1581.91,129.9,0,0,1,3.0,3,5,10,2,Fixed wireless;Online Security,1656.91,No
C001210,Male,58,Jawa Tengah,28,Two year,Premium,DSL,Yes,Yes,Yes,No,Yes,No,Yes,Yes,No,Bank transfer (auto),Yes,113.78,2911.68,131.9,2,0,0,,2,13,10,7,Phone;Multiple Lines;DSL;Online Security;Streaming TV;Cloud Storage;Device Protection,2945.68,No
C000409,Female,29,Jawa Timur,7,One year,Standard,Fiber optic,Yes,No,No,No,Yes,No,No,No,Yes,Credit card (auto),Yes,83.41,504.94,136.0,2,0,0,3.1,0,9,15,3,Phone;Fiber optic;Streaming TV,488.94,No
C000737,Male,38,Jabodetabek,31,Month-to-month,Standard,Fixed wireless,No,No,No,No,No,Yes,No,No,Yes,Virtual account,No,77.56,2221.2,132.5,3,0,0,1.9,2,5,5,2,Fixed wireless;Streaming Movies,2247.2,No
C001311,Female,54,Bali-Nusa Tenggara,48,Month-to-month,Standard,Fixed wireless,Yes,No,Yes,No,Yes,Yes,No,Yes,Yes,Credit card (auto),Yes,88.45,3512.65,126.1,0,0,1,,2,4,15,6,Phone;Fixed wireless;Online Security;Streaming TV;Streaming Movies;Device Protection,3562.65,No
C001590,Male,25,Jabodetabek,22,Month-to-month,Standard,DSL,Yes,No,No,No,Yes,Yes,No,Yes,Yes,Bank transfer (auto),Yes,82.47,1732.09,182.0,0,0,1,4.6,2,11,5,5,Phone;DSL;Streaming TV;Streaming Movies;Device Protection,1782.09,No
C000955,Female,49,Sumatera,10,One year,Standard,Fiber optic,Yes,Yes,No,No,Yes,No,Yes,No,Yes,Bank transfer (auto),Yes,95.35,954.3,124.6,0,1,0,3.2,1,8,0,5,Phone;Multiple Lines;Fiber optic;Streaming TV;Cloud Storage,967.3,No
C000349,Male,47,Jabodetabek,18,Month-to-month,Basic,Fixed wireless,No,No,Yes,Yes,Yes,Yes,No,Yes,No,E-wallet,No,85.97,1322.26,81.6,0,0,0,4.6,3,6,15,6,Fixed wireless;Online Security;Tech Support;Streaming TV;Streaming Movies;Device Protection,1397.26,No
C000892,Male,58,Bali-Nusa Tenggara,15,Two year,Standard,Fiber optic,Yes,No,No,No,No,Yes,No,No,Yes,Cash/retail outlet,No,91.37,1268.81,109.5,0,1,2,3.0,1,12,10,3,Phone;Fiber optic;Streaming Movies,1281.81,No
C001490,Female,57,Jawa Barat,35,Month-to-month,Basic,DSL,Yes,No,Yes,No,No,No,No,No,Yes,Credit card (auto),Yes,50.06,1759.56,44.8,0,1,1,4.0,2,10,0,3,Phone;DSL;Online Security,1797.56,No
C000491,Male,54,Jabodetabek,47,Two year,Basic,Fiber optic,Yes,No,Yes,Yes,Yes,No,Yes,No,Yes,Credit card (auto),Yes,87.65,3681.05,59.0,0,0,0,3.8,4,6,10,6,Phone;Fiber optic;Online Security;Tech Support;Streaming TV;Cloud Storage,3781.05,No
C001336,Male,36,Jabodetabek,24,Month-to-month,Standard,Fiber optic,Yes,Yes,No,No,No,No,No,No,Yes,Credit card (auto),Yes,82.28,1968.57,80.0,1,1,2,2.0,1,6,0,3,Phone;Multiple Lines;Fiber optic,1973.57,No
C000324,Female,37,Jawa Tengah,34,One year,Basic,Fiber optic,Yes,No,No,No,No,No,No,No,Yes,Bank transfer (auto),Yes,52.01,1596.35,55.6,3,0,0,2.2,0,8,10,2,Phone;Fiber optic,1572.35,No
C000621,Female,36,Jabodetabek,27,Month-to-month,Standard,Fixed wireless,Yes,Yes,Yes,No,No,Yes,No,No,Yes,Credit card (auto),Yes,88.25,2060.86,111.4,0,1,1,2.1,1,12,15,5,Phone;Multiple Lines;Fixed wireless;Online Security;Streaming Movies,2073.86,No
C000688,Female,33,Jawa Tengah,32,Two year,Standard,DSL,Yes,No,No,No,No,Yes,No,Yes,Yes,E-wallet,No,83.61,2351.71,85.7,3,1,2,2.9,3,10,10,4,Phone;DSL;Streaming Movies;Device Protection,2390.71,No
C001415,Male,46,Sulawesi,47,Month-to-month,Basic,Fiber optic,Yes,Yes,No,No,No,No,No,No,Yes,Virtual account,No,65.39,2472.96,77.5,0,0,1,3.8,3,6,20,3,Phone;Multiple Lines;Fiber optic,2547.96,No
C000943,Female,61,Bali-Nusa Tenggara,17,Month-to-month,Standard,None,Yes,Yes,No,No,No,No,No,No,No,Cash/retail outlet,No,52.48,830.45,,1,1,0,3.4,3,7,5,2,Phone;Multiple Lines,885.45,No
C001052,Male,32,Jawa Timur,27,Month-to-month,Premium,Fiber optic,Yes,Yes,No,No,No,Yes,No,No,Yes,Cash/retail outlet,No,126.43,3222.88,141.7,4,2,2,1,0,11,5,4,Phone;Multiple Lines;Fiber optic;Streaming Movies,3166.88,Yes
C001830,Male,47,Bali-Nusa Tenggara,30,One year,Standard,Fiber optic,Yes,No,No,Yes,No,No,No,No,No,Cash/retail outlet,No,81.09,2311.89,85.0,3,0,1,1.3,0,9,5,3,Phone;Fiber optic;Tech Support,2287.89,No
C000283,Female,44,Jabodetabek,15,Month-to-month,Standard,Fiber optic,Yes,No,No,No,No,No,No,Yes,Yes,Credit card (auto),Yes,79.73,1040.97,57.3,1,0,0,3.7,2,13,15,3,Phone;Fiber optic;Device Protection,1082.97,Yes
C001134,Male,65,Jawa Barat,39,Month-to-month,Standard,DSL,Yes,No,No,Yes,Yes,Yes,No,No,Yes,E-wallet,No,94.19,3575.73,130.8,0,0,2,,3,7,5,5,Phone;DSL;Tech Support;Streaming TV;Streaming Movies,3650.73,No
C000369,Male,45,Jawa Tengah,49,One year,Standard,DSL,Yes,No,Yes,No,No,No,No,Yes,Yes,Bank transfer (auto),Yes,72.91,3589.26,26.4,2,1,1,2.7,5,12,0,4,Phone;DSL;Online Security;Device Protection,3686.26,No
C000654,Female,61,Jabodetabek,16,Month-to-month,Premium,DSL,Yes,No,Yes,No,Yes,Yes,No,Yes,Yes,Bank transfer (auto),Yes,112.54,1792.69,155.4,1,1,2,3.5,2,4,0,6,Phone;DSL;Online Security;Streaming TV;Streaming Movies;Device Protection,1822.69,No
C001874,Female,43,Jawa Timur,45,One year,Basic,Fixed wireless,Yes,No,Yes,No,Yes,No,No,Yes,Yes,Credit card (auto),Yes,67.68,3039.04,62.9,1,0,2,,4,4,0,5,Phone;Fixed wireless;Online Security;Streaming TV;Device Protection,3131.04,No
C001941,Male,55,Jawa Tengah,38,One year,Basic,Fiber optic,Yes,No,Yes,No,No,Yes,No,No,Yes,Virtual account,No,73.35,2762.1,78.2,2,0,2,,1,10,0,4,Phone;Fiber optic;Online Security;Streaming Movies,2771.1,No
C000871,Female,54,Jabodetabek,25,Two year,Standard,Fiber optic,Yes,No,Yes,No,No,No,No,No,No,Bank transfer (auto),Yes,73.19,1617.22,70.9,3,2,1,,0,7,10,3,Phone;Fiber optic;Online Security,1569.22,Yes
C000444,Male,33,Jawa Tengah,12,One year,Basic,DSL,Yes,Yes,Yes,Yes,No,Yes,No,No,Yes,E-wallet,No,64.64,743.57,99.0,1,1,1,3.4,0,8,5,6,Phone;Multiple Lines;DSL;Online Security;Tech Support;Streaming Movies,723.57,No
C001434,Female,62,Jawa Tengah,49,Two year,Basic,Fixed wireless,Yes,Yes,No,No,Yes,No,No,No,Yes,Bank transfer (auto),Yes,69.13,3100.32,52.0,1,0,0,2.9,4,9,10,4,Phone;Multiple Lines;Fixed wireless;Streaming TV,3192.32,No
C000399,Male,41,Kalimantan,23,Month-to-month,Standard,Fiber optic,Yes,No,No,No,Yes,No,No,No,No,Bank transfer (auto),Yes,80.35,1712.36,87.7,3,0,0,2.7,1,4,10,3,Phone;Fiber optic;Streaming TV,1713.36,No
C000440,Male,68,Jawa Timur,29,One year,Standard,DSL,Yes,No,No,No,No,No,Yes,Yes,Yes,Credit card (auto),Yes,77.21,2255.91,62.9,1,0,1,2.5,1,6,0,4,Phone;DSL;Cloud Storage;Device Protection,2272.91,No
C000176,Female,32,Jawa Timur,47,Two year,Standard,Fiber optic,Yes,No,No,No,No,Yes,No,Yes,No,Virtual account,No,91.79,3913.92,90.6,2,0,2,2.4,0,5,10,4,Phone;Fiber optic;Streaming Movies;Device Protection,3897.92,No
C000869,Female,42,Jabodetabek,62,One year,Premium,Fiber optic,Yes,Yes,Yes,No,Yes,Yes,Yes,Yes,Yes,Cash/retail outlet,No,128.85,7492.28,148.0,1,0,1,3.2,5,3,5,8,Phone;Multiple Lines;Fiber optic;Online Security;Streaming TV;Streaming Movies;Cloud Storage;Device Protection,7609.28,No
C001200,Male,33,Jawa Barat,22,One year,Standard,Fiber optic,Yes,No,Yes,No,No,No,Yes,Yes,No,E-wallet,No,87.04,1859.63,89.0,3,0,2,2.3,1,10,0,5,Phone;Fiber optic;Online Security;Cloud Storage;Device Protection,1860.63,No
C000530,Female,45,Kalimantan,36,Two year,Standard,DSL,Yes,No,No,Yes,Yes,No,No,No,Yes,E-wallet,No,76.41,2501.09,107.2,2,0,0,3.2,1,14,10,4,Phone;DSL;Tech Support;Streaming TV,2510.09,No
C001162,Male,33,Jawa Tengah,66,One year,Standard,DSL,Yes,No,Yes,No,No,No,No,No,Yes,E-wallet,No,64.68,4323.01,50.5,1,0,2,3.0,4,6,0,3,Phone;DSL;Online Security,4415.01,No
C000592,Male,42,Jabodetabek,25,One year,Standard,Fixed wireless,Yes,No,No,No,Yes,No,No,No,Yes,Cash/retail outlet,No,73.41,1615.88,92.2,0,1,1,3.4,1,4,10,3,Phone;Fixed wireless;Streaming TV,1628.88,Yes
C001274,Female,31,Jawa Barat,45,One year,Premium,DSL,Yes,No,Yes,No,No,No,Yes,No,No,Virtual account,No,106.08,4388.35,159.3,2,0,2,1.6,2,7,10,4,Phone;DSL;Online Security;Cloud Storage,4422.35,No
C001693,Male,25,Jawa Tengah,21,Month-to-month,Basic,DSL,Yes,No,Yes,No,No,No,Yes,No,Yes,Virtual account,No,51.99,1115.52,19.2,1,1,2,,1,14,0,4,Phone;DSL;Online Security;Cloud Storage,1120.52,No
C000668,Male,59,Jawa Barat,27,One year,Basic,Fixed wireless,Yes,Yes,No,No,No,No,No,No,Yes,Credit card (auto),Yes,54.19,1350.37,59.6,1,0,0,4.0,1,7,10,3,Phone;Multiple Lines;Fixed wireless,1367.37,No
C000271,Male,58,Sulawesi,39,Two year,Basic,Fiber optic,Yes,No,No,Yes,No,Yes,Yes,No,Yes,E-wallet,No,74.91,2314.19,103.9,1,0,1,3.1,2,5,20,5,Phone;Fiber optic;Tech Support;Streaming Movies;Cloud Storage,2356.19,No
C000449,Female,52,Jabodetabek,13,One year,Standard,Fiber optic,Yes,No,No,No,Yes,No,No,No,Yes,Bank transfer (auto),Yes,87.83,1023.02,92.0,3,1,2,2.1,0,10,10,3,Phone;Fiber optic;Streaming TV,987.02,No
C001788,Male,63,Jawa Tengah,60,One year,Standard,Fiber optic,Yes,No,Yes,No,No,No,No,No,Yes,Virtual account,No,84.94,4139.33,62.7,0,0,2,4.1,3,3,20,3,Phone;Fiber optic;Online Security,4214.33,No
C000214,Male,36,Kalimantan,62,Month-to-month,Standard,Fixed wireless,Yes,No,No,Yes,No,No,No,No,Yes,E-wallet,No,83.12,4782.25,79.1,0,0,0,,6,1,5,3,Phone;Fixed wireless;Tech Support,4932.25,No
C000600,Female,34,Sumatera,19,Month-to-month,Standard,Fiber optic,Yes,Yes,No,No,No,No,No,Yes,Yes,Credit card (auto),Yes,93.99,1513.91,105.7,1,1,0,,1,12,15,4,Phone;Multiple Lines;Fiber optic;Device Protection,1518.91,No
C000558,Female,59,Jawa Timur,37,Month-to-month,Basic,Fixed wireless,Yes,Yes,No,Yes,Yes,No,No,No,Yes,Credit card (auto),Yes,71.27,2572.9,57.6,1,0,3,3.8,3,11,5,5,Phone;Multiple Lines;Fixed wireless;Tech Support;Streaming TV,2639.9,No
C001002,Female,34,Kalimantan,29,Month-to-month,Standard,Fiber optic,No,No,Yes,No,No,No,No,Yes,No,Virtual account,No,80.47,2095.17,74.8,0,0,1,3.7,2,7,10,3,Fiber optic;Online Security;Device Protection,2145.17,No
C000667,Female,24,Bali-Nusa Tenggara,38,One year,Premium,Fixed wireless,Yes,No,No,Yes,Yes,No,No,No,No,Bank transfer (auto),Yes,107.77,4091.85,197.4,0,1,2,,1,10,0,4,Phone;Fixed wireless;Tech Support;Streaming TV,4104.85,No
C001845,Male,31,Jabodetabek,49,One year,Basic,DSL,Yes,Yes,No,Yes,No,No,No,Yes,No,Bank transfer (auto),Yes,56.34,2281.89,45.2,2,0,1,3.4,2,4,15,5,Phone;Multiple Lines;DSL;Tech Support;Device Protection,2315.89,No
C000516,Male,36,Jabodetabek,60,Month-to-month,Basic,Fiber optic,Yes,No,No,Yes,Yes,No,No,No,Yes,Bank transfer (auto),Yes,71.62,4225.56,110.3,1,0,0,3.1,3,7,0,4,Phone;Fiber optic;Tech Support;Streaming TV,4292.56,No
C001013,Male,60,Jawa Timur,14,Month-to-month,Standard,Fixed wireless,Yes,No,No,No,No,Yes,No,Yes,Yes,Credit card (auto),Yes,81.82,968.72,121.0,2,1,0,2.4,1,11,15,4,Phone;Fixed wireless;Streaming Movies;Device Protection,965.72,Yes
C000822,Female,29,Bali-Nusa Tenggara,37,Month-to-month,Standard,Fiber optic,Yes,No,No,Yes,No,No,Yes,No,No,Bank transfer (auto),Yes,94.93,3492.91,72.4,2,1,0,2.6,1,11,0,4,Phone;Fiber optic;Tech Support;Cloud Storage,3489.91,No
C001602,Female,35,Sulawesi,33,One year,Premium,DSL,Yes,No,No,No,Yes,Yes,Yes,No,Yes,Cash/retail outlet,No,114.82,3699.71,154.1,0,1,1,4.4,2,13,0,5,Phone;DSL;Streaming TV;Streaming Movies;Cloud Storage,3737.71,No
C001241,Female,52,Jabodetabek,19,Month-to-month,Basic,Fixed wireless,Yes,Yes,No,Yes,No,Yes,No,No,Yes,E-wallet,No,74.52,1286.43,96.7,0,1,1,2.8,0,5,10,5,Phone;Multiple Lines;Fixed wireless;Tech Support;Streaming Movies,1274.43,No
C000272,Male,44,Kalimantan,3,Month-to-month,Premium,Fixed wireless,Yes,Yes,No,No,No,Yes,Yes,No,No,Credit card (auto),Yes,109.08,326.18,123.6,1,0,2,4.8,2,5,0,5,Phone;Multiple Lines;Fixed wireless;Streaming Movies;Cloud Storage,368.18,No
C001599,Female,59,Jawa Tengah,56,Two year,Premium,DSL,No,No,Yes,No,No,Yes,No,Yes,No,E-wallet,No,104.21,5186.27,131.2,2,0,0,3.0,1,4,10,4,DSL;Online Security;Streaming Movies;Device Protection,5195.27,No
C001521,Female,43,Jawa Tengah,65,One year,Standard,Fiber optic,Yes,No,No,No,No,No,No,Yes,No,E-wallet,No,82.46,5035.66,135.8,2,0,2,2.4,2,9,5,3,Phone;Fiber optic;Device Protection,5069.66,No
C001454,Female,49,Sumatera,32,Month-to-month,Premium,Fiber optic,No,No,Yes,No,No,Yes,No,No,Yes,E-wallet,No,118.61,3296.18,156.3,0,0,2,3.7,1,3,15,3,Fiber optic;Online Security;Streaming Movies,3321.18,Yes
C000368,Male,55,Sumatera,24,Two year,Premium,DSL,Yes,Yes,Yes,Yes,No,Yes,No,No,Yes,Bank transfer (auto),Yes,113.68,2424.19,155.1,0,0,0,,2,3,10,6,Phone;Multiple Lines;DSL;Online Security;Tech Support;Streaming Movies,2474.19,No
C001097,Female,40,Jawa Barat,61,Two year,Standard,Fixed wireless,Yes,Yes,No,Yes,No,No,No,No,Yes,Credit card (auto),Yes,92.2,5032.63,99.2,0,0,0,3.5,4,3,10,4,Phone;Multiple Lines;Fixed wireless;Tech Support,5132.63,No
C000751,Female,35,Jabodetabek,36,One year,Standard,Fiber optic,Yes,Yes,No,No,No,No,Yes,No,Yes,Virtual account,No,83.84,2835.02,55.7,2,1,2,2.7,0,9,5,4,Phone;Multiple Lines;Fiber optic;Cloud Storage,2807.02,No
C000682,Male,42,Jabodetabek,37,One year,Premium,DSL,Yes,No,Yes,No,Yes,No,No,Yes,Yes,Cash/retail outlet,No,110.93,4163.51,139.3,1,1,1,2.9,0,6,0,5,Phone;DSL;Online Security;Streaming TV;Device Protection,4143.51,No
C001176,Male,26,Jawa Barat,41,One year,Premium,Fixed wireless,Yes,Yes,No,Yes,Yes,Yes,No,Yes,Yes,Cash/retail outlet,No,134.35,5480.36,189.4,1,0,1,2.7,0,6,0,7,Phone;Multiple Lines;Fixed wireless;Tech Support;Streaming TV;Streaming Movies;Device Protection,5472.36,No
C000138,Male,27,Jawa Barat,11,Month-to-month,Basic,Fiber optic,Yes,Yes,Yes,No,No,No,No,Yes,Yes,Virtual account,No,76.2,794.24,70.9,0,0,2,4.9,2,3,5,5,Phone;Multiple Lines;Fiber optic;Online Security;Device Protection,844.24,No
C001361,Male,41,Jabodetabek,15,Month-to-month,Standard,Fiber optic,Yes,No,No,No,No,Yes,No,No,Yes,Credit card (auto),Yes,85.74,1265.91,98.9,0,1,1,3.6,0,5,0,3,Phone;Fiber optic;Streaming Movies,1253.91,No
C001981,Male,59,Jawa Barat,51,Month-to-month,Basic,Fiber optic,Yes,No,No,No,No,Yes,No,No,No,E-wallet,No,62.1,2810.21,83.2,5,1,4,1.4,2,8,10,3,Phone;Fiber optic;Streaming Movies,2808.21,Yes
C001428,Male,49,Jabodetabek,47,One year,Premium,Fixed wireless,Yes,Yes,Yes,No,Yes,No,Yes,Yes,Yes,E-wallet,No,122.43,4815.2,163.7,1,1,1,3.2,4,6,15,7,Phone;Multiple Lines;Fixed wireless;Online Security;Streaming TV;Cloud Storage;Device Protection,4895.2,No
C000378,Male,41,Sulawesi,28,Two year,Basic,DSL,Yes,Yes,No,Yes,No,No,No,No,No,Cash/retail outlet,No,57.47,1414.93,39.0,0,0,1,4.1,2,9,10,4,Phone;Multiple Lines;DSL;Tech Support,1464.93,No
C000854,Female,27,Sulawesi,12,Month-to-month,Standard,Fiber optic,Yes,No,No,No,Yes,No,No,No,No,Credit card (auto),Yes,84.26,1005.91,104.3,0,0,1,3.5,3,5,0,3,Phone;Fiber optic;Streaming TV,1080.91,No
C000497,Male,58,Jawa Barat,20,Month-to-month,Basic,DSL,Yes,No,No,Yes,Yes,No,No,Yes,Yes,Bank transfer (auto),Yes,64.48,1307.97,110.5,2,0,0,,1,3,0,5,Phone;DSL;Tech Support;Streaming TV;Device Protection,1316.97,No
C001742,Female,44,Sumatera,8,Month-to-month,Standard,DSL,Yes,No,No,Yes,No,No,No,No,No,E-wallet,No,66.37,469.96,61.1,3,0,1,2.7,1,12,10,3,Phone;DSL;Tech Support,470.96,Yes
C001723,Male,23,Jawa Timur,48,One year,Standard,Fiber optic,Yes,Yes,No,Yes,No,No,No,No,No,E-wallet,No,94.52,4136.58,126.7,2,0,0,3.2,5,8,10,4,Phone;Multiple Lines;Fiber optic;Tech Support,4245.58,No
C001711,Male,44,Jawa Tengah,24,One year,Standard,Fiber optic,Yes,No,No,Yes,No,No,No,No,Yes,Credit card (auto),Yes,85.66,1707.43,60.2,0,0,1,4.4,3,6,15,3,Phone;Fiber optic;Tech Support,1782.43,No
C000785,Male,55,Jabodetabek,28,Two year,Basic,Fiber optic,Yes,No,Yes,No,Yes,No,No,Yes,Yes,Virtual account,No,75.37,1880.27,40.7,2,1,1,1.8,0,16,10,5,Phone;Fiber optic;Online Security;Streaming TV;Device Protection,1852.27,No
C000177,Female,61,Sumatera,32,One year,Standard,Fiber optic,Yes,No,No,No,Yes,No,Yes,No,No,E-wallet,No,93.16,3065.93,104.9,2,2,1,2.7,2,6,0,4,Phone;Fiber optic;Streaming TV;Cloud Storage,3075.93,No
C000694,Male,33,Jawa Timur,51,Two year,Standard,None,Yes,No,No,No,No,No,No,No,No,Credit card (auto),Yes,42.77,1921.65,,1,0,1,4.4,3,7,10,1,Phone,1988.65,No
C000809,Male,31,Jabodetabek,47,Month-to-month,Standard,Fiber optic,Yes,Yes,Yes,No,No,Yes,No,No,No,E-wallet,No,91.76,4239.64,104.3,1,1,2,3.3,1,4,0,5,Phone;Multiple Lines;Fiber optic;Online Security;Streaming Movies,4244.64,No
C000703,Female,42,Jawa Timur,33,Month-to-month,Basic,DSL,Yes,No,No,No,No,No,No,No,No,E-wallet,No,36.65,1018.12,41.0,1,0,1,3.0,2,3,15,2,Phone;DSL,1060.12,No
C001633,Female,57,Jawa Tengah,37,Two year,Standard,Fixed wireless,Yes,No,No,Yes,No,Yes,Yes,No,Yes,E-wallet,No,88.57,3037.43,125.1,1,1,0,4.1,2,19,10,5,Phone;Fixed wireless;Tech Support;Streaming Movies;Cloud Storage,3067.43,No
C000573,Female,57,Jawa Barat,48,One year,Standard,Fiber optic,Yes,No,No,Yes,Yes,No,No,Yes,Yes,Virtual account,No,102.0,5027.8,122.6,2,0,4,2.3,1,18,0,5,Phone;Fiber optic;Tech Support;Streaming TV;Device Protection,5036.8,No
C000408,Female,54,Kalimantan,49,Month-to-month,Basic,DSL,Yes,No,Yes,No,Yes,Yes,No,No,Yes,Credit card (auto),Yes,71.31,3344.09,79.6,1,1,1,3.3,2,4,5,5,Phone;DSL;Online Security;Streaming TV;Streaming Movies,3374.09,No
C001616,Female,50,Sulawesi,36,Month-to-month,Standard,Fiber optic,Yes,Yes,No,No,No,No,No,No,Yes,Virtual account,No,75.62,2650.96,87.1,1,1,0,2.5,2,9,5,3,Phone;Multiple Lines;Fiber optic,2680.96,Yes
C001914,Female,40,Jabodetabek,33,Month-to-month,Basic,None,Yes,Yes,No,No,No,No,No,No,No,Credit card (auto),Yes,28.17,933.91,,4,0,0,2.0,2,5,0,2,Phone;Multiple Lines,951.91,No
C000321,Female,58,Jawa Barat,27,Month-to-month,Premium,DSL,Yes,Yes,No,Yes,No,Yes,Yes,No,Yes,Credit card (auto),Yes,115.86,3084.33,170.1,0,0,0,4.0,2,2,0,6,Phone;Multiple Lines;DSL;Tech Support;Streaming Movies;Cloud Storage,3134.33,No
C001453,Female,60,Sumatera,20,Month-to-month,Basic,Fiber optic,Yes,No,No,No,Yes,No,Yes,No,Yes,Virtual account,No,64.42,1320.62,58.4,3,0,2,,0,6,0,4,Phone;Fiber optic;Streaming TV;Cloud Storage,1296.62,No
C001104,Male,46,Sumatera,16,One year,Premium,DSL,No,No,Yes,Yes,No,No,No,Yes,Yes,Bank transfer (auto),Yes,111.24,1720.27,116.0,1,0,2,4.4,2,12,5,4,DSL;Online Security;Tech Support;Device Protection,1762.27,No
C000242,Male,34,Jabodetabek,32,Two year,Premium,Fiber optic,No,No,Yes,Yes,Yes,Yes,Yes,No,Yes,E-wallet,No,135.99,3946.71,129.9,0,1,2,3.8,3,8,10,6,Fiber optic;Online Security;Tech Support;Streaming TV;Streaming Movies;Cloud Storage,4009.71,No
C001536,Female,28,Jawa Barat,58,Two year,Premium,Fiber optic,Yes,Yes,No,No,Yes,Yes,No,No,No,Cash/retail outlet,No,123.04,6274.1,176.5,1,0,1,3.1,1,9,10,5,Phone;Multiple Lines;Fiber optic;Streaming TV;Streaming Movies,6291.1,No
C001383,Female,47,Jawa Tengah,36,Two year,Basic,Fixed wireless,Yes,Yes,Yes,Yes,Yes,No,No,No,Yes,Credit card (auto),Yes,77.5,2541.91,73.5,0,1,0,2.8,2,16,10,6,Phone;Multiple Lines;Fixed wireless;Online Security;Tech Support;Streaming TV,2579.91,No
C001645,Female,35,Jawa Barat,12,Month-to-month,Basic,Fiber optic,Yes,No,No,Yes,No,Yes,Yes,No,No,E-wallet,No,83.01,1012.13,32.7,2,1,1,,0,10,0,5,Phone;Fiber optic;Tech Support;Streaming Movies;Cloud Storage,984.13,No
C000187,Male,55,Kalimantan,38,Two year,Basic,Fixed wireless,Yes,Yes,Yes,No,No,Yes,No,No,Yes,Virtual account,No,69.87,2457.83,104.7,1,0,0,2.8,2,17,10,5,Phone;Multiple Lines;Fixed wireless;Online Security;Streaming Movies,2499.83,No
C001085,Female,39,Jawa Timur,20,Month-to-month,Basic,DSL,Yes,Yes,No,No,Yes,No,No,No,No,Credit card (auto),Yes,58.3,1183.83,83.3,1,0,1,3.0,2,14,0,4,Phone;Multiple Lines;DSL;Streaming TV,1225.83,No
C001460,Male,44,Jabodetabek,13,Month-to-month,Standard,DSL,Yes,No,No,No,Yes,Yes,No,No,Yes,Cash/retail outlet,No,81.87,1037.7,70.6,0,0,0,4.0,2,2,0,4,Phone;DSL;Streaming TV;Streaming Movies,1087.7,No
C000364,Female,22,Jawa Tengah,21,Month-to-month,Standard,Fiber optic,Yes,No,No,Yes,Yes,Yes,Yes,Yes,Yes,Bank transfer (auto),Yes,102.09,2162.04,119.3,0,0,1,3.3,2,5,0,7,Phone;Fiber optic;Tech Support;Streaming TV;Streaming Movies;Cloud Storage;Device Protection,2212.04,No
C001688,Male,51,Jawa Timur,48,Month-to-month,Standard,Fiber optic,Yes,Yes,No,No,No,No,No,No,Yes,Virtual account,No,82.62,4044.91,102.4,2,1,2,1.9,0,16,0,3,Phone;Multiple Lines;Fiber optic,4016.91,Yes
C001436,Male,35,Jawa Tengah,10,Month-to-month,Basic,Fixed wireless,Yes,No,Yes,No,No,No,No,No,Yes,Virtual account,No,55.3,457.0,42.2,0,0,0,,3,1,15,3,Phone;Fixed wireless;Online Security,532.0,No
C001028,Female,53,Bali-Nusa Tenggara,51,Month-to-month,Basic,Fixed wireless,Yes,Yes,No,No,No,No,No,No,No,Bank transfer (auto),Yes,54.93,2885.16,49.9,2,1,1,2.8,1,6,0,3,Phone;Multiple Lines;Fixed wireless,2882.16,No
C001455,Female,34,Jawa Tengah,24,Month-to-month,Basic,DSL,Yes,No,No,No,No,Yes,No,Yes,No,Bank transfer (auto),Yes,53.44,1217.89,73.9,2,1,2,1.2,0,8,5,4,Phone;DSL;Streaming Movies;Device Protection,1189.89,No
C001995,Male,33,Jawa Barat,4,One year,Premium,Fixed wireless,Yes,Yes,No,Yes,Yes,Yes,No,No,No,Cash/retail outlet,No,118.47,417.99,160.9,0,1,1,3.2,1,6,10,6,Phone;Multiple Lines;Fixed wireless;Tech Support;Streaming TV;Streaming Movies,430.99,No
C000334,Male,28,Bali-Nusa Tenggara,4,Month-to-month,Premium,None,Yes,Yes,No,No,No,No,No,No,Yes,Credit card (auto),Yes,76.84,293.82,,1,1,0,3.8,0,10,5,2,Phone;Multiple Lines,273.82,No
C000903,Male,25,Jabodetabek,20,One year,Standard,Fiber optic,Yes,No,Yes,No,No,No,No,No,Yes,Bank transfer (auto),Yes,79.88,1612.37,103.4,1,1,1,2.6,0,6,0,3,Phone;Fiber optic;Online Security,1592.37,No
C001471,Male,47,Jawa Barat,15,Month-to-month,Basic,None,Yes,No,No,No,No,No,No,No,Yes,E-wallet,No,26.03,362.42,,3,0,0,2.4,1,6,5,1,Phone,363.42,No
C001699,Male,46,Jawa Barat,21,One year,Premium,Fiber optic,Yes,No,No,Yes,Yes,Yes,No,No,No,Credit card (auto),Yes,124.91,2625.3,150.0,2,0,1,2.5,0,6,0,5,Phone;Fiber optic;Tech Support;Streaming TV;Streaming Movies,2609.3,No
C000697,Male,46,Jawa Tengah,33,Month-to-month,Standard,DSL,Yes,Yes,Yes,Yes,No,No,No,No,No,E-wallet,No,73.32,2071.21,84.5,1,0,3,2.4,3,6,15,5,Phone;Multiple Lines;DSL;Online Security;Tech Support,2138.21,No
C001364,Female,32,Sulawesi,16,Month-to-month,Standard,DSL,Yes,No,No,No,No,Yes,No,No,Yes,Credit card (auto),Yes,74.2,1192.7,107.4,2,0,0,2.3,1,13,0,3,Phone;DSL;Streaming Movies,1201.7,No
C000322,Female,33,Jabodetabek,21,Month-to-month,Basic,DSL,Yes,No,No,No,No,No,No,No,Yes,E-wallet,No,40.56,788.4,35.4,3,0,3,2.6,1,5,5,2,Phone;DSL,789.4,No
C001083,Male,60,Sumatera,58,Two year,Basic,Fiber optic,Yes,No,No,No,No,Yes,No,No,No,Credit card (auto),Yes,69.45,3560.2,80.8,1,0,1,4.2,3,3,10,3,Phone;Fiber optic;Streaming Movies,3627.2,No
C000597,Male,41,Jawa Barat,16,Month-to-month,Standard,Fiber optic,Yes,No,No,No,Yes,No,No,Yes,Yes,Virtual account,No,91.7,1443.54,84.8,0,0,3,,0,18,0,4,Phone;Fiber optic;Streaming TV;Device Protection,1443.54,No
C000836,Male,46,Jabodetabek,9,Month-to-month,Standard,Fiber optic,Yes,Yes,No,No,Yes,No,Yes,No,No,E-wallet,No,94.24,714.56,99.6,1,0,2,2.6,3,8,15,5,Phone;Multiple Lines;Fiber optic;Streaming TV;Cloud Storage,781.56,Yes
C000781,Male,48,Jawa Barat,53,Two year,Standard,Fiber optic,Yes,No,No,Yes,No,No,Yes,No,No,Bank transfer (auto),Yes,89.06,4334.54,84.3,1,0,0,3.9,3,15,10,4,Phone;Fiber optic;Tech Support;Cloud Storage,4401.54,No
C001053,Male,58,Jabodetabek,20,Month-to-month,Basic,DSL,Yes,Yes,Yes,No,Yes,No,No,No,No,Credit card (auto),Yes,69.32,1395.86,94.4,1,1,1,2.1,0,12,0,5,Phone;Multiple Lines;DSL;Online Security;Streaming TV,1375.86,No
C001581,Female,51,Jawa Tengah,41,One year,Basic,Fixed wireless,Yes,No,No,No,Yes,No,Yes,No,No,Bank transfer (auto),Yes,65.26,2567.17,106.2,1,0,2,,3,11,5,4,Phone;Fixed wireless;Streaming TV;Cloud Storage,2634.17,No
C001451,Male,54,Jabodetabek,53,Two year,Premium,Fixed wireless,Yes,Yes,Yes,No,No,Yes,Yes,No,Yes,Credit card (auto),Yes,117.96,5585.9,146.4,0,0,0,3.7,3,3,10,6,Phone;Multiple Lines;Fixed wireless;Online Security;Streaming Movies;Cloud Storage,5660.9,No
C000763,Female,59,Jawa Tengah,17,One year,Standard,Fiber optic,Yes,No,Yes,No,Yes,Yes,No,No,Yes,Virtual account,No,101.66,1458.76,123.5,2,0,2,2.5,1,18,15,5,Phone;Fiber optic;Online Security;Streaming TV;Streaming Movies,1467.76,No
C000266,Male,54,Jawa Barat,36,One year,Standard,Fiber optic,Yes,Yes,No,No,Yes,No,No,No,Yes,Credit card (auto),Yes,95.29,3337.51,87.4,1,0,1,,3,1,5,4,Phone;Multiple Lines;Fiber optic;Streaming TV,3404.51,No
C001007,Female,36,Jawa Timur,17,Month-to-month,Standard,Fiber optic,No,No,No,Yes,No,Yes,No,Yes,No,Virtual account,No,93.51,1440.86,154.0,1,0,1,3.3,2,17,10,4,Fiber optic;Tech Support;Streaming Movies;Device Protection,1482.86,Yes
C001410,Male,27,Sumatera,34,Month-to-month,Premium,Fixed wireless,Yes,No,No,No,No,Yes,Yes,No,Yes,Credit card (auto),Yes,107.8,3347.52,159.0,1,0,1,3.8,2,8,10,4,Phone;Fixed wireless;Streaming Movies;Cloud Storage,3389.52,No
C000484,Male,34,Jawa Barat,47,Two year,Basic,Fiber optic,Yes,No,No,No,No,Yes,No,No,Yes,E-wallet,No,65.77,2782.21,48.8,2,0,1,,2,14,10,3,Phone;Fiber optic;Streaming Movies,2816.21,No
C000051,Female,38,Jawa Timur,10,Month-to-month,Premium,Fiber optic,Yes,Yes,No,Yes,Yes,No,No,No,Yes,Credit card (auto),Yes,124.84,1244.7,152.8,1,0,1,3.8,2,23,0,5,Phone;Multiple Lines;Fiber optic;Tech Support;Streaming TV,1286.7,No
C000456,Male,34,Kalimantan,7,Month-to-month,Premium,Fixed wireless,Yes,No,No,Yes,No,Yes,Yes,No,Yes,E-wallet,No,109.04,728.37,174.5,1,1,1,2.9,0,5,5,5,Phone;Fixed wireless;Tech Support;Streaming Movies;Cloud Storage,708.37,No
C000188,Male,50,Jawa Barat,52,One year,Premium,Fixed wireless,Yes,Yes,Yes,No,No,No,Yes,No,Yes,Virtual account,No,113.29,5477.57,79.1,1,0,3,2.7,2,23,5,5,Phone;Multiple Lines;Fixed wireless;Online Security;Cloud Storage,5519.57,Yes
C000146,Male,44,Bali-Nusa Tenggara,11,Month-to-month,Standard,DSL,Yes,No,Yes,Yes,Yes,Yes,No,No,Yes,Bank transfer (auto),Yes,87.89,918.52,125.1,1,1,1,2.9,1,5,5,6,Phone;DSL;Online Security;Tech Support;Streaming TV;Streaming Movies,923.52,No
C001549,Male,54,Jawa Barat,32,One year,Basic,Fixed wireless,Yes,No,Yes,No,Yes,No,Yes,No,No,Credit card (auto),Yes,67.05,1771.02,60.0,0,1,0,3.5,0,4,15,5,Phone;Fixed wireless;Online Security;Streaming TV;Cloud Storage,1759.02,No
C001026,Male,48,Kalimantan,17,Month-to-month,Standard,Fiber optic,Yes,No,Yes,Yes,No,Yes,No,Yes,Yes,Bank transfer (auto),Yes,96.55,1618.51,75.5,2,1,0,4.1,2,11,0,6,Phone;Fiber optic;Online Security;Tech Support;Streaming Movies;Device Protection,1640.51,No
C001534,Male,42,Bali-Nusa Tenggara,49,Two year,Basic,Fiber optic,No,No,Yes,No,No,No,No,Yes,No,Credit card (auto),Yes,64.91,2900.95,26.7,3,1,1,2.4,3,6,10,3,Fiber optic;Online Security;Device Protection,2939.95,No
C001989,Male,29,Bali-Nusa Tenggara,14,Month-to-month,Standard,DSL,Yes,No,No,No,Yes,Yes,Yes,No,Yes,Credit card (auto),Yes,87.16,1187.68,121.5,0,0,0,4.7,0,4,5,5,Phone;DSL;Streaming TV;Streaming Movies;Cloud Storage,1187.68,No
C001394,Female,65,Sumatera,16,One year,Standard,DSL,Yes,No,No,Yes,No,No,No,Yes,Yes,E-wallet,No,77.2,1186.27,108.2,0,1,0,3.2,2,5,5,4,Phone;DSL;Tech Support;Device Protection,1224.27,No
C001358,Female,41,Jawa Tengah,47,Month-to-month,Premium,Fiber optic,Yes,No,No,No,Yes,No,No,No,Yes,Credit card (auto),Yes,107.01,4910.3,141.2,2,0,1,2.3,2,5,0,3,Phone;Fiber optic;Streaming TV,4944.3,No
C001019,Male,33,Jabodetabek,20,One year,Basic,Fiber optic,Yes,No,No,No,No,No,No,No,No,Virtual account,No,60.1,1120.35,48.2,1,0,1,4.1,1,11,5,2,Phone;Fiber optic,1137.35,No
C000056,Female,36,Jawa Tengah,54,Month-to-month,Standard,Fiber optic,Yes,Yes,No,Yes,Yes,No,No,No,Yes,Cash/retail outlet,No,92.64,4907.43,115.5,0,0,1,4.6,5,4,0,5,Phone;Multiple Lines;Fiber optic;Tech Support;Streaming TV,5032.43,No
C001166,Female,64,Jawa Barat,17,One year,Premium,Fiber optic,Yes,Yes,Yes,Yes,Yes,Yes,No,Yes,Yes,E-wallet,No,145.93,2102.4,163.7,2,1,1,2.4,1,9,15,8,Phone;Multiple Lines;Fiber optic;Online Security;Tech Support;Streaming TV;Streaming Movies;Device Protection,2099.4,No
C001797,Female,63,Jabodetabek,68,Month-to-month,Standard,Fiber optic,Yes,No,No,No,Yes,Yes,No,Yes,Yes,Virtual account,No,91.45,6163.88,135.2,0,0,3,3.1,3,5,0,5,Phone;Fiber optic;Streaming TV;Streaming Movies;Device Protection,6238.88,No
C000605,Female,21,Bali-Nusa Tenggara,64,One year,Premium,Fiber optic,Yes,No,Yes,Yes,No,No,Yes,No,No,Credit card (auto),Yes,119.48,7687.72,160.0,0,1,0,3.5,3,7,0,5,Phone;Fiber optic;Online Security;Tech Support;Cloud Storage,7750.72,No
C001682,Male,45,Sulawesi,22,Month-to-month,Standard,Fixed wireless,No,No,Yes,No,Yes,No,No,No,Yes,Credit card (auto),Yes,78.71,1387.73,80.9,1,2,1,1.7,2,21,20,3,Fixed wireless;Online Security;Streaming TV,1405.73,No
C000072,Female,33,Sumatera,49,Two year,Standard,DSL,Yes,Yes,No,No,Yes,No,Yes,No,Yes,E-wallet,No,77.2,3393.51,116.5,2,0,3,,1,15,10,5,Phone;Multiple Lines;DSL;Streaming TV;Cloud Storage,3402.51,No
C001465,Female,47,Bali-Nusa Tenggara,39,One year,Premium,Fiber optic,Yes,Yes,Yes,No,No,Yes,Yes,No,Yes,Bank transfer (auto),Yes,124.08,4766.96,169.5,1,1,0,3.9,2,15,0,6,Phone;Multiple Lines;Fiber optic;Online Security;Streaming Movies;Cloud Storage,4796.96,No
C001290,Female,32,Jabodetabek,43,One year,Basic,Fiber optic,Yes,No,No,No,Yes,No,No,No,Yes,Bank transfer (auto),Yes,57.14,2387.99,52.0,1,0,1,,2,3,0,3,Phone;Fiber optic;Streaming TV,2429.99,No
C001700,Female,46,Jabodetabek,33,One year,Standard,Fiber optic,Yes,No,No,No,No,Yes,Yes,Yes,Yes,Credit card (auto),Yes,92.54,2537.69,127.3,0,1,1,3.4,3,25,15,5,Phone;Fiber optic;Streaming Movies;Cloud Storage;Device Protection,2600.69,Yes
C000068,Female,49,Jabodetabek,21,Month-to-month,Standard,Fixed wireless,Yes,Yes,No,No,No,No,No,No,Yes,Bank transfer (auto),Yes,76.13,1539.55,95.5,1,1,1,2.9,4,6,5,3,Phone;Multiple Lines;Fixed wireless,1619.55,Yes
C000023,Male,38,Jawa Barat,52,Month-to-month,Standard,None,Yes,Yes,No,No,No,No,No,No,Yes,E-wallet,No,50.05,2657.34,,1,1,2,,1,11,0,2,Phone;Multiple Lines,2662.34,No
C000578,Female,31,Jabodetabek,26,Month-to-month,Basic,Fiber optic,Yes,No,No,No,No,No,Yes,No,Yes,Bank transfer (auto),Yes,56.23,1277.98,42.6,0,0,0,3.3,1,3,10,3,Phone;Fiber optic;Cloud Storage,1302.98,No
C000225,Male,48,Jawa Timur,8,Month-to-month,Standard,Fiber optic,Yes,No,No,No,No,Yes,No,Yes,No,Bank transfer (auto),Yes,87.91,701.19,122.0,1,0,0,3.5,0,7,0,4,Phone;Fiber optic;Streaming Movies;Device Protection,693.19,No
C001189,Male,25,Sulawesi,38,Month-to-month,Standard,DSL,Yes,Yes,Yes,No,Yes,No,Yes,No,Yes,Bank transfer (auto),Yes,93.05,3159.06,137.7,3,0,0,3.0,2,4,10,6,Phone;Multiple Lines;DSL;Online Security;Streaming TV;Cloud Storage,3185.06,No
C000166,Female,57,Kalimantan,27,One year,Basic,Fiber optic,Yes,No,No,Yes,No,Yes,No,No,No,Virtual account,No,72.91,1817.78,62.2,0,0,2,,3,6,5,4,Phone;Fiber optic;Tech Support;Streaming Movies,1892.78,No
C001423,Male,48,Jabodetabek,15,Two year,Standard,Fiber optic,Yes,No,Yes,Yes,No,Yes,No,No,Yes,Virtual account,No,95.55,1242.13,107.3,4,0,2,2.8,1,10,15,5,Phone;Fiber optic;Online Security;Tech Support;Streaming Movies,1235.13,Yes
C000136,Male,59,Jabodetabek,34,Two year,Basic,None,Yes,Yes,No,No,No,No,No,No,No,Bank transfer (auto),Yes,21.73,657.52,,2,1,2,2.3,3,17,10,2,Phone;Multiple Lines,704.52,No
C001930,Female,26,Jawa Timur,42,One year,Premium,Fiber optic,Yes,No,Yes,No,Yes,No,No,Yes,No,Bank transfer (auto),Yes,128.22,5477.33,180.5,0,0,1,3.4,3,3,0,5,Phone;Fiber optic;Online Security;Streaming TV;Device Protection,5552.33,No
C001735,Female,38,Jawa Timur,37,Month-to-month,Basic,Fiber optic,Yes,No,No,Yes,Yes,Yes,No,Yes,Yes,Bank transfer (auto),Yes,80.38,2637.66,67.4,0,1,0,3.1,2,14,10,6,Phone;Fiber optic;Tech Support;Streaming TV;Streaming Movies;Device Protection,2675.66,No
C000584,Male,59,Kalimantan,24,One year,Premium,Fiber optic,No,No,No,No,Yes,Yes,No,No,Yes,Bank transfer (auto),Yes,121.71,2751.48,168.7,1,0,0,3.3,3,3,5,3,Fiber optic;Streaming TV;Streaming Movies,2818.48,No
C001531,Female,43,Sulawesi,62,One year,Standard,DSL,No,No,No,No,Yes,No,No,No,Yes,Virtual account,No,71.48,4336.61,135.4,1,1,1,2.8,6,12,0,2,DSL;Streaming TV,4466.61,No
C000567,Female,58,Sumatera,28,Month-to-month,Standard,Fixed wireless,Yes,No,No,No,No,Yes,No,No,No,Credit card (auto),Yes,75.51,2007.31,108.8,1,1,1,3.6,1,6,5,3,Phone;Fixed wireless;Streaming Movies,2012.31,Yes
C000921,Female,37,Sulawesi,47,One year,Standard,Fiber optic,Yes,No,No,No,No,No,Yes,No,Yes,E-wallet,No,83.16,3970.66,72.1,3,1,0,,2,6,0,3,Phone;Fiber optic;Cloud Storage,3984.66,No
C000345,Male,38,Jawa Timur,48,Month-to-month,Standard,Fiber optic,Yes,No,No,No,No,Yes,No,No,Yes,Bank transfer (auto),Yes,91.05,3802.36,88.4,1,0,1,4.3,4,3,15,3,Phone;Fiber optic;Streaming Movies,3894.36,No
C000565,Female,33,Jawa Timur,14,One year,Standard,Fiber optic,No,No,No,No,Yes,No,No,No,Yes,E-wallet,No,79.26,981.68,119.1,1,1,1,3.4,2,5,10,2,Fiber optic;Streaming TV,1011.68,No
C000120,Female,40,Jawa Tengah,21,Month-to-month,Premium,DSL,Yes,No,No,Yes,Yes,Yes,No,No,No,Virtual account,No,109.15,2225.34,207.6,3,1,1,1.7,0,18,0,5,Phone;DSL;Tech Support;Streaming TV;Streaming Movies,2189.34,No
C000556,Female,53,Jawa Tengah,34,Month-to-month,Premium,DSL,Yes,Yes,No,No,Yes,No,Yes,Yes,Yes,Bank transfer (auto),Yes,113.37,3478.82,191.4,2,0,0,3.1,0,3,10,6,Phone;Multiple Lines;DSL;Streaming TV;Cloud Storage;Device Protection,3462.82,No
C000677,Male,42,Jabodetabek,16,Month-to-month,Basic,DSL,Yes,No,No,Yes,No,No,No,No,Yes,Bank transfer (auto),Yes,49.45,775.28,47.8,1,1,0,2.4,1,11,0,3,Phone;DSL;Tech Support,780.28,No
C000223,Female,25,Jabodetabek,66,Month-to-month,Standard,DSL,Yes,No,No,No,Yes,No,No,No,No,Virtual account,No,72.98,4738.84,48.7,1,0,0,3.8,4,7,0,3,Phone;DSL;Streaming TV,4830.84,No
C001440,Male,26,Jawa Barat,44,Month-to-month,Standard,Fiber optic,No,No,No,Yes,Yes,No,Yes,No,Yes,Bank transfer (auto),Yes,101.8,4049.98,100.9,3,0,1,1.3,0,8,10,4,Fiber optic;Tech Support;Streaming TV;Cloud Storage,4025.98,No
C001304,Female,61,Jabodetabek,21,Month-to-month,Premium,Fiber optic,Yes,No,No,Yes,Yes,No,Yes,Yes,Yes,Bank transfer (auto),Yes,122.0,2637.0,175.1,1,0,0,2.9,0,4,0,6,Phone;Fiber optic;Tech Support;Streaming TV;Cloud Storage;Device Protection,2629.0,No
C000536,Female,44,Jawa Barat,14,Month-to-month,Basic,Fiber optic,Yes,Yes,No,No,No,No,Yes,No,Yes,Virtual account,No,68.45,847.57,42.0,1,0,3,3.7,1,3,10,4,Phone;Multiple Lines;Fiber optic;Cloud Storage,864.57,No
C001775,Male,25,Jawa Tengah,28,Month-to-month,Standard,DSL,Yes,Yes,Yes,Yes,Yes,No,No,No,Yes,E-wallet,No,93.65,2427.62,97.5,0,0,2,4.1,3,11,10,6,Phone;Multiple Lines;DSL;Online Security;Tech Support;Streaming TV,2502.62,No
C000811,Male,48,Sulawesi,65,Two year,Basic,None,Yes,Yes,No,No,No,No,No,No,Yes,Credit card (auto),Yes,32.26,1807.65,,1,0,0,3.0,4,6,15,2,Phone;Multiple Lines,1899.65,No
C001771,Male,33,Bali-Nusa Tenggara,11,Two year,Basic,DSL,Yes,Yes,No,Yes,Yes,No,No,No,Yes,Bank transfer (auto),Yes,68.05,693.19,78.7,4,1,3,1.6,0,8,10,5,Phone;Multiple Lines;DSL;Tech Support;Streaming TV,649.19,No
C001368,Female,66,Jawa Barat,59,Two year,Basic,Fiber optic,Yes,No,No,No,No,No,No,Yes,No,Credit card (auto),Yes,63.2,3445.12,4,1,0,0,,4,3,10,3,Phone;Fiber optic;Device Protection,3537.12,No
C001889,Female,34,Jawa Barat,55,Month-to-month,Standard,DSL,Yes,Yes,Yes,Yes,Yes,Yes,No,Yes,No,Credit card (auto),Yes,105.5,5459.69,100.2,0,1,0,2.6,4,11,5,8,Phone;Multiple Lines;DSL;Online Security;Tech Support;Streaming TV;Streaming Movies;Device Protection,5547.69,No
C001704,Female,72,Jawa Timur,15,Month-to-month,Standard,DSL,Yes,Yes,No,No,Yes,No,No,No,Yes,Credit card (auto),Yes,76.26,1102.85,87.1,0,1,0,3.6,2,4,5,4,Phone;Multiple Lines;DSL;Streaming TV,1140.85,No
C001323,Female,39,Kalimantan,33,Month-to-month,Standard,DSL,Yes,Yes,No,No,Yes,No,Yes,No,Yes,Virtual account,No,78.17,2653.71,80.6,2,2,2,2.0,0,13,0,5,Phone;Multiple Lines;DSL;Streaming TV;Cloud Storage,2613.71,No
C001935,Male,25,Jawa Barat,23,One year,Premium,Fiber optic,Yes,Yes,Yes,Yes,Yes,Yes,No,Yes,No,Virtual account,No,142.47,3198.38,137.5,0,0,2,4.5,3,6,5,8,Phone;Multiple Lines;Fiber optic;Online Security;Tech Support;Streaming TV;Streaming Movies;Device Protection,3273.38,No
C000050,Female,53,Bali-Nusa Tenggara,30,One year,Standard,DSL,No,No,No,No,Yes,No,No,No,No,Bank transfer (auto),Yes,66.73,1693.8,100.9,2,0,0,2.6,1,4,15,2,DSL;Streaming TV,1702.8,No
C000618,Female,29,Jawa Tengah,57,Two year,Standard,Fixed wireless,Yes,No,No,No,Yes,No,No,No,No,E-wallet,No,78.1,4123.67,63.5,0,0,0,4.1,4,15,10,3,Phone;Fixed wireless;Streaming TV,4223.67,No
C000996,Male,40,Jawa Timur,22,Month-to-month,Premium,Fiber optic,Yes,Yes,No,Yes,Yes,No,No,No,Yes,Virtual account,No,119.23,2621.26,149.4,1,0,1,4.2,1,4,0,5,Phone;Multiple Lines;Fiber optic;Tech Support;Streaming TV,2638.26,No
C000604,Female,58,Jabodetabek,37,Month-to-month,Standard,Fiber optic,Yes,No,No,Yes,No,No,Yes,No,Yes,Bank transfer (auto),Yes,88.82,3105.36,81.5,2,0,0,2.7,0,7,5,4,Phone;Fiber optic;Tech Support;Cloud Storage,3089.36,No
C001330,Male,39,Jawa Timur,40,Month-to-month,Standard,Fixed wireless,Yes,Yes,Yes,No,No,No,No,No,Yes,Bank transfer (auto),Yes,79.43,2995.21,99.7,2,1,0,3.4,3,5,5,4,Phone;Multiple Lines;Fixed wireless;Online Security,3042.21,No
C000513,Female,61,Jawa Timur,9,One year,Standard,Fiber optic,No,No,No,No,Yes,No,No,No,Yes,Bank transfer (auto),Yes,84.28,762.09,111.0,2,1,0,2.5,0,6,0,2,Fiber optic;Streaming TV,734.09,No
C000236,Male,37,Jawa Barat,13,One year,Standard,Fiber optic,Yes,No,No,No,No,No,No,No,No,Virtual account,No,77.29,877.73,114.9,0,0,1,,3,4,10,2,Phone;Fiber optic,952.73,No
C000787,Female,30,Jabodetabek,18,Month-to-month,Standard,Fiber optic,Yes,No,No,No,No,Yes,No,No,Yes,Virtual account,No,85.16,1450.17,89.1,1,0,1,2.8,0,4,5,3,Phone;Fiber optic;Streaming Movies,1442.17,No
C001452,Female,37,Bali-Nusa Tenggara,20,Month-to-month,Premium,Fixed wireless,Yes,Yes,No,Yes,Yes,Yes,Yes,No,Yes,,Yes,136.29,2175.23,170.7,2,0,1,3.1,1,4,20,7,Phone;Multiple Lines;Fixed wireless;Tech Support;Streaming TV;Streaming Movies;Cloud Storage,2184.23,No
C000859,Female,31,Jawa Tengah,39,One year,Premium,DSL,Yes,No,Yes,No,No,Yes,No,Yes,Yes,Virtual account,No,109.22,4011.86,135.5,0,0,2,,2,5,5,5,Phone;DSL;Online Security;Streaming Movies;Device Protection,4061.86,No
C001757,Female,32,Jawa Tengah,24,Month-to-month,Basic,Fixed wireless,Yes,Yes,No,Yes,No,No,No,No,Yes,Credit card (auto),Yes,56.25,1144.53,36.4,0,1,1,4.1,1,7,15,4,Phone;Multiple Lines;Fixed wireless;Tech Support,1157.53,Yes
C000650,Male,39,Jabodetabek,50,Two year,Standard,Fiber optic,Yes,Yes,No,No,No,No,No,No,Yes,Virtual account,No,78.92,3086.08,95.3,1,0,1,3.9,4,11,20,3,Phone;Multiple Lines;Fiber optic,3178.08,No
C000740,Female,25,Jabodetabek,44,Month-to-month,Basic,Fiber optic,Yes,Yes,Yes,No,Yes,Yes,No,No,No,Cash/retail outlet,No,83.34,3206.06,115.0,0,1,0,2.7,2,5,15,6,Phone;Multiple Lines;Fiber optic;Online Security;Streaming TV;Streaming Movies,3244.06,No
C001003,Male,25,Jabodetabek,45,Month-to-month,Standard,Fiber optic,Yes,Yes,No,No,Yes,No,No,No,Yes,Credit card (auto),Yes,90.98,3239.98,162.2,0,0,2,3.8,2,6,20,4,Phone;Multiple Lines;Fiber optic;Streaming TV,3289.98,No
C001574,Female,31,Jabodetabek,7,Month-to-month,Premium,DSL,No,No,Yes,No,Yes,Yes,No,No,Yes,Bank transfer (auto),Yes,112.55,682.23,192.1,1,3,0,1.3,0,9,15,4,DSL;Online Security;Streaming TV;Streaming Movies,638.23,Yes
C001638,Female,39,Jawa Tengah,20,One year,Premium,Fiber optic,Yes,No,No,Yes,No,No,No,No,No,Virtual account,No,110.64,2219.2,178.6,0,1,2,3.0,1,6,0,3,Phone;Fiber optic;Tech Support,2232.2,No
C001501,Male,41,Jawa Tengah,49,Two year,Standard,Fixed wireless,Yes,No,Yes,No,No,Yes,Yes,No,Yes,Virtual account,No,86.47,3789.5,85.8,0,1,3,2.7,4,9,10,5,Phone;Fixed wireless;Online Security;Streaming Movies;Cloud Storage,3877.5,No
C000172,Male,55,Jawa Barat,39,Month-to-month,Premium,Fixed wireless,Yes,Yes,Yes,No,Yes,No,Yes,Yes,No,Credit card (auto),Yes,120.03,3929.41,151.0,1,1,0,2.6,1,12,15,7,Phone;Multiple Lines;Fixed wireless;Online Security;Streaming TV;Cloud Storage;Device Protection,3934.41,No
C001120,Male,36,Jawa Barat,43,One year,Basic,Fiber optic,Yes,Yes,No,No,Yes,No,No,No,No,E-wallet,No,62.57,2401.82,79.6,0,1,1,,2,4,10,4,Phone;Multiple Lines;Fiber optic;Streaming TV,2439.82,No
C001553,Female,38,Jabodetabek,19,Month-to-month,Basic,Fiber optic,Yes,Yes,No,Yes,Yes,No,Yes,No,Yes,Virtual account,No,83.82,1476.5,70.9,1,0,2,3.3,1,10,5,6,Phone;Multiple Lines;Fiber optic;Tech Support;Streaming TV;Cloud Storage,1493.5,No
C001773,Female,28,Jabodetabek,12,Month-to-month,Standard,Fiber optic,Yes,Yes,No,No,No,Yes,No,No,Yes,Bank transfer (auto),Yes,99.12,1070.41,43.2,2,0,1,3.6,1,4,10,4,Phone;Multiple Lines;Fiber optic;Streaming Movies,1079.41,No
C001600,Female,47,Jawa Timur,42,Month-to-month,Premium,Fiber optic,Yes,Yes,No,Yes,No,No,No,Yes,Yes,Virtual account,No,122.66,5132.48,132.1,2,0,3,3.0,1,9,0,5,Phone;Multiple Lines;Fiber optic;Tech Support;Device Protection,5141.48,No
C001214,Male,58,Jawa Timur,47,One year,Basic,Fiber optic,Yes,No,No,No,Yes,Yes,Yes,Yes,Yes,E-wallet,No,82.74,3550.48,76.0,2,0,1,2.2,1,10,10,6,Phone;Fiber optic;Streaming TV;Streaming Movies;Cloud Storage;Device Protection,3559.48,Yes
C000878,Female,40,Sumatera,53,One year,Premium,Fiber optic,Yes,No,No,No,Yes,Yes,No,Yes,No,Bank transfer (auto),Yes,114.96,6065.34,169.8,0,0,1,3.7,5,2,0,5,Phone;Fiber optic;Streaming TV;Streaming Movies;Device Protection,6190.34,No
C001367,Male,49,Jawa Barat,48,One year,Premium,DSL,Yes,Yes,No,No,Yes,Yes,No,No,Yes,E-wallet,No,110.61,5235.96,149.1,3,1,1,,1,9,0,5,Phone;Multiple Lines;DSL;Streaming TV;Streaming Movies,5224.96,No
C000179,Female,47,Sumatera,21,One year,Standard,DSL,No,No,Yes,No,No,Yes,No,Yes,No,Credit card (auto),Yes,81.54,1742.76,126.6,1,1,2,2.7,1,9,0,4,DSL;Online Security;Streaming Movies;Device Protection,1747.76,No
C000297,Female,25,Bali-Nusa Tenggara,31,Month-to-month,Standard,DSL,Yes,No,No,No,Yes,No,No,No,Yes,Bank transfer (auto),Yes,79.63,2173.03,91.7,3,2,2,1.1,1,27,10,3,Phone;DSL;Streaming TV,2150.03,No
C000039,Male,49,Jawa Tengah,12,Month-to-month,Standard,Fiber optic,Yes,Yes,No,Yes,No,Yes,No,No,No,Virtual account,No,96.99,1133.19,90.7,2,0,2,3.2,3,3,0,5,Phone;Multiple Lines;Fiber optic;Tech Support;Streaming Movies,1192.19,No
C000503,Male,40,Jawa Timur,8,Month-to-month,Basic,None,Yes,No,No,No,No,No,No,No,Yes,Bank transfer (auto),Yes,24.88,193.21,,0,0,1,4.3,1,10,0,1,Phone,218.21,No
C000834,Male,58,Jawa Barat,9,Two year,Basic,DSL,Yes,No,Yes,Yes,Yes,No,No,No,Yes,E-wallet,No,60.34,455.45,89.3,0,0,1,4.4,3,8,15,5,Phone;DSL;Online Security;Tech Support;Streaming TV,530.45,No
C000965,Female,47,Jabodetabek,11,One year,Premium,Fiber optic,Yes,Yes,Yes,No,Yes,No,No,No,No,E-wallet,No,120.38,1217.15,154.0,1,0,2,3.0,1,8,10,5,Phone;Multiple Lines;Fiber optic;Online Security;Streaming TV,1234.15,Yes
C001089,Female,20,Jabodetabek,38,One year,Standard,DSL,Yes,Yes,No,Yes,Yes,No,No,No,Yes,Virtual account,No,87.74,2961.91,59.7,1,0,1,3.4,2,9,10,5,Phone;Multiple Lines;DSL;Tech Support;Streaming TV,3003.91,No
C001482,Male,35,Jawa Barat,31,Two year,Basic,Fiber optic,Yes,Yes,No,No,No,No,No,No,Yes,Bank transfer (auto),Yes,62.21,1775.75,79.8,1,0,0,,1,6,10,3,Phone;Multiple Lines;Fiber optic,1792.75,No
C001151,Male,38,Sulawesi,49,One year,Basic,DSL,Yes,Yes,No,No,No,No,No,No,Yes,Bank transfer (auto),Yes,50.7,2537.9,58.1,0,0,0,4.5,4,3,0,3,Phone;Multiple Lines;DSL,2637.9,No
C000268,Male,48,Jawa Tengah,23,Two year,Standard,Fiber optic,No,No,No,No,Yes,Yes,No,Yes,Yes,Virtual account,No,94.4,1859.08,142.9,0,1,2,,0,6,15,4,Fiber optic;Streaming TV;Streaming Movies;Device Protection,1847.08,No
C000311,Male,41,Jawa Barat,19,One year,Standard,Fiber optic,Yes,No,No,No,Yes,No,No,No,No,E-wallet,No,81.93,1324.46,108.5,0,2,2,3.4,3,14,15,3,Phone;Fiber optic;Streaming TV,1375.46,No
C000348,Male,27,Sumatera,58,One year,Standard,Fixed wireless,Yes,No,No,No,Yes,Yes,No,No,Yes,Virtual account,No,93.0,5294.78,140.3,0,0,1,4.1,4,7,0,4,Phone;Fixed wireless;Streaming TV;Streaming Movies,5394.78,No
C001024,Male,22,Bali-Nusa Tenggara,33,Two year,Basic,DSL,Yes,No,No,No,Yes,No,Yes,No,Yes,Cash/retail outlet,No,51.09,1535.79,73.0,1,0,2,2.3,0,5,10,4,Phone;DSL;Streaming TV;Cloud Storage,1527.79,No
C001532,Male,60,Sumatera,18,Two year,Basic,DSL,Yes,No,Yes,No,Yes,No,No,No,Yes,Credit card (auto),Yes,65.21,1063.79,81.5,0,1,1,4.1,4,7,10,4,Phone;DSL;Online Security;Streaming TV,1151.79,No
C000191,Male,29,Jawa Barat,36,Two year,Standard,Fiber optic,Yes,Yes,No,No,No,Yes,Yes,No,Yes,E-wallet,No,96.22,3061.02,126.5,4,0,0,1.8,1,7,10,5,Phone;Multiple Lines;Fiber optic;Streaming Movies;Cloud Storage,3054.02,No
C000054,Male,38,Jawa Barat,52,Month-to-month,Basic,DSL,Yes,No,No,No,Yes,Yes,No,No,Yes,Bank transfer (auto),Yes,62.93,2988.91,131.4,2,1,0,2.6,0,15,10,4,Phone;DSL;Streaming TV;Streaming Movies,2960.91,No
C001407,Male,27,Kalimantan,31,One year,Standard,Fiber optic,Yes,No,No,Yes,No,No,Yes,No,Yes,Virtual account,No,84.45,2459.93,94.3,2,1,0,2.6,1,12,5,4,Phone;Fiber optic;Tech Support;Cloud Storage,2456.93,No
C000110,Male,52,Jabodetabek,22,Month-to-month,Standard,Fixed wireless,Yes,No,No,No,No,Yes,No,No,Yes,Bank transfer (auto),Yes,78.23,1509.88,98.3,2,1,0,2.1,0,7,10,3,Phone;Fixed wireless;Streaming Movies,1481.88,No
C001046,Male,37,Jawa Barat,36,One year,Basic,Fixed wireless,Yes,Yes,No,Yes,Yes,No,No,No,Yes,E-wallet,No,73.32,2129.58,53.7,2,2,1,1.2,1,15,20,5,Phone;Multiple Lines;Fixed wireless;Tech Support;Streaming TV,2114.58,Yes
C001680,Male,36,Kalimantan,56,Month-to-month,Standard,None,Yes,Yes,No,No,No,No,No,No,No,Virtual account,No,51.08,2528.55,,2,2,1,1,1,15,10,2,Phone;Multiple Lines,2513.55,Yes
C001582,Female,64,Jawa Barat,16,One year,Standard,DSL,Yes,Yes,No,Yes,Yes,No,No,No,Yes,Virtual account,No,84.84,1231.12,123.9,0,0,0,3.6,1,6,10,5,Phone;Multiple Lines;DSL;Tech Support;Streaming TV,1256.12,No
C000711,Male,53,Jawa Tengah,56,One year,Basic,Fiber optic,No,No,No,No,No,No,No,No,No,Credit card (auto),Yes,57.3,3052.61,62.1,3,1,1,2.2,2,24,5,1,Fiber optic,3066.61,No
C000335,Male,37,Jawa Barat,11,Month-to-month,Standard,None,Yes,No,No,No,No,No,No,No,Yes,E-wallet,No,45.69,492.68,,1,1,1,1.5,0,9,0,1,Phone,472.68,Yes
C001463,Female,36,Jawa Tengah,42,One year,Basic,Fixed wireless,Yes,No,No,Yes,No,No,Yes,No,Yes,Bank transfer (auto),Yes,59.16,2076.99,51.3,2,1,0,4.0,4,12,15,4,Phone;Fixed wireless;Tech Support;Cloud Storage,2148.99,Yes
C001819,Female,25,Jawa Tengah,65,Two year,Standard,Fiber optic,Yes,No,Yes,Yes,No,Yes,No,No,No,Cash/retail outlet,No,96.69,5793.49,97.1,2,0,2,2.3,4,4,10,5,Phone;Fiber optic;Online Security;Tech Support;Streaming Movies,5877.49,No
C001962,Female,26,Jabodetabek,42,Two year,Standard,Fiber optic,Yes,No,No,No,Yes,No,No,No,Yes,,No,83.69,3174.92,121.8,0,2,1,2.9,1,9,10,3,Phone;Fiber optic;Streaming TV,3175.92,No
C001433,Female,31,Sulawesi,17,Month-to-month,Standard,Fiber optic,Yes,No,Yes,No,Yes,No,No,No,Yes,Cash/retail outlet,No,89.05,1384.49,143.4,1,0,0,3.7,3,10,10,4,Phone;Fiber optic;Online Security;Streaming TV,1451.49,No
C000835,Male,38,Kalimantan,12,Two year,Basic,DSL,Yes,Yes,No,No,No,Yes,Yes,No,Yes,Bank transfer (auto),Yes,64.93,712.75,74.5,0,0,2,,1,3,10,5,Phone;Multiple Lines;DSL;Streaming Movies;Cloud Storage,737.75,No
C001092,Male,42,Jawa Timur,6,One year,Basic,Fiber optic,Yes,Yes,Yes,No,No,Yes,No,No,Yes,Cash/retail outlet,No,81.98,500.17,58.0,0,1,2,3.5,3,8,0,5,Phone;Multiple Lines;Fiber optic;Online Security;Streaming Movies,563.17,No
C001842,Male,35,Jawa Barat,32,Two year,Standard,DSL,Yes,Yes,Yes,Yes,No,Yes,No,Yes,Yes,Bank transfer (auto),Yes,96.98,2873.28,82.1,1,0,0,3.5,3,5,10,7,Phone;Multiple Lines;DSL;Online Security;Tech Support;Streaming Movies;Device Protection,2940.28,No
C000331,Male,34,Jawa Tengah,24,Month-to-month,Standard,DSL,Yes,No,No,No,No,No,No,No,No,Bank transfer (auto),Yes,70.6,1517.93,111.6,1,0,1,,1,4,10,2,Phone;DSL,1534.93,No
C000987,Female,31,Sumatera,39,One year,Standard,DSL,Yes,Yes,Yes,No,No,No,Yes,No,Yes,Cash/retail outlet,No,87.16,2884.47,83.9,1,0,1,3.4,1,8,15,5,Phone;Multiple Lines;DSL;Online Security;Cloud Storage,2901.47,No
C002000,Female,25,Jabodetabek,57,Two year,Standard,DSL,Yes,No,No,No,No,Yes,No,No,Yes,Virtual account,No,75.2,3866.93,103.5,2,0,1,3.3,4,10,10,3,Phone;DSL;Streaming Movies,3950.93,No
C000968,Male,35,Jawa Tengah,23,Month-to-month,Standard,Fiber optic,Yes,No,No,Yes,No,No,No,Yes,No,Bank transfer (auto),Yes,89.93,2108.89,71.0,2,1,0,3.2,2,6,0,4,Phone;Fiber optic;Tech Support;Device Protection,2130.89,No
C000880,Male,70,Jabodetabek,42,One year,Basic,None,Yes,No,No,No,No,No,No,No,Yes,Cash/retail outlet,No,18.65,796.9,,0,0,1,3.1,3,16,0,1,Phone,871.9,No
C000423,Female,42,Jawa Tengah,47,Two year,Standard,None,Yes,No,No,No,No,No,No,No,Yes,E-wallet,No,38.49,1635.18,,1,1,1,2.9,3,13,10,1,Phone,1690.18,No
C000533,Female,30,Sulawesi,5,Month-to-month,Standard,DSL,Yes,Yes,No,No,No,Yes,No,No,Yes,Cash/retail outlet,No,85.64,374.36,75.4,1,0,4,3.2,0,4,15,4,Phone;Multiple Lines;DSL;Streaming Movies,366.36,Yes
C001157,Female,33,Jawa Timur,26,Month-to-month,Standard,Fiber optic,Yes,Yes,Yes,No,Yes,No,No,Yes,Yes,Credit card (auto),Yes,109.82,2832.58,115.8,0,0,2,3.1,1,22,0,6,Phone;Multiple Lines;Fiber optic;Online Security;Streaming TV;Device Protection,2857.58,No
C000488,Female,52,Jawa Tengah,42,Month-to-month,Basic,Fiber optic,No,No,Yes,No,No,No,Yes,No,Yes,E-wallet,No,64.87,2510.97,33.4,1,0,3,3.3,2,4,5,3,Fiber optic;Online Security;Cloud Storage,2552.97,Yes
C000929,Male,23,Jabodetabek,22,Month-to-month,Premium,Fiber optic,Yes,No,Yes,No,No,Yes,No,No,No,Credit card (auto),Yes,117.47,2171.26,161.3,0,0,0,,3,9,15,4,Phone;Fiber optic;Online Security;Streaming Movies,2246.26,Yes
C000501,Male,42,Jawa Barat,7,Month-to-month,Basic,Fiber optic,Yes,No,Yes,Yes,No,No,No,Yes,No,Virtual account,No,71.07,468.66,36.2,2,2,1,,0,16,5,5,Phone;Fiber optic;Online Security;Tech Support;Device Protection,428.66,Yes
C000712,Female,64,Jawa Timur,36,Two year,Standard,Fixed wireless,Yes,No,No,No,No,No,No,No,No,Virtual account,No,70.44,2323.27,99.1,2,1,2,2.9,3,13,10,2,Phone;Fixed wireless,2370.27,No
C000541,Female,33,Jawa Timur,31,One year,Standard,Fixed wireless,Yes,No,No,No,No,No,No,No,Yes,E-wallet,No,70.29,2122.91,61.4,0,0,1,4.4,3,3,0,2,Phone;Fixed wireless,2197.91,No
C000595,Male,43,Jabodetabek,24,Month-to-month,Standard,Fixed wireless,Yes,Yes,No,Yes,Yes,No,No,No,No,Credit card (auto),Yes,85.2,1983.12,73.6,1,0,0,3.7,3,5,5,5,Phone;Multiple Lines;Fixed wireless;Tech Support;Streaming TV,2050.12,No
C001027,Female,53,Sumatera,26,Two year,Standard,Fiber optic,Yes,No,No,No,Yes,Yes,No,No,Yes,Virtual account,No,92.15,2131.63,129.3,1,1,1,3.8,3,7,10,4,Phone;Fiber optic;Streaming TV;Streaming Movies,2186.63,No
C000089,Male,46,Jabodetabek,29,Two year,Premium,Fiber optic,Yes,Yes,No,No,No,No,No,No,No,Virtual account,No,104.67,2739.41,119.5,0,0,2,3.8,2,17,10,3,Phone;Multiple Lines;Fiber optic,2789.41,No
C001961,Female,58,Jabodetabek,57,Month-to-month,Basic,Fiber optic,Yes,No,Yes,No,Yes,Yes,No,Yes,No,Virtual account,No,82.54,4697.01,81.3,2,1,1,,2,10,0,6,Phone;Fiber optic;Online Security;Streaming TV;Streaming Movies;Device Protection,4719.01,No
C001677,Male,29,Sulawesi,44,One year,Standard,Fiber optic,Yes,No,No,No,Yes,No,Yes,Yes,No,Credit card (auto),Yes,100.53,4515.8,88.8,3,2,0,1.7,2,8,0,5,Phone;Fiber optic;Streaming TV;Cloud Storage;Device Protection,4517.8,No
C001812,Male,50,Jawa Barat,69,Month-to-month,Standard,DSL,Yes,Yes,Yes,No,Yes,No,No,No,No,Bank transfer (auto),Yes,78.05,4327.75,122.9,1,1,2,3.1,3,5,20,5,Phone;Multiple Lines;DSL;Online Security;Streaming TV,4382.75,No
C000768,Male,46,Jabodetabek,32,One year,Standard,DSL,Yes,No,Yes,No,Yes,Yes,Yes,Yes,No,Cash/retail outlet,No,91.5,2522.11,150.6,3,1,0,1.4,1,11,15,7,Phone;DSL;Online Security;Streaming TV;Streaming Movies;Cloud Storage;Device Protection,2511.11,No
C000064,Male,31,Bali-Nusa Tenggara,52,Two year,Premium,Fiber optic,Yes,Yes,No,Yes,Yes,Yes,Yes,No,Yes,Cash/retail outlet,No,135.92,6323.04,197.4,1,0,1,3.5,3,5,10,7,Phone;Multiple Lines;Fiber optic;Tech Support;Streaming TV;Streaming Movies;Cloud Storage,6390.04,No
C001352,Male,43,Sumatera,50,Month-to-month,Standard,Fixed wireless,Yes,Yes,No,No,Yes,No,No,No,No,Virtual account,No,81.45,3915.49,81.1,0,0,2,3.5,3,14,5,4,Phone;Multiple Lines;Fixed wireless;Streaming TV,3990.49,Yes
C001744,Female,60,Sulawesi,12,Two year,Standard,Fixed wireless,Yes,No,No,No,No,Yes,No,Yes,No,Bank transfer (auto),Yes,77.13,850.05,129.5,1,0,0,3.7,1,3,10,4,Phone;Fixed wireless;Streaming Movies;Device Protection,867.05,No
C000147,Female,23,Sumatera,15,One year,Standard,None,Yes,No,No,No,No,No,No,No,Yes,E-wallet,No,40.93,566.03,,1,0,0,4.0,2,5,10,1,Phone,608.03,No
C001129,Male,48,Jabodetabek,12,Month-to-month,Basic,Fixed wireless,Yes,Yes,No,No,No,No,Yes,No,No,Cash/retail outlet,No,57.78,676.1,21.0,2,1,3,2.5,0,6,0,4,Phone;Multiple Lines;Fixed wireless;Cloud Storage,648.1,No
C001651,Male,43,Sumatera,24,Month-to-month,Basic,DSL,Yes,No,No,Yes,No,No,No,No,No,Bank transfer (auto),Yes,51.29,1081.99,88.7,0,1,0,3.2,0,7,10,3,Phone;DSL;Tech Support,1069.99,No
C001185,Male,37,Kalimantan,29,One year,Standard,Fiber optic,Yes,Yes,No,No,No,No,Yes,No,No,Credit card (auto),Yes,89.83,2485.49,63.7,1,0,0,4.2,5,11,5,4,Phone;Multiple Lines;Fiber optic;Cloud Storage,2602.49,No
C000058,Female,42,Sumatera,11,Month-to-month,Premium,Fiber optic,Yes,No,No,Yes,Yes,No,No,No,Yes,E-wallet,No,117.46,1272.07,151.4,1,1,1,3.0,1,10,0,4,Phone;Fiber optic;Tech Support;Streaming TV,1277.07,No
C000651,Male,40,Jawa Timur,35,Month-to-month,Standard,DSL,Yes,No,Yes,Yes,Yes,No,No,No,Yes,Virtual account,No,92.99,2965.75,126.6,2,0,1,3.2,2,5,10,5,Phone;DSL;Online Security;Tech Support;Streaming TV,2999.75,No
C000207,Male,29,Jawa Barat,54,Month-to-month,Basic,DSL,Yes,No,No,Yes,No,Yes,No,Yes,Yes,Virtual account,No,63.28,3483.4,45.6,1,1,1,3.4,2,12,0,5,Phone;DSL;Tech Support;Streaming Movies;Device Protection,3513.4,No
C000145,Male,49,Jawa Barat,8,Two year,Standard,Fiber optic,Yes,No,Yes,No,No,No,Yes,No,No,Cash/retail outlet,No,89.23,646.42,23.0,2,1,1,3.7,2,9,10,4,Phone;Fiber optic;Online Security;Cloud Storage,668.42,No
